[2026-06-10 17:03:01] [INFO] ───── Requête entrante ───── {"method":"GET","origin":"(none)","ip":"49.228.100.87","base_id":"appaugs4hsh3iObQG","tbl_agents":"tblrGsVbuPfuiYOtd","tbl_types":"tblKwoh1rbbOReA4e","token_hint":"patYRHbITQYMjt..."}
[2026-06-10 17:03:01] [INFO] Cache MISS — appel Airtable
[2026-06-10 17:03:01] [INFO] Airtable GET {"url":"https://api.airtable.com/v0/appaugs4hsh3iObQG/tblrGsVbuPfuiYOtd"}
[2026-06-10 17:03:04] [INFO] Airtable réponse {"http_code":200,"records":5,"error":null,"raw_preview":"{\"records\":[{\"id\":\"recCWyXh0NLw7zBfB\",\"createdTime\":\"2026-05-21T08:59:51.000Z\",\"fields\":{\"GoogleCalendarId\":\"a4f7a1684f155203185ea0459877db39f3df2778c6c563d3bdf0241fa90d7dd8@group.calendar.google.com\",\"Color\":\"#4f46e5\",\"MeetingTypes\":[\"rec45V8lwzABhzxnj\",\"reccrUdSb62CwjgdQ\",\"rec6UyAv7rbmTvmHo\"],\"WorkEnd\":18,\"Active\":true,\"WorkDays\":[\"0\",\"1\",\"2\",\"3\",\"4\",\"5\",\"6\"],\"WorkStart\":9,\"Email\":\"camillefauvea"}
[2026-06-10 17:03:04] [DEBUG] Champs premier agent brut {"fields":{"GoogleCalendarId":"a4f7a1684f155203185ea0459877db39f3df2778c6c563d3bdf0241fa90d7dd8@group.calendar.google.com","Color":"#4f46e5","MeetingTypes":["rec45V8lwzABhzxnj","reccrUdSb62CwjgdQ","rec6UyAv7rbmTvmHo"],"WorkEnd":18,"Active":true,"WorkDays":["0","1","2","3","4","5","6"],"WorkStart":9,"Email":"camillefauveau.service@gmail.com","Name":"Camille Fauveau","Role":"Ventes & Partenariats","AgentId":"camille"}}
[2026-06-10 17:03:04] [INFO] Agents filtrés {"brut":5,"actifs":3}
[2026-06-10 17:03:04] [INFO] Airtable GET {"url":"https://api.airtable.com/v0/appaugs4hsh3iObQG/tblKwoh1rbbOReA4e"}
[2026-06-10 17:03:04] [INFO] Airtable réponse {"http_code":200,"records":6,"error":null,"raw_preview":"{\"records\":[{\"id\":\"rec45V8lwzABhzxnj\",\"createdTime\":\"2026-05-21T09:00:31.000Z\",\"fields\":{\"AgentId (from AgentsIds)\":[\"camille\"],\"Order\":1,\"TypeId\":\"decouverte\",\"PlanningStatus\":\"Appel de découverte réservé\",\"Questions\":[\"reczBLconKqCBbM7L\",\"recICq5F6bjW3gg4Y\",\"recVI2Xroi3F7gajR\",\"recNk9Zn7CTIQzOyr\",\"receiIq9tYcTjRovz\"],\"AgentsIds\":[\"recCWyXh0NLw7zBfB\"],\"Description\":\"Première prise de contact "}
[2026-06-10 17:03:04] [DEBUG] Champs premier type brut {"fields":{"AgentId (from AgentsIds)":["camille"],"Order":1,"TypeId":"decouverte","PlanningStatus":"Appel de découverte réservé","Questions":["reczBLconKqCBbM7L","recICq5F6bjW3gg4Y","recVI2Xroi3F7gajR","recNk9Zn7CTIQzOyr","receiIq9tYcTjRovz"],"AgentsIds":["recCWyXh0NLw7zBfB"],"Description":"Première prise de contact et analyse de vos besoins","Color":"#7c3aed","Label":"Appel Découverte GuestLucky","Icon":"💬","Duration":30}}
[2026-06-10 17:03:04] [INFO] Types filtrés {"brut":6,"actifs":4}
[2026-06-10 17:03:04] [INFO] Airtable GET {"url":"https://api.airtable.com/v0/appaugs4hsh3iObQG/tbls6HegQyAgFGWIH"}
[2026-06-10 17:03:05] [INFO] Airtable réponse {"http_code":200,"records":20,"error":null,"raw_preview":"{\"records\":[{\"id\":\"rec0H41i2V8jHzPsv\",\"createdTime\":\"2026-05-21T20:46:06.000Z\",\"fields\":{\"Question\":\"Quel outil utilisez-vous actuellement ?\",\"TypeId RecordID\":\"rec0H41i2V8jHzPsv\",\"Required\":true,\"FieldType\":\"single_choice\",\"Order\":2,\"Options\":\"SuperHote, Smoobu, Hostaway, Lodgify, Aucun, Autre\",\"MeetingTypes\":[\"reccrUdSb62CwjgdQ\"],\"TypeId\":[\"demo\"]}},{\"id\":\"rec46qcr9aIeN0kuP\",\"createdTime\":\"2026-"}
[2026-06-10 17:03:05] [INFO] Questions fetch {"count":20}
[2026-06-10 17:03:05] [INFO] Réponse finale {"agents":3,"meetingTypes":4}
[2026-06-10 17:18:26] [INFO] ───── Requête entrante ───── {"method":"GET","origin":"(none)","ip":"109.223.4.154","base_id":"appaugs4hsh3iObQG","tbl_agents":"tblrGsVbuPfuiYOtd","tbl_types":"tblKwoh1rbbOReA4e","token_hint":"patYRHbITQYMjt..."}
[2026-06-10 17:18:26] [INFO] Cache MISS — appel Airtable
[2026-06-10 17:18:26] [INFO] Airtable GET {"url":"https://api.airtable.com/v0/appaugs4hsh3iObQG/tblrGsVbuPfuiYOtd"}
[2026-06-10 17:18:27] [INFO] Airtable réponse {"http_code":200,"records":5,"error":null,"raw_preview":"{\"records\":[{\"id\":\"recCWyXh0NLw7zBfB\",\"createdTime\":\"2026-05-21T08:59:51.000Z\",\"fields\":{\"GoogleCalendarId\":\"a4f7a1684f155203185ea0459877db39f3df2778c6c563d3bdf0241fa90d7dd8@group.calendar.google.com\",\"Color\":\"#4f46e5\",\"MeetingTypes\":[\"rec45V8lwzABhzxnj\",\"reccrUdSb62CwjgdQ\",\"rec6UyAv7rbmTvmHo\"],\"WorkEnd\":18,\"Active\":true,\"WorkDays\":[\"0\",\"1\",\"2\",\"3\",\"4\",\"5\",\"6\"],\"WorkStart\":9,\"Email\":\"camillefauvea"}
[2026-06-10 17:18:27] [DEBUG] Champs premier agent brut {"fields":{"GoogleCalendarId":"a4f7a1684f155203185ea0459877db39f3df2778c6c563d3bdf0241fa90d7dd8@group.calendar.google.com","Color":"#4f46e5","MeetingTypes":["rec45V8lwzABhzxnj","reccrUdSb62CwjgdQ","rec6UyAv7rbmTvmHo"],"WorkEnd":18,"Active":true,"WorkDays":["0","1","2","3","4","5","6"],"WorkStart":9,"Email":"camillefauveau.service@gmail.com","Name":"Camille Fauveau","Role":"Ventes & Partenariats","AgentId":"camille"}}
[2026-06-10 17:18:27] [INFO] Agents filtrés {"brut":5,"actifs":3}
[2026-06-10 17:18:27] [INFO] Airtable GET {"url":"https://api.airtable.com/v0/appaugs4hsh3iObQG/tblKwoh1rbbOReA4e"}
[2026-06-10 17:18:27] [INFO] Airtable réponse {"http_code":200,"records":6,"error":null,"raw_preview":"{\"records\":[{\"id\":\"rec45V8lwzABhzxnj\",\"createdTime\":\"2026-05-21T09:00:31.000Z\",\"fields\":{\"AgentId (from AgentsIds)\":[\"camille\"],\"Order\":1,\"TypeId\":\"decouverte\",\"PlanningStatus\":\"Appel de découverte réservé\",\"Questions\":[\"reczBLconKqCBbM7L\",\"recICq5F6bjW3gg4Y\",\"recVI2Xroi3F7gajR\",\"recNk9Zn7CTIQzOyr\",\"receiIq9tYcTjRovz\"],\"AgentsIds\":[\"recCWyXh0NLw7zBfB\"],\"Description\":\"Première prise de contact "}
[2026-06-10 17:18:27] [DEBUG] Champs premier type brut {"fields":{"AgentId (from AgentsIds)":["camille"],"Order":1,"TypeId":"decouverte","PlanningStatus":"Appel de découverte réservé","Questions":["reczBLconKqCBbM7L","recICq5F6bjW3gg4Y","recVI2Xroi3F7gajR","recNk9Zn7CTIQzOyr","receiIq9tYcTjRovz"],"AgentsIds":["recCWyXh0NLw7zBfB"],"Description":"Première prise de contact et analyse de vos besoins","Color":"#7c3aed","Label":"Appel Découverte GuestLucky","Icon":"💬","Duration":30}}
[2026-06-10 17:18:27] [INFO] Types filtrés {"brut":6,"actifs":4}
[2026-06-10 17:18:27] [INFO] Airtable GET {"url":"https://api.airtable.com/v0/appaugs4hsh3iObQG/tbls6HegQyAgFGWIH"}
[2026-06-10 17:18:28] [INFO] Airtable réponse {"http_code":200,"records":20,"error":null,"raw_preview":"{\"records\":[{\"id\":\"rec0H41i2V8jHzPsv\",\"createdTime\":\"2026-05-21T20:46:06.000Z\",\"fields\":{\"Question\":\"Quel outil utilisez-vous actuellement ?\",\"TypeId RecordID\":\"rec0H41i2V8jHzPsv\",\"Required\":true,\"FieldType\":\"single_choice\",\"Order\":2,\"Options\":\"SuperHote, Smoobu, Hostaway, Lodgify, Aucun, Autre\",\"MeetingTypes\":[\"reccrUdSb62CwjgdQ\"],\"TypeId\":[\"demo\"]}},{\"id\":\"rec46qcr9aIeN0kuP\",\"createdTime\":\"2026-"}
[2026-06-10 17:18:28] [INFO] Questions fetch {"count":20}
[2026-06-10 17:18:28] [INFO] Réponse finale {"agents":3,"meetingTypes":4}
[2026-06-10 18:32:48] [INFO] ───── Requête entrante ───── {"method":"GET","origin":"(none)","ip":"90.16.9.21","base_id":"appaugs4hsh3iObQG","tbl_agents":"tblrGsVbuPfuiYOtd","tbl_types":"tblKwoh1rbbOReA4e","token_hint":"patYRHbITQYMjt..."}
[2026-06-10 18:32:48] [INFO] Cache MISS — appel Airtable
[2026-06-10 18:32:48] [INFO] Airtable GET {"url":"https://api.airtable.com/v0/appaugs4hsh3iObQG/tblrGsVbuPfuiYOtd"}
[2026-06-10 18:32:51] [INFO] Airtable réponse {"http_code":200,"records":5,"error":null,"raw_preview":"{\"records\":[{\"id\":\"recCWyXh0NLw7zBfB\",\"createdTime\":\"2026-05-21T08:59:51.000Z\",\"fields\":{\"GoogleCalendarId\":\"a4f7a1684f155203185ea0459877db39f3df2778c6c563d3bdf0241fa90d7dd8@group.calendar.google.com\",\"Color\":\"#4f46e5\",\"MeetingTypes\":[\"rec45V8lwzABhzxnj\",\"reccrUdSb62CwjgdQ\",\"rec6UyAv7rbmTvmHo\"],\"WorkEnd\":18,\"Active\":true,\"WorkDays\":[\"0\",\"1\",\"2\",\"3\",\"4\",\"5\",\"6\"],\"WorkStart\":9,\"Email\":\"camillefauvea"}
[2026-06-10 18:32:51] [DEBUG] Champs premier agent brut {"fields":{"GoogleCalendarId":"a4f7a1684f155203185ea0459877db39f3df2778c6c563d3bdf0241fa90d7dd8@group.calendar.google.com","Color":"#4f46e5","MeetingTypes":["rec45V8lwzABhzxnj","reccrUdSb62CwjgdQ","rec6UyAv7rbmTvmHo"],"WorkEnd":18,"Active":true,"WorkDays":["0","1","2","3","4","5","6"],"WorkStart":9,"Email":"camillefauveau.service@gmail.com","Name":"Camille Fauveau","Role":"Ventes & Partenariats","AgentId":"camille"}}
[2026-06-10 18:32:51] [INFO] Agents filtrés {"brut":5,"actifs":3}
[2026-06-10 18:32:51] [INFO] Airtable GET {"url":"https://api.airtable.com/v0/appaugs4hsh3iObQG/tblKwoh1rbbOReA4e"}
[2026-06-10 18:32:51] [INFO] Airtable réponse {"http_code":200,"records":6,"error":null,"raw_preview":"{\"records\":[{\"id\":\"rec45V8lwzABhzxnj\",\"createdTime\":\"2026-05-21T09:00:31.000Z\",\"fields\":{\"AgentId (from AgentsIds)\":[\"camille\"],\"Order\":1,\"TypeId\":\"decouverte\",\"PlanningStatus\":\"Appel de découverte réservé\",\"Questions\":[\"reczBLconKqCBbM7L\",\"recICq5F6bjW3gg4Y\",\"recVI2Xroi3F7gajR\",\"recNk9Zn7CTIQzOyr\",\"receiIq9tYcTjRovz\"],\"AgentsIds\":[\"recCWyXh0NLw7zBfB\"],\"Description\":\"Première prise de contact "}
[2026-06-10 18:32:51] [DEBUG] Champs premier type brut {"fields":{"AgentId (from AgentsIds)":["camille"],"Order":1,"TypeId":"decouverte","PlanningStatus":"Appel de découverte réservé","Questions":["reczBLconKqCBbM7L","recICq5F6bjW3gg4Y","recVI2Xroi3F7gajR","recNk9Zn7CTIQzOyr","receiIq9tYcTjRovz"],"AgentsIds":["recCWyXh0NLw7zBfB"],"Description":"Première prise de contact et analyse de vos besoins","Color":"#7c3aed","Label":"Appel Découverte GuestLucky","Icon":"💬","Duration":30}}
[2026-06-10 18:32:51] [INFO] Types filtrés {"brut":6,"actifs":4}
[2026-06-10 18:32:51] [INFO] Airtable GET {"url":"https://api.airtable.com/v0/appaugs4hsh3iObQG/tbls6HegQyAgFGWIH"}
[2026-06-10 18:32:52] [INFO] Airtable réponse {"http_code":200,"records":20,"error":null,"raw_preview":"{\"records\":[{\"id\":\"rec0H41i2V8jHzPsv\",\"createdTime\":\"2026-05-21T20:46:06.000Z\",\"fields\":{\"Question\":\"Quel outil utilisez-vous actuellement ?\",\"TypeId RecordID\":\"rec0H41i2V8jHzPsv\",\"Required\":true,\"FieldType\":\"single_choice\",\"Order\":2,\"Options\":\"SuperHote, Smoobu, Hostaway, Lodgify, Aucun, Autre\",\"MeetingTypes\":[\"reccrUdSb62CwjgdQ\"],\"TypeId\":[\"demo\"]}},{\"id\":\"rec46qcr9aIeN0kuP\",\"createdTime\":\"2026-"}
[2026-06-10 18:32:52] [INFO] Questions fetch {"count":20}
[2026-06-10 18:32:52] [INFO] Réponse finale {"agents":3,"meetingTypes":4}
[2026-06-10 18:49:00] [INFO] ───── Requête entrante ───── {"method":"GET","origin":"(none)","ip":"109.223.4.154","base_id":"appaugs4hsh3iObQG","tbl_agents":"tblrGsVbuPfuiYOtd","tbl_types":"tblKwoh1rbbOReA4e","token_hint":"patYRHbITQYMjt..."}
[2026-06-10 18:49:00] [INFO] Cache MISS — appel Airtable
[2026-06-10 18:49:00] [INFO] Airtable GET {"url":"https://api.airtable.com/v0/appaugs4hsh3iObQG/tblrGsVbuPfuiYOtd"}
[2026-06-10 18:49:02] [INFO] Airtable réponse {"http_code":200,"records":5,"error":null,"raw_preview":"{\"records\":[{\"id\":\"recCWyXh0NLw7zBfB\",\"createdTime\":\"2026-05-21T08:59:51.000Z\",\"fields\":{\"GoogleCalendarId\":\"a4f7a1684f155203185ea0459877db39f3df2778c6c563d3bdf0241fa90d7dd8@group.calendar.google.com\",\"Color\":\"#4f46e5\",\"MeetingTypes\":[\"rec45V8lwzABhzxnj\",\"reccrUdSb62CwjgdQ\",\"rec6UyAv7rbmTvmHo\"],\"WorkEnd\":18,\"Active\":true,\"WorkDays\":[\"0\",\"1\",\"2\",\"3\",\"4\",\"5\",\"6\"],\"WorkStart\":9,\"Email\":\"camillefauvea"}
[2026-06-10 18:49:02] [DEBUG] Champs premier agent brut {"fields":{"GoogleCalendarId":"a4f7a1684f155203185ea0459877db39f3df2778c6c563d3bdf0241fa90d7dd8@group.calendar.google.com","Color":"#4f46e5","MeetingTypes":["rec45V8lwzABhzxnj","reccrUdSb62CwjgdQ","rec6UyAv7rbmTvmHo"],"WorkEnd":18,"Active":true,"WorkDays":["0","1","2","3","4","5","6"],"WorkStart":9,"Email":"camillefauveau.service@gmail.com","Name":"Camille Fauveau","Role":"Ventes & Partenariats","AgentId":"camille"}}
[2026-06-10 18:49:02] [INFO] Agents filtrés {"brut":5,"actifs":3}
[2026-06-10 18:49:02] [INFO] Airtable GET {"url":"https://api.airtable.com/v0/appaugs4hsh3iObQG/tblKwoh1rbbOReA4e"}
[2026-06-10 18:49:03] [INFO] Airtable réponse {"http_code":200,"records":6,"error":null,"raw_preview":"{\"records\":[{\"id\":\"rec45V8lwzABhzxnj\",\"createdTime\":\"2026-05-21T09:00:31.000Z\",\"fields\":{\"AgentId (from AgentsIds)\":[\"camille\"],\"Order\":1,\"TypeId\":\"decouverte\",\"PlanningStatus\":\"Appel de découverte réservé\",\"Questions\":[\"reczBLconKqCBbM7L\",\"recICq5F6bjW3gg4Y\",\"recVI2Xroi3F7gajR\",\"recNk9Zn7CTIQzOyr\",\"receiIq9tYcTjRovz\"],\"AgentsIds\":[\"recCWyXh0NLw7zBfB\"],\"Description\":\"Première prise de contact "}
[2026-06-10 18:49:03] [DEBUG] Champs premier type brut {"fields":{"AgentId (from AgentsIds)":["camille"],"Order":1,"TypeId":"decouverte","PlanningStatus":"Appel de découverte réservé","Questions":["reczBLconKqCBbM7L","recICq5F6bjW3gg4Y","recVI2Xroi3F7gajR","recNk9Zn7CTIQzOyr","receiIq9tYcTjRovz"],"AgentsIds":["recCWyXh0NLw7zBfB"],"Description":"Première prise de contact et analyse de vos besoins","Color":"#7c3aed","Label":"Appel Découverte GuestLucky","Icon":"💬","Duration":30}}
[2026-06-10 18:49:03] [INFO] Types filtrés {"brut":6,"actifs":4}
[2026-06-10 18:49:03] [INFO] Airtable GET {"url":"https://api.airtable.com/v0/appaugs4hsh3iObQG/tbls6HegQyAgFGWIH"}
[2026-06-10 18:49:03] [INFO] Airtable réponse {"http_code":200,"records":20,"error":null,"raw_preview":"{\"records\":[{\"id\":\"rec0H41i2V8jHzPsv\",\"createdTime\":\"2026-05-21T20:46:06.000Z\",\"fields\":{\"Question\":\"Quel outil utilisez-vous actuellement ?\",\"TypeId RecordID\":\"rec0H41i2V8jHzPsv\",\"Required\":true,\"FieldType\":\"single_choice\",\"Order\":2,\"Options\":\"SuperHote, Smoobu, Hostaway, Lodgify, Aucun, Autre\",\"MeetingTypes\":[\"reccrUdSb62CwjgdQ\"],\"TypeId\":[\"demo\"]}},{\"id\":\"rec46qcr9aIeN0kuP\",\"createdTime\":\"2026-"}
[2026-06-10 18:49:03] [INFO] Questions fetch {"count":20}
[2026-06-10 18:49:03] [INFO] Réponse finale {"agents":3,"meetingTypes":4}
[2026-06-10 18:59:41] [INFO] ───── Requête entrante ───── {"method":"GET","origin":"(none)","ip":"109.223.4.154","base_id":"appaugs4hsh3iObQG","tbl_agents":"tblrGsVbuPfuiYOtd","tbl_types":"tblKwoh1rbbOReA4e","token_hint":"patYRHbITQYMjt..."}
[2026-06-10 18:59:41] [INFO] Cache MISS — appel Airtable
[2026-06-10 18:59:41] [INFO] Airtable GET {"url":"https://api.airtable.com/v0/appaugs4hsh3iObQG/tblrGsVbuPfuiYOtd"}
[2026-06-10 18:59:42] [INFO] Airtable réponse {"http_code":200,"records":5,"error":null,"raw_preview":"{\"records\":[{\"id\":\"recCWyXh0NLw7zBfB\",\"createdTime\":\"2026-05-21T08:59:51.000Z\",\"fields\":{\"GoogleCalendarId\":\"a4f7a1684f155203185ea0459877db39f3df2778c6c563d3bdf0241fa90d7dd8@group.calendar.google.com\",\"Color\":\"#4f46e5\",\"MeetingTypes\":[\"rec45V8lwzABhzxnj\",\"reccrUdSb62CwjgdQ\",\"rec6UyAv7rbmTvmHo\"],\"WorkEnd\":18,\"Active\":true,\"WorkDays\":[\"0\",\"1\",\"2\",\"3\",\"4\",\"5\",\"6\"],\"WorkStart\":9,\"Email\":\"camillefauvea"}
[2026-06-10 18:59:42] [DEBUG] Champs premier agent brut {"fields":{"GoogleCalendarId":"a4f7a1684f155203185ea0459877db39f3df2778c6c563d3bdf0241fa90d7dd8@group.calendar.google.com","Color":"#4f46e5","MeetingTypes":["rec45V8lwzABhzxnj","reccrUdSb62CwjgdQ","rec6UyAv7rbmTvmHo"],"WorkEnd":18,"Active":true,"WorkDays":["0","1","2","3","4","5","6"],"WorkStart":9,"Email":"camillefauveau.service@gmail.com","Name":"Camille Fauveau","Role":"Ventes & Partenariats","AgentId":"camille"}}
[2026-06-10 18:59:42] [INFO] Agents filtrés {"brut":5,"actifs":3}
[2026-06-10 18:59:42] [INFO] Airtable GET {"url":"https://api.airtable.com/v0/appaugs4hsh3iObQG/tblKwoh1rbbOReA4e"}
[2026-06-10 18:59:42] [INFO] Airtable réponse {"http_code":200,"records":6,"error":null,"raw_preview":"{\"records\":[{\"id\":\"rec45V8lwzABhzxnj\",\"createdTime\":\"2026-05-21T09:00:31.000Z\",\"fields\":{\"AgentId (from AgentsIds)\":[\"camille\"],\"Order\":1,\"TypeId\":\"decouverte\",\"PlanningStatus\":\"Appel de découverte réservé\",\"Questions\":[\"reczBLconKqCBbM7L\",\"recICq5F6bjW3gg4Y\",\"recVI2Xroi3F7gajR\",\"recNk9Zn7CTIQzOyr\",\"receiIq9tYcTjRovz\"],\"AgentsIds\":[\"recCWyXh0NLw7zBfB\"],\"Description\":\"Première prise de contact "}
[2026-06-10 18:59:42] [DEBUG] Champs premier type brut {"fields":{"AgentId (from AgentsIds)":["camille"],"Order":1,"TypeId":"decouverte","PlanningStatus":"Appel de découverte réservé","Questions":["reczBLconKqCBbM7L","recICq5F6bjW3gg4Y","recVI2Xroi3F7gajR","recNk9Zn7CTIQzOyr","receiIq9tYcTjRovz"],"AgentsIds":["recCWyXh0NLw7zBfB"],"Description":"Première prise de contact et analyse de vos besoins","Color":"#7c3aed","Label":"Appel Découverte GuestLucky","Icon":"💬","Duration":30}}
[2026-06-10 18:59:42] [INFO] Types filtrés {"brut":6,"actifs":4}
[2026-06-10 18:59:42] [INFO] Airtable GET {"url":"https://api.airtable.com/v0/appaugs4hsh3iObQG/tbls6HegQyAgFGWIH"}
[2026-06-10 18:59:43] [INFO] Airtable réponse {"http_code":200,"records":20,"error":null,"raw_preview":"{\"records\":[{\"id\":\"rec0H41i2V8jHzPsv\",\"createdTime\":\"2026-05-21T20:46:06.000Z\",\"fields\":{\"Question\":\"Quel outil utilisez-vous actuellement ?\",\"TypeId RecordID\":\"rec0H41i2V8jHzPsv\",\"Required\":true,\"FieldType\":\"single_choice\",\"Order\":2,\"Options\":\"SuperHote, Smoobu, Hostaway, Lodgify, Aucun, Autre\",\"MeetingTypes\":[\"reccrUdSb62CwjgdQ\"],\"TypeId\":[\"demo\"]}},{\"id\":\"rec46qcr9aIeN0kuP\",\"createdTime\":\"2026-"}
[2026-06-10 18:59:43] [INFO] Questions fetch {"count":20}
[2026-06-10 18:59:43] [INFO] Réponse finale {"agents":3,"meetingTypes":4}
[2026-06-10 19:11:56] [INFO] ───── Requête entrante ───── {"method":"GET","origin":"(none)","ip":"109.223.4.154","base_id":"appaugs4hsh3iObQG","tbl_agents":"tblrGsVbuPfuiYOtd","tbl_types":"tblKwoh1rbbOReA4e","token_hint":"patYRHbITQYMjt..."}
[2026-06-10 19:11:56] [INFO] Cache MISS — appel Airtable
[2026-06-10 19:11:56] [INFO] Airtable GET {"url":"https://api.airtable.com/v0/appaugs4hsh3iObQG/tblrGsVbuPfuiYOtd"}
[2026-06-10 19:11:56] [INFO] Airtable réponse {"http_code":200,"records":5,"error":null,"raw_preview":"{\"records\":[{\"id\":\"recCWyXh0NLw7zBfB\",\"createdTime\":\"2026-05-21T08:59:51.000Z\",\"fields\":{\"GoogleCalendarId\":\"a4f7a1684f155203185ea0459877db39f3df2778c6c563d3bdf0241fa90d7dd8@group.calendar.google.com\",\"Color\":\"#4f46e5\",\"MeetingTypes\":[\"rec45V8lwzABhzxnj\",\"reccrUdSb62CwjgdQ\",\"rec6UyAv7rbmTvmHo\"],\"WorkEnd\":18,\"Active\":true,\"WorkDays\":[\"0\",\"1\",\"2\",\"3\",\"4\",\"5\",\"6\"],\"WorkStart\":9,\"Email\":\"camillefauvea"}
[2026-06-10 19:11:56] [DEBUG] Champs premier agent brut {"fields":{"GoogleCalendarId":"a4f7a1684f155203185ea0459877db39f3df2778c6c563d3bdf0241fa90d7dd8@group.calendar.google.com","Color":"#4f46e5","MeetingTypes":["rec45V8lwzABhzxnj","reccrUdSb62CwjgdQ","rec6UyAv7rbmTvmHo"],"WorkEnd":18,"Active":true,"WorkDays":["0","1","2","3","4","5","6"],"WorkStart":9,"Email":"camillefauveau.service@gmail.com","Name":"Camille Fauveau","Role":"Ventes & Partenariats","AgentId":"camille"}}
[2026-06-10 19:11:56] [INFO] Agents filtrés {"brut":5,"actifs":3}
[2026-06-10 19:11:56] [INFO] Airtable GET {"url":"https://api.airtable.com/v0/appaugs4hsh3iObQG/tblKwoh1rbbOReA4e"}
[2026-06-10 19:11:57] [INFO] Airtable réponse {"http_code":200,"records":6,"error":null,"raw_preview":"{\"records\":[{\"id\":\"rec45V8lwzABhzxnj\",\"createdTime\":\"2026-05-21T09:00:31.000Z\",\"fields\":{\"AgentId (from AgentsIds)\":[\"camille\"],\"Order\":1,\"TypeId\":\"decouverte\",\"PlanningStatus\":\"Appel de découverte réservé\",\"Questions\":[\"reczBLconKqCBbM7L\",\"recICq5F6bjW3gg4Y\",\"recVI2Xroi3F7gajR\",\"recNk9Zn7CTIQzOyr\",\"receiIq9tYcTjRovz\"],\"AgentsIds\":[\"recCWyXh0NLw7zBfB\"],\"Description\":\"Première prise de contact "}
[2026-06-10 19:11:57] [DEBUG] Champs premier type brut {"fields":{"AgentId (from AgentsIds)":["camille"],"Order":1,"TypeId":"decouverte","PlanningStatus":"Appel de découverte réservé","Questions":["reczBLconKqCBbM7L","recICq5F6bjW3gg4Y","recVI2Xroi3F7gajR","recNk9Zn7CTIQzOyr","receiIq9tYcTjRovz"],"AgentsIds":["recCWyXh0NLw7zBfB"],"Description":"Première prise de contact et analyse de vos besoins","Color":"#7c3aed","Label":"Appel Découverte GuestLucky","Icon":"💬","Duration":30}}
[2026-06-10 19:11:57] [INFO] Types filtrés {"brut":6,"actifs":4}
[2026-06-10 19:11:57] [INFO] Airtable GET {"url":"https://api.airtable.com/v0/appaugs4hsh3iObQG/tbls6HegQyAgFGWIH"}
[2026-06-10 19:11:57] [INFO] Airtable réponse {"http_code":200,"records":20,"error":null,"raw_preview":"{\"records\":[{\"id\":\"rec0H41i2V8jHzPsv\",\"createdTime\":\"2026-05-21T20:46:06.000Z\",\"fields\":{\"Question\":\"Quel outil utilisez-vous actuellement ?\",\"TypeId RecordID\":\"rec0H41i2V8jHzPsv\",\"Required\":true,\"FieldType\":\"single_choice\",\"Order\":2,\"Options\":\"SuperHote, Smoobu, Hostaway, Lodgify, Aucun, Autre\",\"MeetingTypes\":[\"reccrUdSb62CwjgdQ\"],\"TypeId\":[\"demo\"]}},{\"id\":\"rec46qcr9aIeN0kuP\",\"createdTime\":\"2026-"}
[2026-06-10 19:11:57] [INFO] Questions fetch {"count":20}
[2026-06-10 19:11:57] [INFO] Réponse finale {"agents":3,"meetingTypes":4}
[2026-06-11 00:18:19] [INFO] ───── Requête entrante ───── {"method":"GET","origin":"(none)","ip":"45.80.184.184","base_id":"appaugs4hsh3iObQG","tbl_agents":"tblrGsVbuPfuiYOtd","tbl_types":"tblKwoh1rbbOReA4e","token_hint":"patYRHbITQYMjt..."}
[2026-06-11 00:18:19] [INFO] Cache MISS — appel Airtable
[2026-06-11 00:18:19] [INFO] Airtable GET {"url":"https://api.airtable.com/v0/appaugs4hsh3iObQG/tblrGsVbuPfuiYOtd"}
[2026-06-11 00:18:21] [INFO] Airtable réponse {"http_code":200,"records":5,"error":null,"raw_preview":"{\"records\":[{\"id\":\"recCWyXh0NLw7zBfB\",\"createdTime\":\"2026-05-21T08:59:51.000Z\",\"fields\":{\"GoogleCalendarId\":\"a4f7a1684f155203185ea0459877db39f3df2778c6c563d3bdf0241fa90d7dd8@group.calendar.google.com\",\"Color\":\"#4f46e5\",\"MeetingTypes\":[\"rec45V8lwzABhzxnj\",\"reccrUdSb62CwjgdQ\",\"rec6UyAv7rbmTvmHo\"],\"WorkEnd\":18,\"Active\":true,\"WorkDays\":[\"0\",\"1\",\"2\",\"3\",\"4\",\"5\",\"6\"],\"WorkStart\":9,\"Email\":\"camillefauvea"}
[2026-06-11 00:18:21] [DEBUG] Champs premier agent brut {"fields":{"GoogleCalendarId":"a4f7a1684f155203185ea0459877db39f3df2778c6c563d3bdf0241fa90d7dd8@group.calendar.google.com","Color":"#4f46e5","MeetingTypes":["rec45V8lwzABhzxnj","reccrUdSb62CwjgdQ","rec6UyAv7rbmTvmHo"],"WorkEnd":18,"Active":true,"WorkDays":["0","1","2","3","4","5","6"],"WorkStart":9,"Email":"camillefauveau.service@gmail.com","Name":"Camille Fauveau","Role":"Ventes & Partenariats","AgentId":"camille"}}
[2026-06-11 00:18:21] [INFO] Agents filtrés {"brut":5,"actifs":3}
[2026-06-11 00:18:21] [INFO] Airtable GET {"url":"https://api.airtable.com/v0/appaugs4hsh3iObQG/tblKwoh1rbbOReA4e"}
[2026-06-11 00:18:22] [INFO] Airtable réponse {"http_code":200,"records":6,"error":null,"raw_preview":"{\"records\":[{\"id\":\"rec45V8lwzABhzxnj\",\"createdTime\":\"2026-05-21T09:00:31.000Z\",\"fields\":{\"AgentId (from AgentsIds)\":[\"camille\"],\"Order\":1,\"TypeId\":\"decouverte\",\"PlanningStatus\":\"Appel de découverte réservé\",\"Questions\":[\"reczBLconKqCBbM7L\",\"recICq5F6bjW3gg4Y\",\"recVI2Xroi3F7gajR\",\"recNk9Zn7CTIQzOyr\",\"receiIq9tYcTjRovz\"],\"AgentsIds\":[\"recCWyXh0NLw7zBfB\"],\"Description\":\"Première prise de contact "}
[2026-06-11 00:18:22] [DEBUG] Champs premier type brut {"fields":{"AgentId (from AgentsIds)":["camille"],"Order":1,"TypeId":"decouverte","PlanningStatus":"Appel de découverte réservé","Questions":["reczBLconKqCBbM7L","recICq5F6bjW3gg4Y","recVI2Xroi3F7gajR","recNk9Zn7CTIQzOyr","receiIq9tYcTjRovz"],"AgentsIds":["recCWyXh0NLw7zBfB"],"Description":"Première prise de contact et analyse de vos besoins","Color":"#7c3aed","Label":"Appel Découverte GuestLucky","Icon":"💬","Duration":30}}
[2026-06-11 00:18:22] [INFO] Types filtrés {"brut":6,"actifs":4}
[2026-06-11 00:18:22] [INFO] Airtable GET {"url":"https://api.airtable.com/v0/appaugs4hsh3iObQG/tbls6HegQyAgFGWIH"}
[2026-06-11 00:18:22] [INFO] Airtable réponse {"http_code":200,"records":20,"error":null,"raw_preview":"{\"records\":[{\"id\":\"rec0H41i2V8jHzPsv\",\"createdTime\":\"2026-05-21T20:46:06.000Z\",\"fields\":{\"Question\":\"Quel outil utilisez-vous actuellement ?\",\"TypeId RecordID\":\"rec0H41i2V8jHzPsv\",\"Required\":true,\"FieldType\":\"single_choice\",\"Order\":2,\"Options\":\"SuperHote, Smoobu, Hostaway, Lodgify, Aucun, Autre\",\"MeetingTypes\":[\"reccrUdSb62CwjgdQ\"],\"TypeId\":[\"demo\"]}},{\"id\":\"rec46qcr9aIeN0kuP\",\"createdTime\":\"2026-"}
[2026-06-11 00:18:22] [INFO] Questions fetch {"count":20}
[2026-06-11 00:18:22] [INFO] Réponse finale {"agents":3,"meetingTypes":4}
[2026-06-11 09:07:42] [INFO] ───── Requête entrante ───── {"method":"GET","origin":"(none)","ip":"49.228.103.21","base_id":"appaugs4hsh3iObQG","tbl_agents":"tblrGsVbuPfuiYOtd","tbl_types":"tblKwoh1rbbOReA4e","token_hint":"patYRHbITQYMjt..."}
[2026-06-11 09:07:42] [INFO] Cache MISS — appel Airtable
[2026-06-11 09:07:42] [INFO] Airtable GET {"url":"https://api.airtable.com/v0/appaugs4hsh3iObQG/tblrGsVbuPfuiYOtd"}
[2026-06-11 09:07:44] [INFO] Airtable réponse {"http_code":200,"records":5,"error":null,"raw_preview":"{\"records\":[{\"id\":\"recCWyXh0NLw7zBfB\",\"createdTime\":\"2026-05-21T08:59:51.000Z\",\"fields\":{\"GoogleCalendarId\":\"a4f7a1684f155203185ea0459877db39f3df2778c6c563d3bdf0241fa90d7dd8@group.calendar.google.com\",\"Color\":\"#4f46e5\",\"MeetingTypes\":[\"rec45V8lwzABhzxnj\",\"reccrUdSb62CwjgdQ\",\"rec6UyAv7rbmTvmHo\"],\"WorkEnd\":18,\"Active\":true,\"WorkDays\":[\"0\",\"1\",\"2\",\"3\",\"4\",\"5\",\"6\"],\"WorkStart\":9,\"Email\":\"camillefauvea"}
[2026-06-11 09:07:44] [DEBUG] Champs premier agent brut {"fields":{"GoogleCalendarId":"a4f7a1684f155203185ea0459877db39f3df2778c6c563d3bdf0241fa90d7dd8@group.calendar.google.com","Color":"#4f46e5","MeetingTypes":["rec45V8lwzABhzxnj","reccrUdSb62CwjgdQ","rec6UyAv7rbmTvmHo"],"WorkEnd":18,"Active":true,"WorkDays":["0","1","2","3","4","5","6"],"WorkStart":9,"Email":"camillefauveau.service@gmail.com","Name":"Camille Fauveau","Role":"Ventes & Partenariats","AgentId":"camille"}}
[2026-06-11 09:07:44] [INFO] Agents filtrés {"brut":5,"actifs":3}
[2026-06-11 09:07:44] [INFO] Airtable GET {"url":"https://api.airtable.com/v0/appaugs4hsh3iObQG/tblKwoh1rbbOReA4e"}
[2026-06-11 09:07:45] [INFO] Airtable réponse {"http_code":200,"records":6,"error":null,"raw_preview":"{\"records\":[{\"id\":\"rec45V8lwzABhzxnj\",\"createdTime\":\"2026-05-21T09:00:31.000Z\",\"fields\":{\"AgentId (from AgentsIds)\":[\"camille\"],\"Order\":1,\"TypeId\":\"decouverte\",\"PlanningStatus\":\"Appel de découverte réservé\",\"Questions\":[\"reczBLconKqCBbM7L\",\"recICq5F6bjW3gg4Y\",\"recVI2Xroi3F7gajR\",\"recNk9Zn7CTIQzOyr\",\"receiIq9tYcTjRovz\"],\"AgentsIds\":[\"recCWyXh0NLw7zBfB\"],\"Description\":\"Première prise de contact "}
[2026-06-11 09:07:45] [DEBUG] Champs premier type brut {"fields":{"AgentId (from AgentsIds)":["camille"],"Order":1,"TypeId":"decouverte","PlanningStatus":"Appel de découverte réservé","Questions":["reczBLconKqCBbM7L","recICq5F6bjW3gg4Y","recVI2Xroi3F7gajR","recNk9Zn7CTIQzOyr","receiIq9tYcTjRovz"],"AgentsIds":["recCWyXh0NLw7zBfB"],"Description":"Première prise de contact et analyse de vos besoins","Color":"#7c3aed","Label":"Appel Découverte GuestLucky","Icon":"💬","Duration":30}}
[2026-06-11 09:07:45] [INFO] Types filtrés {"brut":6,"actifs":4}
[2026-06-11 09:07:45] [INFO] Airtable GET {"url":"https://api.airtable.com/v0/appaugs4hsh3iObQG/tbls6HegQyAgFGWIH"}
[2026-06-11 09:07:45] [INFO] Airtable réponse {"http_code":200,"records":20,"error":null,"raw_preview":"{\"records\":[{\"id\":\"rec0H41i2V8jHzPsv\",\"createdTime\":\"2026-05-21T20:46:06.000Z\",\"fields\":{\"Question\":\"Quel outil utilisez-vous actuellement ?\",\"TypeId RecordID\":\"rec0H41i2V8jHzPsv\",\"Required\":true,\"FieldType\":\"single_choice\",\"Order\":2,\"Options\":\"SuperHote, Smoobu, Hostaway, Lodgify, Aucun, Autre\",\"MeetingTypes\":[\"reccrUdSb62CwjgdQ\"],\"TypeId\":[\"demo\"]}},{\"id\":\"rec46qcr9aIeN0kuP\",\"createdTime\":\"2026-"}
[2026-06-11 09:07:45] [INFO] Questions fetch {"count":20}
[2026-06-11 09:07:45] [INFO] Réponse finale {"agents":3,"meetingTypes":4}
[2026-06-11 10:57:06] [INFO] ───── Requête entrante ───── {"method":"GET","origin":"(none)","ip":"88.138.73.27","base_id":"appaugs4hsh3iObQG","tbl_agents":"tblrGsVbuPfuiYOtd","tbl_types":"tblKwoh1rbbOReA4e","token_hint":"patYRHbITQYMjt..."}
[2026-06-11 10:57:06] [INFO] Cache MISS — appel Airtable
[2026-06-11 10:57:06] [INFO] Airtable GET {"url":"https://api.airtable.com/v0/appaugs4hsh3iObQG/tblrGsVbuPfuiYOtd"}
[2026-06-11 10:57:09] [INFO] Airtable réponse {"http_code":200,"records":5,"error":null,"raw_preview":"{\"records\":[{\"id\":\"recCWyXh0NLw7zBfB\",\"createdTime\":\"2026-05-21T08:59:51.000Z\",\"fields\":{\"GoogleCalendarId\":\"a4f7a1684f155203185ea0459877db39f3df2778c6c563d3bdf0241fa90d7dd8@group.calendar.google.com\",\"Color\":\"#4f46e5\",\"MeetingTypes\":[\"rec45V8lwzABhzxnj\",\"reccrUdSb62CwjgdQ\",\"rec6UyAv7rbmTvmHo\"],\"WorkEnd\":18,\"Active\":true,\"WorkDays\":[\"0\",\"1\",\"2\",\"3\",\"4\",\"5\",\"6\"],\"WorkStart\":9,\"Email\":\"camillefauvea"}
[2026-06-11 10:57:09] [DEBUG] Champs premier agent brut {"fields":{"GoogleCalendarId":"a4f7a1684f155203185ea0459877db39f3df2778c6c563d3bdf0241fa90d7dd8@group.calendar.google.com","Color":"#4f46e5","MeetingTypes":["rec45V8lwzABhzxnj","reccrUdSb62CwjgdQ","rec6UyAv7rbmTvmHo"],"WorkEnd":18,"Active":true,"WorkDays":["0","1","2","3","4","5","6"],"WorkStart":9,"Email":"camillefauveau.service@gmail.com","Name":"Camille Fauveau","Role":"Ventes & Partenariats","AgentId":"camille"}}
[2026-06-11 10:57:09] [INFO] Agents filtrés {"brut":5,"actifs":3}
[2026-06-11 10:57:09] [INFO] Airtable GET {"url":"https://api.airtable.com/v0/appaugs4hsh3iObQG/tblKwoh1rbbOReA4e"}
[2026-06-11 10:57:09] [INFO] Airtable réponse {"http_code":200,"records":6,"error":null,"raw_preview":"{\"records\":[{\"id\":\"rec45V8lwzABhzxnj\",\"createdTime\":\"2026-05-21T09:00:31.000Z\",\"fields\":{\"AgentId (from AgentsIds)\":[\"camille\"],\"Order\":1,\"TypeId\":\"decouverte\",\"PlanningStatus\":\"Appel de découverte réservé\",\"Questions\":[\"reczBLconKqCBbM7L\",\"recICq5F6bjW3gg4Y\",\"recVI2Xroi3F7gajR\",\"recNk9Zn7CTIQzOyr\",\"receiIq9tYcTjRovz\"],\"AgentsIds\":[\"recCWyXh0NLw7zBfB\"],\"Description\":\"Première prise de contact "}
[2026-06-11 10:57:09] [DEBUG] Champs premier type brut {"fields":{"AgentId (from AgentsIds)":["camille"],"Order":1,"TypeId":"decouverte","PlanningStatus":"Appel de découverte réservé","Questions":["reczBLconKqCBbM7L","recICq5F6bjW3gg4Y","recVI2Xroi3F7gajR","recNk9Zn7CTIQzOyr","receiIq9tYcTjRovz"],"AgentsIds":["recCWyXh0NLw7zBfB"],"Description":"Première prise de contact et analyse de vos besoins","Color":"#7c3aed","Label":"Appel Découverte GuestLucky","Icon":"💬","Duration":30}}
[2026-06-11 10:57:09] [INFO] Types filtrés {"brut":6,"actifs":4}
[2026-06-11 10:57:09] [INFO] Airtable GET {"url":"https://api.airtable.com/v0/appaugs4hsh3iObQG/tbls6HegQyAgFGWIH"}
[2026-06-11 10:57:10] [INFO] Airtable réponse {"http_code":200,"records":20,"error":null,"raw_preview":"{\"records\":[{\"id\":\"rec0H41i2V8jHzPsv\",\"createdTime\":\"2026-05-21T20:46:06.000Z\",\"fields\":{\"Question\":\"Quel outil utilisez-vous actuellement ?\",\"TypeId RecordID\":\"rec0H41i2V8jHzPsv\",\"Required\":true,\"FieldType\":\"single_choice\",\"Order\":2,\"Options\":\"SuperHote, Smoobu, Hostaway, Lodgify, Aucun, Autre\",\"MeetingTypes\":[\"reccrUdSb62CwjgdQ\"],\"TypeId\":[\"demo\"]}},{\"id\":\"rec46qcr9aIeN0kuP\",\"createdTime\":\"2026-"}
[2026-06-11 10:57:10] [INFO] Questions fetch {"count":20}
[2026-06-11 10:57:10] [INFO] Réponse finale {"agents":3,"meetingTypes":4}
[2026-06-11 11:47:18] [INFO] ───── Requête entrante ───── {"method":"GET","origin":"(none)","ip":"37.65.14.94","base_id":"appaugs4hsh3iObQG","tbl_agents":"tblrGsVbuPfuiYOtd","tbl_types":"tblKwoh1rbbOReA4e","token_hint":"patYRHbITQYMjt..."}
[2026-06-11 11:47:18] [INFO] Cache MISS — appel Airtable
[2026-06-11 11:47:18] [INFO] Airtable GET {"url":"https://api.airtable.com/v0/appaugs4hsh3iObQG/tblrGsVbuPfuiYOtd"}
[2026-06-11 11:47:21] [INFO] Airtable réponse {"http_code":200,"records":5,"error":null,"raw_preview":"{\"records\":[{\"id\":\"recCWyXh0NLw7zBfB\",\"createdTime\":\"2026-05-21T08:59:51.000Z\",\"fields\":{\"GoogleCalendarId\":\"a4f7a1684f155203185ea0459877db39f3df2778c6c563d3bdf0241fa90d7dd8@group.calendar.google.com\",\"Color\":\"#4f46e5\",\"MeetingTypes\":[\"rec45V8lwzABhzxnj\",\"reccrUdSb62CwjgdQ\",\"rec6UyAv7rbmTvmHo\"],\"WorkEnd\":18,\"Active\":true,\"WorkDays\":[\"0\",\"1\",\"2\",\"3\",\"4\",\"5\",\"6\"],\"WorkStart\":9,\"Email\":\"camillefauvea"}
[2026-06-11 11:47:21] [DEBUG] Champs premier agent brut {"fields":{"GoogleCalendarId":"a4f7a1684f155203185ea0459877db39f3df2778c6c563d3bdf0241fa90d7dd8@group.calendar.google.com","Color":"#4f46e5","MeetingTypes":["rec45V8lwzABhzxnj","reccrUdSb62CwjgdQ","rec6UyAv7rbmTvmHo"],"WorkEnd":18,"Active":true,"WorkDays":["0","1","2","3","4","5","6"],"WorkStart":9,"Email":"camillefauveau.service@gmail.com","Name":"Camille Fauveau","Role":"Ventes & Partenariats","AgentId":"camille"}}
[2026-06-11 11:47:21] [INFO] Agents filtrés {"brut":5,"actifs":3}
[2026-06-11 11:47:21] [INFO] Airtable GET {"url":"https://api.airtable.com/v0/appaugs4hsh3iObQG/tblKwoh1rbbOReA4e"}
[2026-06-11 11:47:21] [INFO] Airtable réponse {"http_code":200,"records":6,"error":null,"raw_preview":"{\"records\":[{\"id\":\"rec45V8lwzABhzxnj\",\"createdTime\":\"2026-05-21T09:00:31.000Z\",\"fields\":{\"AgentId (from AgentsIds)\":[\"camille\"],\"Order\":1,\"TypeId\":\"decouverte\",\"PlanningStatus\":\"Appel de découverte réservé\",\"Questions\":[\"reczBLconKqCBbM7L\",\"recICq5F6bjW3gg4Y\",\"recVI2Xroi3F7gajR\",\"recNk9Zn7CTIQzOyr\",\"receiIq9tYcTjRovz\"],\"AgentsIds\":[\"recCWyXh0NLw7zBfB\"],\"Description\":\"Première prise de contact "}
[2026-06-11 11:47:21] [DEBUG] Champs premier type brut {"fields":{"AgentId (from AgentsIds)":["camille"],"Order":1,"TypeId":"decouverte","PlanningStatus":"Appel de découverte réservé","Questions":["reczBLconKqCBbM7L","recICq5F6bjW3gg4Y","recVI2Xroi3F7gajR","recNk9Zn7CTIQzOyr","receiIq9tYcTjRovz"],"AgentsIds":["recCWyXh0NLw7zBfB"],"Description":"Première prise de contact et analyse de vos besoins","Color":"#7c3aed","Label":"Appel Découverte GuestLucky","Icon":"💬","Duration":30}}
[2026-06-11 11:47:21] [INFO] Types filtrés {"brut":6,"actifs":4}
[2026-06-11 11:47:21] [INFO] Airtable GET {"url":"https://api.airtable.com/v0/appaugs4hsh3iObQG/tbls6HegQyAgFGWIH"}
[2026-06-11 11:47:22] [INFO] Airtable réponse {"http_code":200,"records":20,"error":null,"raw_preview":"{\"records\":[{\"id\":\"rec0H41i2V8jHzPsv\",\"createdTime\":\"2026-05-21T20:46:06.000Z\",\"fields\":{\"Question\":\"Quel outil utilisez-vous actuellement ?\",\"TypeId RecordID\":\"rec0H41i2V8jHzPsv\",\"Required\":true,\"FieldType\":\"single_choice\",\"Order\":2,\"Options\":\"SuperHote, Smoobu, Hostaway, Lodgify, Aucun, Autre\",\"MeetingTypes\":[\"reccrUdSb62CwjgdQ\"],\"TypeId\":[\"demo\"]}},{\"id\":\"rec46qcr9aIeN0kuP\",\"createdTime\":\"2026-"}
[2026-06-11 11:47:22] [INFO] Questions fetch {"count":20}
[2026-06-11 11:47:22] [INFO] Réponse finale {"agents":3,"meetingTypes":4}
[2026-06-11 13:27:15] [INFO] ───── Requête entrante ───── {"method":"GET","origin":"(none)","ip":"88.138.73.27","base_id":"appaugs4hsh3iObQG","tbl_agents":"tblrGsVbuPfuiYOtd","tbl_types":"tblKwoh1rbbOReA4e","token_hint":"patYRHbITQYMjt..."}
[2026-06-11 13:27:15] [INFO] Cache MISS — appel Airtable
[2026-06-11 13:27:15] [INFO] Airtable GET {"url":"https://api.airtable.com/v0/appaugs4hsh3iObQG/tblrGsVbuPfuiYOtd"}
[2026-06-11 13:27:25] [ERROR] cURL error {"error":"Operation timed out after 10003 milliseconds with 0 bytes received"}
[2026-06-11 13:27:25] [INFO] Agents filtrés {"brut":0,"actifs":0}
[2026-06-11 13:27:25] [INFO] Airtable GET {"url":"https://api.airtable.com/v0/appaugs4hsh3iObQG/tblKwoh1rbbOReA4e"}
[2026-06-11 13:27:25] [INFO] Airtable réponse {"http_code":200,"records":6,"error":null,"raw_preview":"{\"records\":[{\"id\":\"rec45V8lwzABhzxnj\",\"createdTime\":\"2026-05-21T09:00:31.000Z\",\"fields\":{\"AgentId (from AgentsIds)\":[\"camille\"],\"Order\":1,\"TypeId\":\"decouverte\",\"PlanningStatus\":\"Appel de découverte réservé\",\"Questions\":[\"reczBLconKqCBbM7L\",\"recICq5F6bjW3gg4Y\",\"recVI2Xroi3F7gajR\",\"recNk9Zn7CTIQzOyr\",\"receiIq9tYcTjRovz\"],\"AgentsIds\":[\"recCWyXh0NLw7zBfB\"],\"Description\":\"Première prise de contact "}
[2026-06-11 13:27:25] [DEBUG] Champs premier type brut {"fields":{"AgentId (from AgentsIds)":["camille"],"Order":1,"TypeId":"decouverte","PlanningStatus":"Appel de découverte réservé","Questions":["reczBLconKqCBbM7L","recICq5F6bjW3gg4Y","recVI2Xroi3F7gajR","recNk9Zn7CTIQzOyr","receiIq9tYcTjRovz"],"AgentsIds":["recCWyXh0NLw7zBfB"],"Description":"Première prise de contact et analyse de vos besoins","Color":"#7c3aed","Label":"Appel Découverte GuestLucky","Icon":"💬","Duration":30}}
[2026-06-11 13:27:25] [INFO] Types filtrés {"brut":6,"actifs":4}
[2026-06-11 13:27:25] [INFO] Airtable GET {"url":"https://api.airtable.com/v0/appaugs4hsh3iObQG/tbls6HegQyAgFGWIH"}
[2026-06-11 13:27:26] [INFO] Airtable réponse {"http_code":200,"records":20,"error":null,"raw_preview":"{\"records\":[{\"id\":\"rec0H41i2V8jHzPsv\",\"createdTime\":\"2026-05-21T20:46:06.000Z\",\"fields\":{\"Question\":\"Quel outil utilisez-vous actuellement ?\",\"TypeId RecordID\":\"rec0H41i2V8jHzPsv\",\"Required\":true,\"FieldType\":\"single_choice\",\"Order\":2,\"Options\":\"SuperHote, Smoobu, Hostaway, Lodgify, Aucun, Autre\",\"MeetingTypes\":[\"reccrUdSb62CwjgdQ\"],\"TypeId\":[\"demo\"]}},{\"id\":\"rec46qcr9aIeN0kuP\",\"createdTime\":\"2026-"}
[2026-06-11 13:27:26] [INFO] Questions fetch {"count":20}
[2026-06-11 13:27:26] [INFO] Réponse finale {"agents":0,"meetingTypes":4}
[2026-06-11 14:16:56] [INFO] ───── Requête entrante ───── {"method":"GET","origin":"(none)","ip":"88.138.73.27","base_id":"appaugs4hsh3iObQG","tbl_agents":"tblrGsVbuPfuiYOtd","tbl_types":"tblKwoh1rbbOReA4e","token_hint":"patYRHbITQYMjt..."}
[2026-06-11 14:16:56] [INFO] Cache MISS — appel Airtable
[2026-06-11 14:16:56] [INFO] Airtable GET {"url":"https://api.airtable.com/v0/appaugs4hsh3iObQG/tblrGsVbuPfuiYOtd"}
[2026-06-11 14:16:59] [INFO] Airtable réponse {"http_code":200,"records":5,"error":null,"raw_preview":"{\"records\":[{\"id\":\"recCWyXh0NLw7zBfB\",\"createdTime\":\"2026-05-21T08:59:51.000Z\",\"fields\":{\"GoogleCalendarId\":\"a4f7a1684f155203185ea0459877db39f3df2778c6c563d3bdf0241fa90d7dd8@group.calendar.google.com\",\"Color\":\"#4f46e5\",\"MeetingTypes\":[\"rec45V8lwzABhzxnj\",\"reccrUdSb62CwjgdQ\",\"rec6UyAv7rbmTvmHo\"],\"WorkEnd\":18,\"Active\":true,\"WorkDays\":[\"0\",\"1\",\"2\",\"3\",\"4\",\"5\",\"6\"],\"WorkStart\":9,\"Email\":\"camillefauvea"}
[2026-06-11 14:16:59] [DEBUG] Champs premier agent brut {"fields":{"GoogleCalendarId":"a4f7a1684f155203185ea0459877db39f3df2778c6c563d3bdf0241fa90d7dd8@group.calendar.google.com","Color":"#4f46e5","MeetingTypes":["rec45V8lwzABhzxnj","reccrUdSb62CwjgdQ","rec6UyAv7rbmTvmHo"],"WorkEnd":18,"Active":true,"WorkDays":["0","1","2","3","4","5","6"],"WorkStart":9,"Email":"camillefauveau.service@gmail.com","Name":"Camille Fauveau","Role":"Ventes & Partenariats","AgentId":"camille"}}
[2026-06-11 14:16:59] [INFO] Agents filtrés {"brut":5,"actifs":3}
[2026-06-11 14:16:59] [INFO] Airtable GET {"url":"https://api.airtable.com/v0/appaugs4hsh3iObQG/tblKwoh1rbbOReA4e"}
[2026-06-11 14:16:59] [INFO] Airtable réponse {"http_code":200,"records":6,"error":null,"raw_preview":"{\"records\":[{\"id\":\"rec45V8lwzABhzxnj\",\"createdTime\":\"2026-05-21T09:00:31.000Z\",\"fields\":{\"AgentId (from AgentsIds)\":[\"camille\"],\"Order\":1,\"TypeId\":\"decouverte\",\"PlanningStatus\":\"Appel de découverte réservé\",\"Questions\":[\"reczBLconKqCBbM7L\",\"recICq5F6bjW3gg4Y\",\"recVI2Xroi3F7gajR\",\"recNk9Zn7CTIQzOyr\",\"receiIq9tYcTjRovz\"],\"AgentsIds\":[\"recCWyXh0NLw7zBfB\"],\"Description\":\"Première prise de contact "}
[2026-06-11 14:16:59] [DEBUG] Champs premier type brut {"fields":{"AgentId (from AgentsIds)":["camille"],"Order":1,"TypeId":"decouverte","PlanningStatus":"Appel de découverte réservé","Questions":["reczBLconKqCBbM7L","recICq5F6bjW3gg4Y","recVI2Xroi3F7gajR","recNk9Zn7CTIQzOyr","receiIq9tYcTjRovz"],"AgentsIds":["recCWyXh0NLw7zBfB"],"Description":"Première prise de contact et analyse de vos besoins","Color":"#7c3aed","Label":"Appel Découverte GuestLucky","Icon":"💬","Duration":30}}
[2026-06-11 14:16:59] [INFO] Types filtrés {"brut":6,"actifs":4}
[2026-06-11 14:16:59] [INFO] Airtable GET {"url":"https://api.airtable.com/v0/appaugs4hsh3iObQG/tbls6HegQyAgFGWIH"}
[2026-06-11 14:17:00] [INFO] Airtable réponse {"http_code":200,"records":20,"error":null,"raw_preview":"{\"records\":[{\"id\":\"rec0H41i2V8jHzPsv\",\"createdTime\":\"2026-05-21T20:46:06.000Z\",\"fields\":{\"Question\":\"Quel outil utilisez-vous actuellement ?\",\"TypeId RecordID\":\"rec0H41i2V8jHzPsv\",\"Required\":true,\"FieldType\":\"single_choice\",\"Order\":2,\"Options\":\"SuperHote, Smoobu, Hostaway, Lodgify, Aucun, Autre\",\"MeetingTypes\":[\"reccrUdSb62CwjgdQ\"],\"TypeId\":[\"demo\"]}},{\"id\":\"rec46qcr9aIeN0kuP\",\"createdTime\":\"2026-"}
[2026-06-11 14:17:00] [INFO] Questions fetch {"count":20}
[2026-06-11 14:17:00] [INFO] Réponse finale {"agents":3,"meetingTypes":4}
[2026-06-11 15:20:16] [INFO] ───── Requête entrante ───── {"method":"GET","origin":"(none)","ip":"115.87.153.218","base_id":"appaugs4hsh3iObQG","tbl_agents":"tblrGsVbuPfuiYOtd","tbl_types":"tblKwoh1rbbOReA4e","token_hint":"patYRHbITQYMjt..."}
[2026-06-11 15:20:16] [INFO] Cache MISS — appel Airtable
[2026-06-11 15:20:16] [INFO] Airtable GET {"url":"https://api.airtable.com/v0/appaugs4hsh3iObQG/tblrGsVbuPfuiYOtd"}
[2026-06-11 15:20:18] [INFO] Airtable réponse {"http_code":200,"records":5,"error":null,"raw_preview":"{\"records\":[{\"id\":\"recCWyXh0NLw7zBfB\",\"createdTime\":\"2026-05-21T08:59:51.000Z\",\"fields\":{\"GoogleCalendarId\":\"a4f7a1684f155203185ea0459877db39f3df2778c6c563d3bdf0241fa90d7dd8@group.calendar.google.com\",\"Color\":\"#4f46e5\",\"MeetingTypes\":[\"rec45V8lwzABhzxnj\",\"reccrUdSb62CwjgdQ\",\"rec6UyAv7rbmTvmHo\"],\"WorkEnd\":18,\"Active\":true,\"WorkDays\":[\"0\",\"1\",\"2\",\"3\",\"4\",\"5\",\"6\"],\"WorkStart\":9,\"Email\":\"camillefauvea"}
[2026-06-11 15:20:18] [DEBUG] Champs premier agent brut {"fields":{"GoogleCalendarId":"a4f7a1684f155203185ea0459877db39f3df2778c6c563d3bdf0241fa90d7dd8@group.calendar.google.com","Color":"#4f46e5","MeetingTypes":["rec45V8lwzABhzxnj","reccrUdSb62CwjgdQ","rec6UyAv7rbmTvmHo"],"WorkEnd":18,"Active":true,"WorkDays":["0","1","2","3","4","5","6"],"WorkStart":9,"Email":"camillefauveau.service@gmail.com","Name":"Camille Fauveau","Role":"Ventes & Partenariats","AgentId":"camille"}}
[2026-06-11 15:20:18] [INFO] Agents filtrés {"brut":5,"actifs":3}
[2026-06-11 15:20:18] [INFO] Airtable GET {"url":"https://api.airtable.com/v0/appaugs4hsh3iObQG/tblKwoh1rbbOReA4e"}
[2026-06-11 15:20:19] [INFO] Airtable réponse {"http_code":200,"records":6,"error":null,"raw_preview":"{\"records\":[{\"id\":\"rec45V8lwzABhzxnj\",\"createdTime\":\"2026-05-21T09:00:31.000Z\",\"fields\":{\"AgentId (from AgentsIds)\":[\"camille\"],\"Order\":1,\"TypeId\":\"decouverte\",\"PlanningStatus\":\"Appel de découverte réservé\",\"Questions\":[\"reczBLconKqCBbM7L\",\"recICq5F6bjW3gg4Y\",\"recVI2Xroi3F7gajR\",\"recNk9Zn7CTIQzOyr\",\"receiIq9tYcTjRovz\"],\"AgentsIds\":[\"recCWyXh0NLw7zBfB\"],\"Description\":\"Première prise de contact "}
[2026-06-11 15:20:19] [DEBUG] Champs premier type brut {"fields":{"AgentId (from AgentsIds)":["camille"],"Order":1,"TypeId":"decouverte","PlanningStatus":"Appel de découverte réservé","Questions":["reczBLconKqCBbM7L","recICq5F6bjW3gg4Y","recVI2Xroi3F7gajR","recNk9Zn7CTIQzOyr","receiIq9tYcTjRovz"],"AgentsIds":["recCWyXh0NLw7zBfB"],"Description":"Première prise de contact et analyse de vos besoins","Color":"#7c3aed","Label":"Appel Découverte GuestLucky","Icon":"💬","Duration":30}}
[2026-06-11 15:20:19] [INFO] Types filtrés {"brut":6,"actifs":4}
[2026-06-11 15:20:19] [INFO] Airtable GET {"url":"https://api.airtable.com/v0/appaugs4hsh3iObQG/tbls6HegQyAgFGWIH"}
[2026-06-11 15:20:19] [INFO] Airtable réponse {"http_code":200,"records":20,"error":null,"raw_preview":"{\"records\":[{\"id\":\"rec0H41i2V8jHzPsv\",\"createdTime\":\"2026-05-21T20:46:06.000Z\",\"fields\":{\"Question\":\"Quel outil utilisez-vous actuellement ?\",\"TypeId RecordID\":\"rec0H41i2V8jHzPsv\",\"Required\":true,\"FieldType\":\"single_choice\",\"Order\":2,\"Options\":\"SuperHote, Smoobu, Hostaway, Lodgify, Aucun, Autre\",\"MeetingTypes\":[\"reccrUdSb62CwjgdQ\"],\"TypeId\":[\"demo\"]}},{\"id\":\"rec46qcr9aIeN0kuP\",\"createdTime\":\"2026-"}
[2026-06-11 15:20:19] [INFO] Questions fetch {"count":20}
[2026-06-11 15:20:19] [INFO] Réponse finale {"agents":3,"meetingTypes":4}
[2026-06-11 17:12:36] [INFO] ───── Requête entrante ───── {"method":"GET","origin":"(none)","ip":"88.138.73.27","base_id":"appaugs4hsh3iObQG","tbl_agents":"tblrGsVbuPfuiYOtd","tbl_types":"tblKwoh1rbbOReA4e","token_hint":"patYRHbITQYMjt..."}
[2026-06-11 17:12:36] [INFO] Cache MISS — appel Airtable
[2026-06-11 17:12:36] [INFO] Airtable GET {"url":"https://api.airtable.com/v0/appaugs4hsh3iObQG/tblrGsVbuPfuiYOtd"}
[2026-06-11 17:12:39] [INFO] Airtable réponse {"http_code":200,"records":5,"error":null,"raw_preview":"{\"records\":[{\"id\":\"recCWyXh0NLw7zBfB\",\"createdTime\":\"2026-05-21T08:59:51.000Z\",\"fields\":{\"GoogleCalendarId\":\"a4f7a1684f155203185ea0459877db39f3df2778c6c563d3bdf0241fa90d7dd8@group.calendar.google.com\",\"Color\":\"#4f46e5\",\"MeetingTypes\":[\"rec45V8lwzABhzxnj\",\"reccrUdSb62CwjgdQ\",\"rec6UyAv7rbmTvmHo\"],\"WorkEnd\":18,\"Active\":true,\"WorkDays\":[\"0\",\"1\",\"2\",\"3\",\"4\",\"5\",\"6\"],\"WorkStart\":9,\"Email\":\"camillefauvea"}
[2026-06-11 17:12:39] [DEBUG] Champs premier agent brut {"fields":{"GoogleCalendarId":"a4f7a1684f155203185ea0459877db39f3df2778c6c563d3bdf0241fa90d7dd8@group.calendar.google.com","Color":"#4f46e5","MeetingTypes":["rec45V8lwzABhzxnj","reccrUdSb62CwjgdQ","rec6UyAv7rbmTvmHo"],"WorkEnd":18,"Active":true,"WorkDays":["0","1","2","3","4","5","6"],"WorkStart":9,"Email":"camillefauveau.service@gmail.com","Name":"Camille Fauveau","Role":"Ventes & Partenariats","AgentId":"camille"}}
[2026-06-11 17:12:39] [INFO] Agents filtrés {"brut":5,"actifs":3}
[2026-06-11 17:12:39] [INFO] Airtable GET {"url":"https://api.airtable.com/v0/appaugs4hsh3iObQG/tblKwoh1rbbOReA4e"}
[2026-06-11 17:12:39] [INFO] Airtable réponse {"http_code":200,"records":6,"error":null,"raw_preview":"{\"records\":[{\"id\":\"rec45V8lwzABhzxnj\",\"createdTime\":\"2026-05-21T09:00:31.000Z\",\"fields\":{\"AgentId (from AgentsIds)\":[\"camille\"],\"Order\":1,\"TypeId\":\"decouverte\",\"PlanningStatus\":\"Appel de découverte réservé\",\"Questions\":[\"reczBLconKqCBbM7L\",\"recICq5F6bjW3gg4Y\",\"recVI2Xroi3F7gajR\",\"recNk9Zn7CTIQzOyr\",\"receiIq9tYcTjRovz\"],\"AgentsIds\":[\"recCWyXh0NLw7zBfB\"],\"Description\":\"Première prise de contact "}
[2026-06-11 17:12:39] [DEBUG] Champs premier type brut {"fields":{"AgentId (from AgentsIds)":["camille"],"Order":1,"TypeId":"decouverte","PlanningStatus":"Appel de découverte réservé","Questions":["reczBLconKqCBbM7L","recICq5F6bjW3gg4Y","recVI2Xroi3F7gajR","recNk9Zn7CTIQzOyr","receiIq9tYcTjRovz"],"AgentsIds":["recCWyXh0NLw7zBfB"],"Description":"Première prise de contact et analyse de vos besoins","Color":"#7c3aed","Label":"Appel Découverte GuestLucky","Icon":"💬","Duration":30}}
[2026-06-11 17:12:39] [INFO] Types filtrés {"brut":6,"actifs":4}
[2026-06-11 17:12:39] [INFO] Airtable GET {"url":"https://api.airtable.com/v0/appaugs4hsh3iObQG/tbls6HegQyAgFGWIH"}
[2026-06-11 17:12:40] [INFO] Airtable réponse {"http_code":200,"records":20,"error":null,"raw_preview":"{\"records\":[{\"id\":\"rec0H41i2V8jHzPsv\",\"createdTime\":\"2026-05-21T20:46:06.000Z\",\"fields\":{\"Question\":\"Quel outil utilisez-vous actuellement ?\",\"TypeId RecordID\":\"rec0H41i2V8jHzPsv\",\"Required\":true,\"FieldType\":\"single_choice\",\"Order\":2,\"Options\":\"SuperHote, Smoobu, Hostaway, Lodgify, Aucun, Autre\",\"MeetingTypes\":[\"reccrUdSb62CwjgdQ\"],\"TypeId\":[\"demo\"]}},{\"id\":\"rec46qcr9aIeN0kuP\",\"createdTime\":\"2026-"}
[2026-06-11 17:12:40] [INFO] Questions fetch {"count":20}
[2026-06-11 17:12:40] [INFO] Réponse finale {"agents":3,"meetingTypes":4}
[2026-06-11 17:36:21] [INFO] ───── Requête entrante ───── {"method":"GET","origin":"(none)","ip":"115.87.153.218","base_id":"appaugs4hsh3iObQG","tbl_agents":"tblrGsVbuPfuiYOtd","tbl_types":"tblKwoh1rbbOReA4e","token_hint":"patYRHbITQYMjt..."}
[2026-06-11 17:36:21] [INFO] Cache MISS — appel Airtable
[2026-06-11 17:36:21] [INFO] Airtable GET {"url":"https://api.airtable.com/v0/appaugs4hsh3iObQG/tblrGsVbuPfuiYOtd"}
[2026-06-11 17:36:24] [INFO] Airtable réponse {"http_code":200,"records":5,"error":null,"raw_preview":"{\"records\":[{\"id\":\"recCWyXh0NLw7zBfB\",\"createdTime\":\"2026-05-21T08:59:51.000Z\",\"fields\":{\"GoogleCalendarId\":\"a4f7a1684f155203185ea0459877db39f3df2778c6c563d3bdf0241fa90d7dd8@group.calendar.google.com\",\"Color\":\"#4f46e5\",\"MeetingTypes\":[\"rec45V8lwzABhzxnj\",\"reccrUdSb62CwjgdQ\",\"rec6UyAv7rbmTvmHo\"],\"WorkEnd\":18,\"Active\":true,\"WorkDays\":[\"0\",\"1\",\"2\",\"3\",\"4\",\"5\",\"6\"],\"WorkStart\":9,\"Email\":\"camillefauvea"}
[2026-06-11 17:36:24] [DEBUG] Champs premier agent brut {"fields":{"GoogleCalendarId":"a4f7a1684f155203185ea0459877db39f3df2778c6c563d3bdf0241fa90d7dd8@group.calendar.google.com","Color":"#4f46e5","MeetingTypes":["rec45V8lwzABhzxnj","reccrUdSb62CwjgdQ","rec6UyAv7rbmTvmHo"],"WorkEnd":18,"Active":true,"WorkDays":["0","1","2","3","4","5","6"],"WorkStart":9,"Email":"camillefauveau.service@gmail.com","Name":"Camille Fauveau","Role":"Ventes & Partenariats","AgentId":"camille"}}
[2026-06-11 17:36:24] [INFO] Agents filtrés {"brut":5,"actifs":3}
[2026-06-11 17:36:24] [INFO] Airtable GET {"url":"https://api.airtable.com/v0/appaugs4hsh3iObQG/tblKwoh1rbbOReA4e"}
[2026-06-11 17:36:24] [INFO] Airtable réponse {"http_code":200,"records":6,"error":null,"raw_preview":"{\"records\":[{\"id\":\"rec45V8lwzABhzxnj\",\"createdTime\":\"2026-05-21T09:00:31.000Z\",\"fields\":{\"AgentId (from AgentsIds)\":[\"camille\"],\"Order\":1,\"TypeId\":\"decouverte\",\"PlanningStatus\":\"Appel de découverte réservé\",\"Questions\":[\"reczBLconKqCBbM7L\",\"recICq5F6bjW3gg4Y\",\"recVI2Xroi3F7gajR\",\"recNk9Zn7CTIQzOyr\",\"receiIq9tYcTjRovz\"],\"AgentsIds\":[\"recCWyXh0NLw7zBfB\"],\"Description\":\"Première prise de contact "}
[2026-06-11 17:36:24] [DEBUG] Champs premier type brut {"fields":{"AgentId (from AgentsIds)":["camille"],"Order":1,"TypeId":"decouverte","PlanningStatus":"Appel de découverte réservé","Questions":["reczBLconKqCBbM7L","recICq5F6bjW3gg4Y","recVI2Xroi3F7gajR","recNk9Zn7CTIQzOyr","receiIq9tYcTjRovz"],"AgentsIds":["recCWyXh0NLw7zBfB"],"Description":"Première prise de contact et analyse de vos besoins","Color":"#7c3aed","Label":"Appel Découverte GuestLucky","Icon":"💬","Duration":30}}
[2026-06-11 17:36:24] [INFO] Types filtrés {"brut":6,"actifs":4}
[2026-06-11 17:36:24] [INFO] Airtable GET {"url":"https://api.airtable.com/v0/appaugs4hsh3iObQG/tbls6HegQyAgFGWIH"}
[2026-06-11 17:36:25] [INFO] Airtable réponse {"http_code":200,"records":20,"error":null,"raw_preview":"{\"records\":[{\"id\":\"rec0H41i2V8jHzPsv\",\"createdTime\":\"2026-05-21T20:46:06.000Z\",\"fields\":{\"Question\":\"Quel outil utilisez-vous actuellement ?\",\"TypeId RecordID\":\"rec0H41i2V8jHzPsv\",\"Required\":true,\"FieldType\":\"single_choice\",\"Order\":2,\"Options\":\"SuperHote, Smoobu, Hostaway, Lodgify, Aucun, Autre\",\"MeetingTypes\":[\"reccrUdSb62CwjgdQ\"],\"TypeId\":[\"demo\"]}},{\"id\":\"rec46qcr9aIeN0kuP\",\"createdTime\":\"2026-"}
[2026-06-11 17:36:25] [INFO] Questions fetch {"count":20}
[2026-06-11 17:36:25] [INFO] Réponse finale {"agents":3,"meetingTypes":4}
[2026-06-11 17:52:59] [INFO] ───── Requête entrante ───── {"method":"GET","origin":"(none)","ip":"88.138.73.27","base_id":"appaugs4hsh3iObQG","tbl_agents":"tblrGsVbuPfuiYOtd","tbl_types":"tblKwoh1rbbOReA4e","token_hint":"patYRHbITQYMjt..."}
[2026-06-11 17:52:59] [INFO] Cache MISS — appel Airtable
[2026-06-11 17:52:59] [INFO] Airtable GET {"url":"https://api.airtable.com/v0/appaugs4hsh3iObQG/tblrGsVbuPfuiYOtd"}
[2026-06-11 17:53:01] [INFO] Airtable réponse {"http_code":200,"records":5,"error":null,"raw_preview":"{\"records\":[{\"id\":\"recCWyXh0NLw7zBfB\",\"createdTime\":\"2026-05-21T08:59:51.000Z\",\"fields\":{\"GoogleCalendarId\":\"a4f7a1684f155203185ea0459877db39f3df2778c6c563d3bdf0241fa90d7dd8@group.calendar.google.com\",\"Color\":\"#4f46e5\",\"MeetingTypes\":[\"rec45V8lwzABhzxnj\",\"reccrUdSb62CwjgdQ\",\"rec6UyAv7rbmTvmHo\"],\"WorkEnd\":18,\"Active\":true,\"WorkDays\":[\"0\",\"1\",\"2\",\"3\",\"4\",\"5\",\"6\"],\"WorkStart\":9,\"Email\":\"camillefauvea"}
[2026-06-11 17:53:01] [DEBUG] Champs premier agent brut {"fields":{"GoogleCalendarId":"a4f7a1684f155203185ea0459877db39f3df2778c6c563d3bdf0241fa90d7dd8@group.calendar.google.com","Color":"#4f46e5","MeetingTypes":["rec45V8lwzABhzxnj","reccrUdSb62CwjgdQ","rec6UyAv7rbmTvmHo"],"WorkEnd":18,"Active":true,"WorkDays":["0","1","2","3","4","5","6"],"WorkStart":9,"Email":"camillefauveau.service@gmail.com","Name":"Camille Fauveau","Role":"Ventes & Partenariats","AgentId":"camille"}}
[2026-06-11 17:53:01] [INFO] Agents filtrés {"brut":5,"actifs":3}
[2026-06-11 17:53:01] [INFO] Airtable GET {"url":"https://api.airtable.com/v0/appaugs4hsh3iObQG/tblKwoh1rbbOReA4e"}
[2026-06-11 17:53:01] [INFO] Airtable réponse {"http_code":200,"records":6,"error":null,"raw_preview":"{\"records\":[{\"id\":\"rec45V8lwzABhzxnj\",\"createdTime\":\"2026-05-21T09:00:31.000Z\",\"fields\":{\"AgentId (from AgentsIds)\":[\"camille\"],\"Order\":1,\"TypeId\":\"decouverte\",\"PlanningStatus\":\"Appel de découverte réservé\",\"Questions\":[\"reczBLconKqCBbM7L\",\"recICq5F6bjW3gg4Y\",\"recVI2Xroi3F7gajR\",\"recNk9Zn7CTIQzOyr\",\"receiIq9tYcTjRovz\"],\"AgentsIds\":[\"recCWyXh0NLw7zBfB\"],\"Description\":\"Première prise de contact "}
[2026-06-11 17:53:01] [DEBUG] Champs premier type brut {"fields":{"AgentId (from AgentsIds)":["camille"],"Order":1,"TypeId":"decouverte","PlanningStatus":"Appel de découverte réservé","Questions":["reczBLconKqCBbM7L","recICq5F6bjW3gg4Y","recVI2Xroi3F7gajR","recNk9Zn7CTIQzOyr","receiIq9tYcTjRovz"],"AgentsIds":["recCWyXh0NLw7zBfB"],"Description":"Première prise de contact et analyse de vos besoins","Color":"#7c3aed","Label":"Appel Découverte GuestLucky","Icon":"💬","Duration":30}}
[2026-06-11 17:53:01] [INFO] Types filtrés {"brut":6,"actifs":4}
[2026-06-11 17:53:01] [INFO] Airtable GET {"url":"https://api.airtable.com/v0/appaugs4hsh3iObQG/tbls6HegQyAgFGWIH"}
[2026-06-11 17:53:02] [INFO] Airtable réponse {"http_code":200,"records":20,"error":null,"raw_preview":"{\"records\":[{\"id\":\"rec0H41i2V8jHzPsv\",\"createdTime\":\"2026-05-21T20:46:06.000Z\",\"fields\":{\"Question\":\"Quel outil utilisez-vous actuellement ?\",\"TypeId RecordID\":\"rec0H41i2V8jHzPsv\",\"Required\":true,\"FieldType\":\"single_choice\",\"Order\":2,\"Options\":\"SuperHote, Smoobu, Hostaway, Lodgify, Aucun, Autre\",\"MeetingTypes\":[\"reccrUdSb62CwjgdQ\"],\"TypeId\":[\"demo\"]}},{\"id\":\"rec46qcr9aIeN0kuP\",\"createdTime\":\"2026-"}
[2026-06-11 17:53:02] [INFO] Questions fetch {"count":20}
[2026-06-11 17:53:02] [INFO] Réponse finale {"agents":3,"meetingTypes":4}
[2026-06-11 20:58:39] [INFO] ───── Requête entrante ───── {"method":"GET","origin":"(none)","ip":"109.62.106.79","base_id":"appaugs4hsh3iObQG","tbl_agents":"tblrGsVbuPfuiYOtd","tbl_types":"tblKwoh1rbbOReA4e","token_hint":"patYRHbITQYMjt..."}
[2026-06-11 20:58:39] [INFO] Cache MISS — appel Airtable
[2026-06-11 20:58:39] [INFO] Airtable GET {"url":"https://api.airtable.com/v0/appaugs4hsh3iObQG/tblrGsVbuPfuiYOtd"}
[2026-06-11 20:58:41] [INFO] Airtable réponse {"http_code":200,"records":5,"error":null,"raw_preview":"{\"records\":[{\"id\":\"recCWyXh0NLw7zBfB\",\"createdTime\":\"2026-05-21T08:59:51.000Z\",\"fields\":{\"GoogleCalendarId\":\"a4f7a1684f155203185ea0459877db39f3df2778c6c563d3bdf0241fa90d7dd8@group.calendar.google.com\",\"Color\":\"#4f46e5\",\"MeetingTypes\":[\"rec45V8lwzABhzxnj\",\"reccrUdSb62CwjgdQ\",\"rec6UyAv7rbmTvmHo\"],\"WorkEnd\":18,\"Active\":true,\"WorkDays\":[\"0\",\"1\",\"2\",\"3\",\"4\",\"5\",\"6\"],\"WorkStart\":9,\"Email\":\"camillefauvea"}
[2026-06-11 20:58:41] [DEBUG] Champs premier agent brut {"fields":{"GoogleCalendarId":"a4f7a1684f155203185ea0459877db39f3df2778c6c563d3bdf0241fa90d7dd8@group.calendar.google.com","Color":"#4f46e5","MeetingTypes":["rec45V8lwzABhzxnj","reccrUdSb62CwjgdQ","rec6UyAv7rbmTvmHo"],"WorkEnd":18,"Active":true,"WorkDays":["0","1","2","3","4","5","6"],"WorkStart":9,"Email":"camillefauveau.service@gmail.com","Name":"Camille Fauveau","Role":"Ventes & Partenariats","AgentId":"camille"}}
[2026-06-11 20:58:41] [INFO] Agents filtrés {"brut":5,"actifs":3}
[2026-06-11 20:58:41] [INFO] Airtable GET {"url":"https://api.airtable.com/v0/appaugs4hsh3iObQG/tblKwoh1rbbOReA4e"}
[2026-06-11 20:58:42] [INFO] Airtable réponse {"http_code":200,"records":6,"error":null,"raw_preview":"{\"records\":[{\"id\":\"rec45V8lwzABhzxnj\",\"createdTime\":\"2026-05-21T09:00:31.000Z\",\"fields\":{\"AgentId (from AgentsIds)\":[\"camille\"],\"Order\":1,\"TypeId\":\"decouverte\",\"PlanningStatus\":\"Appel de découverte réservé\",\"Questions\":[\"reczBLconKqCBbM7L\",\"recICq5F6bjW3gg4Y\",\"recVI2Xroi3F7gajR\",\"recNk9Zn7CTIQzOyr\",\"receiIq9tYcTjRovz\"],\"AgentsIds\":[\"recCWyXh0NLw7zBfB\"],\"Description\":\"Première prise de contact "}
[2026-06-11 20:58:42] [DEBUG] Champs premier type brut {"fields":{"AgentId (from AgentsIds)":["camille"],"Order":1,"TypeId":"decouverte","PlanningStatus":"Appel de découverte réservé","Questions":["reczBLconKqCBbM7L","recICq5F6bjW3gg4Y","recVI2Xroi3F7gajR","recNk9Zn7CTIQzOyr","receiIq9tYcTjRovz"],"AgentsIds":["recCWyXh0NLw7zBfB"],"Description":"Première prise de contact et analyse de vos besoins","Color":"#7c3aed","Label":"Appel Découverte GuestLucky","Icon":"💬","Duration":30}}
[2026-06-11 20:58:42] [INFO] Types filtrés {"brut":6,"actifs":4}
[2026-06-11 20:58:42] [INFO] Airtable GET {"url":"https://api.airtable.com/v0/appaugs4hsh3iObQG/tbls6HegQyAgFGWIH"}
[2026-06-11 20:58:42] [INFO] Airtable réponse {"http_code":200,"records":20,"error":null,"raw_preview":"{\"records\":[{\"id\":\"rec0H41i2V8jHzPsv\",\"createdTime\":\"2026-05-21T20:46:06.000Z\",\"fields\":{\"Question\":\"Quel outil utilisez-vous actuellement ?\",\"TypeId RecordID\":\"rec0H41i2V8jHzPsv\",\"Required\":true,\"FieldType\":\"single_choice\",\"Order\":2,\"Options\":\"SuperHote, Smoobu, Hostaway, Lodgify, Aucun, Autre\",\"MeetingTypes\":[\"reccrUdSb62CwjgdQ\"],\"TypeId\":[\"demo\"]}},{\"id\":\"rec46qcr9aIeN0kuP\",\"createdTime\":\"2026-"}
[2026-06-11 20:58:42] [INFO] Questions fetch {"count":20}
[2026-06-11 20:58:42] [INFO] Réponse finale {"agents":3,"meetingTypes":4}
[2026-06-11 22:15:19] [INFO] ───── Requête entrante ───── {"method":"GET","origin":"(none)","ip":"82.64.30.151","base_id":"appaugs4hsh3iObQG","tbl_agents":"tblrGsVbuPfuiYOtd","tbl_types":"tblKwoh1rbbOReA4e","token_hint":"patYRHbITQYMjt..."}
[2026-06-11 22:15:19] [INFO] Cache MISS — appel Airtable
[2026-06-11 22:15:19] [INFO] Airtable GET {"url":"https://api.airtable.com/v0/appaugs4hsh3iObQG/tblrGsVbuPfuiYOtd"}
[2026-06-11 22:15:22] [INFO] Airtable réponse {"http_code":200,"records":5,"error":null,"raw_preview":"{\"records\":[{\"id\":\"recCWyXh0NLw7zBfB\",\"createdTime\":\"2026-05-21T08:59:51.000Z\",\"fields\":{\"GoogleCalendarId\":\"a4f7a1684f155203185ea0459877db39f3df2778c6c563d3bdf0241fa90d7dd8@group.calendar.google.com\",\"Color\":\"#4f46e5\",\"MeetingTypes\":[\"rec45V8lwzABhzxnj\",\"reccrUdSb62CwjgdQ\",\"rec6UyAv7rbmTvmHo\"],\"WorkEnd\":18,\"Active\":true,\"WorkDays\":[\"0\",\"1\",\"2\",\"3\",\"4\",\"5\",\"6\"],\"WorkStart\":9,\"Email\":\"camillefauvea"}
[2026-06-11 22:15:22] [DEBUG] Champs premier agent brut {"fields":{"GoogleCalendarId":"a4f7a1684f155203185ea0459877db39f3df2778c6c563d3bdf0241fa90d7dd8@group.calendar.google.com","Color":"#4f46e5","MeetingTypes":["rec45V8lwzABhzxnj","reccrUdSb62CwjgdQ","rec6UyAv7rbmTvmHo"],"WorkEnd":18,"Active":true,"WorkDays":["0","1","2","3","4","5","6"],"WorkStart":9,"Email":"camillefauveau.service@gmail.com","Name":"Camille Fauveau","Role":"Ventes & Partenariats","AgentId":"camille"}}
[2026-06-11 22:15:22] [INFO] Agents filtrés {"brut":5,"actifs":3}
[2026-06-11 22:15:22] [INFO] Airtable GET {"url":"https://api.airtable.com/v0/appaugs4hsh3iObQG/tblKwoh1rbbOReA4e"}
[2026-06-11 22:15:22] [INFO] Airtable réponse {"http_code":200,"records":6,"error":null,"raw_preview":"{\"records\":[{\"id\":\"rec45V8lwzABhzxnj\",\"createdTime\":\"2026-05-21T09:00:31.000Z\",\"fields\":{\"AgentId (from AgentsIds)\":[\"camille\"],\"Order\":1,\"TypeId\":\"decouverte\",\"PlanningStatus\":\"Appel de découverte réservé\",\"Questions\":[\"reczBLconKqCBbM7L\",\"recICq5F6bjW3gg4Y\",\"recVI2Xroi3F7gajR\",\"recNk9Zn7CTIQzOyr\",\"receiIq9tYcTjRovz\"],\"AgentsIds\":[\"recCWyXh0NLw7zBfB\"],\"Description\":\"Première prise de contact "}
[2026-06-11 22:15:22] [DEBUG] Champs premier type brut {"fields":{"AgentId (from AgentsIds)":["camille"],"Order":1,"TypeId":"decouverte","PlanningStatus":"Appel de découverte réservé","Questions":["reczBLconKqCBbM7L","recICq5F6bjW3gg4Y","recVI2Xroi3F7gajR","recNk9Zn7CTIQzOyr","receiIq9tYcTjRovz"],"AgentsIds":["recCWyXh0NLw7zBfB"],"Description":"Première prise de contact et analyse de vos besoins","Color":"#7c3aed","Label":"Appel Découverte GuestLucky","Icon":"💬","Duration":30}}
[2026-06-11 22:15:22] [INFO] Types filtrés {"brut":6,"actifs":4}
[2026-06-11 22:15:22] [INFO] Airtable GET {"url":"https://api.airtable.com/v0/appaugs4hsh3iObQG/tbls6HegQyAgFGWIH"}
[2026-06-11 22:15:23] [INFO] Airtable réponse {"http_code":200,"records":20,"error":null,"raw_preview":"{\"records\":[{\"id\":\"rec0H41i2V8jHzPsv\",\"createdTime\":\"2026-05-21T20:46:06.000Z\",\"fields\":{\"Question\":\"Quel outil utilisez-vous actuellement ?\",\"TypeId RecordID\":\"rec0H41i2V8jHzPsv\",\"Required\":true,\"FieldType\":\"single_choice\",\"Order\":2,\"Options\":\"SuperHote, Smoobu, Hostaway, Lodgify, Aucun, Autre\",\"MeetingTypes\":[\"reccrUdSb62CwjgdQ\"],\"TypeId\":[\"demo\"]}},{\"id\":\"rec46qcr9aIeN0kuP\",\"createdTime\":\"2026-"}
[2026-06-11 22:15:23] [INFO] Questions fetch {"count":20}
[2026-06-11 22:15:23] [INFO] Réponse finale {"agents":3,"meetingTypes":4}
[2026-06-12 09:17:26] [INFO] ───── Requête entrante ───── {"method":"GET","origin":"(none)","ip":"82.96.142.207","base_id":"appaugs4hsh3iObQG","tbl_agents":"tblrGsVbuPfuiYOtd","tbl_types":"tblKwoh1rbbOReA4e","token_hint":"patYRHbITQYMjt..."}
[2026-06-12 09:17:27] [INFO] Cache MISS — appel Airtable
[2026-06-12 09:17:27] [INFO] Airtable GET {"url":"https://api.airtable.com/v0/appaugs4hsh3iObQG/tblrGsVbuPfuiYOtd"}
[2026-06-12 09:17:29] [INFO] Airtable réponse {"http_code":200,"records":5,"error":null,"raw_preview":"{\"records\":[{\"id\":\"recCWyXh0NLw7zBfB\",\"createdTime\":\"2026-05-21T08:59:51.000Z\",\"fields\":{\"GoogleCalendarId\":\"a4f7a1684f155203185ea0459877db39f3df2778c6c563d3bdf0241fa90d7dd8@group.calendar.google.com\",\"Color\":\"#4f46e5\",\"MeetingTypes\":[\"rec45V8lwzABhzxnj\",\"reccrUdSb62CwjgdQ\",\"rec6UyAv7rbmTvmHo\"],\"WorkEnd\":18,\"Active\":true,\"WorkDays\":[\"0\",\"1\",\"2\",\"3\",\"4\",\"5\",\"6\"],\"WorkStart\":9,\"Email\":\"camillefauvea"}
[2026-06-12 09:17:29] [DEBUG] Champs premier agent brut {"fields":{"GoogleCalendarId":"a4f7a1684f155203185ea0459877db39f3df2778c6c563d3bdf0241fa90d7dd8@group.calendar.google.com","Color":"#4f46e5","MeetingTypes":["rec45V8lwzABhzxnj","reccrUdSb62CwjgdQ","rec6UyAv7rbmTvmHo"],"WorkEnd":18,"Active":true,"WorkDays":["0","1","2","3","4","5","6"],"WorkStart":9,"Email":"camillefauveau.service@gmail.com","Name":"Camille Fauveau","Role":"Ventes & Partenariats","AgentId":"camille"}}
[2026-06-12 09:17:29] [INFO] Agents filtrés {"brut":5,"actifs":3}
[2026-06-12 09:17:29] [INFO] Airtable GET {"url":"https://api.airtable.com/v0/appaugs4hsh3iObQG/tblKwoh1rbbOReA4e"}
[2026-06-12 09:17:29] [INFO] Airtable réponse {"http_code":200,"records":6,"error":null,"raw_preview":"{\"records\":[{\"id\":\"rec45V8lwzABhzxnj\",\"createdTime\":\"2026-05-21T09:00:31.000Z\",\"fields\":{\"AgentId (from AgentsIds)\":[\"camille\"],\"Order\":1,\"TypeId\":\"decouverte\",\"PlanningStatus\":\"Appel de découverte réservé\",\"Questions\":[\"reczBLconKqCBbM7L\",\"recICq5F6bjW3gg4Y\",\"recVI2Xroi3F7gajR\",\"recNk9Zn7CTIQzOyr\",\"receiIq9tYcTjRovz\"],\"AgentsIds\":[\"recCWyXh0NLw7zBfB\"],\"Description\":\"Première prise de contact "}
[2026-06-12 09:17:29] [DEBUG] Champs premier type brut {"fields":{"AgentId (from AgentsIds)":["camille"],"Order":1,"TypeId":"decouverte","PlanningStatus":"Appel de découverte réservé","Questions":["reczBLconKqCBbM7L","recICq5F6bjW3gg4Y","recVI2Xroi3F7gajR","recNk9Zn7CTIQzOyr","receiIq9tYcTjRovz"],"AgentsIds":["recCWyXh0NLw7zBfB"],"Description":"Première prise de contact et analyse de vos besoins","Color":"#7c3aed","Label":"Appel Découverte GuestLucky","Icon":"💬","Duration":30}}
[2026-06-12 09:17:29] [INFO] Types filtrés {"brut":6,"actifs":4}
[2026-06-12 09:17:29] [INFO] Airtable GET {"url":"https://api.airtable.com/v0/appaugs4hsh3iObQG/tbls6HegQyAgFGWIH"}
[2026-06-12 09:17:30] [INFO] Airtable réponse {"http_code":200,"records":20,"error":null,"raw_preview":"{\"records\":[{\"id\":\"rec0H41i2V8jHzPsv\",\"createdTime\":\"2026-05-21T20:46:06.000Z\",\"fields\":{\"Question\":\"Quel outil utilisez-vous actuellement ?\",\"TypeId RecordID\":\"rec0H41i2V8jHzPsv\",\"Required\":true,\"FieldType\":\"single_choice\",\"Order\":2,\"Options\":\"SuperHote, Smoobu, Hostaway, Lodgify, Aucun, Autre\",\"MeetingTypes\":[\"reccrUdSb62CwjgdQ\"],\"TypeId\":[\"demo\"]}},{\"id\":\"rec46qcr9aIeN0kuP\",\"createdTime\":\"2026-"}
[2026-06-12 09:17:30] [INFO] Questions fetch {"count":20}
[2026-06-12 09:17:30] [INFO] Réponse finale {"agents":3,"meetingTypes":4}
[2026-06-12 09:32:09] [INFO] ───── Requête entrante ───── {"method":"GET","origin":"(none)","ip":"140.248.41.27","base_id":"appaugs4hsh3iObQG","tbl_agents":"tblrGsVbuPfuiYOtd","tbl_types":"tblKwoh1rbbOReA4e","token_hint":"patYRHbITQYMjt..."}
[2026-06-12 09:32:09] [INFO] Cache MISS — appel Airtable
[2026-06-12 09:32:09] [INFO] Airtable GET {"url":"https://api.airtable.com/v0/appaugs4hsh3iObQG/tblrGsVbuPfuiYOtd"}
[2026-06-12 09:32:11] [INFO] Airtable réponse {"http_code":200,"records":5,"error":null,"raw_preview":"{\"records\":[{\"id\":\"recCWyXh0NLw7zBfB\",\"createdTime\":\"2026-05-21T08:59:51.000Z\",\"fields\":{\"GoogleCalendarId\":\"a4f7a1684f155203185ea0459877db39f3df2778c6c563d3bdf0241fa90d7dd8@group.calendar.google.com\",\"Color\":\"#4f46e5\",\"MeetingTypes\":[\"rec45V8lwzABhzxnj\",\"reccrUdSb62CwjgdQ\",\"rec6UyAv7rbmTvmHo\"],\"WorkEnd\":18,\"Active\":true,\"WorkDays\":[\"0\",\"1\",\"2\",\"3\",\"4\",\"5\",\"6\"],\"WorkStart\":9,\"Email\":\"camillefauvea"}
[2026-06-12 09:32:11] [DEBUG] Champs premier agent brut {"fields":{"GoogleCalendarId":"a4f7a1684f155203185ea0459877db39f3df2778c6c563d3bdf0241fa90d7dd8@group.calendar.google.com","Color":"#4f46e5","MeetingTypes":["rec45V8lwzABhzxnj","reccrUdSb62CwjgdQ","rec6UyAv7rbmTvmHo"],"WorkEnd":18,"Active":true,"WorkDays":["0","1","2","3","4","5","6"],"WorkStart":9,"Email":"camillefauveau.service@gmail.com","Name":"Camille Fauveau","Role":"Ventes & Partenariats","AgentId":"camille"}}
[2026-06-12 09:32:11] [INFO] Agents filtrés {"brut":5,"actifs":3}
[2026-06-12 09:32:11] [INFO] Airtable GET {"url":"https://api.airtable.com/v0/appaugs4hsh3iObQG/tblKwoh1rbbOReA4e"}
[2026-06-12 09:32:11] [INFO] Airtable réponse {"http_code":200,"records":6,"error":null,"raw_preview":"{\"records\":[{\"id\":\"rec45V8lwzABhzxnj\",\"createdTime\":\"2026-05-21T09:00:31.000Z\",\"fields\":{\"AgentId (from AgentsIds)\":[\"camille\"],\"Order\":1,\"TypeId\":\"decouverte\",\"PlanningStatus\":\"Appel de découverte réservé\",\"Questions\":[\"reczBLconKqCBbM7L\",\"recICq5F6bjW3gg4Y\",\"recVI2Xroi3F7gajR\",\"recNk9Zn7CTIQzOyr\",\"receiIq9tYcTjRovz\"],\"AgentsIds\":[\"recCWyXh0NLw7zBfB\"],\"Description\":\"Première prise de contact "}
[2026-06-12 09:32:11] [DEBUG] Champs premier type brut {"fields":{"AgentId (from AgentsIds)":["camille"],"Order":1,"TypeId":"decouverte","PlanningStatus":"Appel de découverte réservé","Questions":["reczBLconKqCBbM7L","recICq5F6bjW3gg4Y","recVI2Xroi3F7gajR","recNk9Zn7CTIQzOyr","receiIq9tYcTjRovz"],"AgentsIds":["recCWyXh0NLw7zBfB"],"Description":"Première prise de contact et analyse de vos besoins","Color":"#7c3aed","Label":"Appel Découverte GuestLucky","Icon":"💬","Duration":30}}
[2026-06-12 09:32:11] [INFO] Types filtrés {"brut":6,"actifs":4}
[2026-06-12 09:32:11] [INFO] Airtable GET {"url":"https://api.airtable.com/v0/appaugs4hsh3iObQG/tbls6HegQyAgFGWIH"}
[2026-06-12 09:32:12] [INFO] Airtable réponse {"http_code":200,"records":20,"error":null,"raw_preview":"{\"records\":[{\"id\":\"rec0H41i2V8jHzPsv\",\"createdTime\":\"2026-05-21T20:46:06.000Z\",\"fields\":{\"Question\":\"Quel outil utilisez-vous actuellement ?\",\"TypeId RecordID\":\"rec0H41i2V8jHzPsv\",\"Required\":true,\"FieldType\":\"single_choice\",\"Order\":2,\"Options\":\"SuperHote, Smoobu, Hostaway, Lodgify, Aucun, Autre\",\"MeetingTypes\":[\"reccrUdSb62CwjgdQ\"],\"TypeId\":[\"demo\"]}},{\"id\":\"rec46qcr9aIeN0kuP\",\"createdTime\":\"2026-"}
[2026-06-12 09:32:12] [INFO] Questions fetch {"count":20}
[2026-06-12 09:32:12] [INFO] Réponse finale {"agents":3,"meetingTypes":4}
[2026-06-12 10:45:53] [INFO] ───── Requête entrante ───── {"method":"GET","origin":"(none)","ip":"176.188.185.104","base_id":"appaugs4hsh3iObQG","tbl_agents":"tblrGsVbuPfuiYOtd","tbl_types":"tblKwoh1rbbOReA4e","token_hint":"patYRHbITQYMjt..."}
[2026-06-12 10:45:53] [INFO] Cache MISS — appel Airtable
[2026-06-12 10:45:53] [INFO] Airtable GET {"url":"https://api.airtable.com/v0/appaugs4hsh3iObQG/tblrGsVbuPfuiYOtd"}
[2026-06-12 10:45:55] [INFO] Airtable réponse {"http_code":200,"records":5,"error":null,"raw_preview":"{\"records\":[{\"id\":\"recCWyXh0NLw7zBfB\",\"createdTime\":\"2026-05-21T08:59:51.000Z\",\"fields\":{\"GoogleCalendarId\":\"a4f7a1684f155203185ea0459877db39f3df2778c6c563d3bdf0241fa90d7dd8@group.calendar.google.com\",\"Color\":\"#4f46e5\",\"MeetingTypes\":[\"rec45V8lwzABhzxnj\",\"reccrUdSb62CwjgdQ\",\"rec6UyAv7rbmTvmHo\"],\"WorkEnd\":18,\"Active\":true,\"WorkDays\":[\"0\",\"1\",\"2\",\"3\",\"4\",\"5\",\"6\"],\"WorkStart\":9,\"Email\":\"camillefauvea"}
[2026-06-12 10:45:55] [DEBUG] Champs premier agent brut {"fields":{"GoogleCalendarId":"a4f7a1684f155203185ea0459877db39f3df2778c6c563d3bdf0241fa90d7dd8@group.calendar.google.com","Color":"#4f46e5","MeetingTypes":["rec45V8lwzABhzxnj","reccrUdSb62CwjgdQ","rec6UyAv7rbmTvmHo"],"WorkEnd":18,"Active":true,"WorkDays":["0","1","2","3","4","5","6"],"WorkStart":9,"Email":"camillefauveau.service@gmail.com","Name":"Camille Fauveau","Role":"Ventes & Partenariats","AgentId":"camille"}}
[2026-06-12 10:45:55] [INFO] Agents filtrés {"brut":5,"actifs":3}
[2026-06-12 10:45:55] [INFO] Airtable GET {"url":"https://api.airtable.com/v0/appaugs4hsh3iObQG/tblKwoh1rbbOReA4e"}
[2026-06-12 10:45:55] [INFO] Airtable réponse {"http_code":200,"records":6,"error":null,"raw_preview":"{\"records\":[{\"id\":\"rec45V8lwzABhzxnj\",\"createdTime\":\"2026-05-21T09:00:31.000Z\",\"fields\":{\"AgentId (from AgentsIds)\":[\"camille\"],\"Order\":1,\"TypeId\":\"decouverte\",\"PlanningStatus\":\"Appel de découverte réservé\",\"Questions\":[\"reczBLconKqCBbM7L\",\"recICq5F6bjW3gg4Y\",\"recVI2Xroi3F7gajR\",\"recNk9Zn7CTIQzOyr\",\"receiIq9tYcTjRovz\"],\"AgentsIds\":[\"recCWyXh0NLw7zBfB\"],\"Description\":\"Première prise de contact "}
[2026-06-12 10:45:55] [DEBUG] Champs premier type brut {"fields":{"AgentId (from AgentsIds)":["camille"],"Order":1,"TypeId":"decouverte","PlanningStatus":"Appel de découverte réservé","Questions":["reczBLconKqCBbM7L","recICq5F6bjW3gg4Y","recVI2Xroi3F7gajR","recNk9Zn7CTIQzOyr","receiIq9tYcTjRovz"],"AgentsIds":["recCWyXh0NLw7zBfB"],"Description":"Première prise de contact et analyse de vos besoins","Color":"#7c3aed","Label":"Appel Découverte GuestLucky","Icon":"💬","Duration":30}}
[2026-06-12 10:45:55] [INFO] Types filtrés {"brut":6,"actifs":4}
[2026-06-12 10:45:55] [INFO] Airtable GET {"url":"https://api.airtable.com/v0/appaugs4hsh3iObQG/tbls6HegQyAgFGWIH"}
[2026-06-12 10:45:56] [INFO] Airtable réponse {"http_code":200,"records":20,"error":null,"raw_preview":"{\"records\":[{\"id\":\"rec0H41i2V8jHzPsv\",\"createdTime\":\"2026-05-21T20:46:06.000Z\",\"fields\":{\"Question\":\"Quel outil utilisez-vous actuellement ?\",\"TypeId RecordID\":\"rec0H41i2V8jHzPsv\",\"Required\":true,\"FieldType\":\"single_choice\",\"Order\":2,\"Options\":\"SuperHote, Smoobu, Hostaway, Lodgify, Aucun, Autre\",\"MeetingTypes\":[\"reccrUdSb62CwjgdQ\"],\"TypeId\":[\"demo\"]}},{\"id\":\"rec46qcr9aIeN0kuP\",\"createdTime\":\"2026-"}
[2026-06-12 10:45:56] [INFO] Questions fetch {"count":20}
[2026-06-12 10:45:56] [INFO] Réponse finale {"agents":3,"meetingTypes":4}
[2026-06-14 17:56:40] [INFO] ───── Requête entrante ───── {"method":"GET","origin":"(none)","ip":"89.91.154.55","base_id":"appaugs4hsh3iObQG","tbl_agents":"tblrGsVbuPfuiYOtd","tbl_types":"tblKwoh1rbbOReA4e","token_hint":"patYRHbITQYMjt..."}
[2026-06-14 17:56:41] [INFO] Cache MISS — appel Airtable
[2026-06-14 17:56:41] [INFO] Airtable GET {"url":"https://api.airtable.com/v0/appaugs4hsh3iObQG/tblrGsVbuPfuiYOtd"}
[2026-06-14 17:56:44] [INFO] Airtable réponse {"http_code":200,"records":5,"error":null,"raw_preview":"{\"records\":[{\"id\":\"recCWyXh0NLw7zBfB\",\"createdTime\":\"2026-05-21T08:59:51.000Z\",\"fields\":{\"GoogleCalendarId\":\"a4f7a1684f155203185ea0459877db39f3df2778c6c563d3bdf0241fa90d7dd8@group.calendar.google.com\",\"Color\":\"#4f46e5\",\"MeetingTypes\":[\"rec45V8lwzABhzxnj\",\"reccrUdSb62CwjgdQ\",\"rec6UyAv7rbmTvmHo\"],\"WorkEnd\":18,\"Active\":true,\"WorkDays\":[\"0\",\"1\",\"2\",\"3\",\"4\",\"5\",\"6\"],\"WorkStart\":9,\"Email\":\"camillefauvea"}
[2026-06-14 17:56:44] [DEBUG] Champs premier agent brut {"fields":{"GoogleCalendarId":"a4f7a1684f155203185ea0459877db39f3df2778c6c563d3bdf0241fa90d7dd8@group.calendar.google.com","Color":"#4f46e5","MeetingTypes":["rec45V8lwzABhzxnj","reccrUdSb62CwjgdQ","rec6UyAv7rbmTvmHo"],"WorkEnd":18,"Active":true,"WorkDays":["0","1","2","3","4","5","6"],"WorkStart":9,"Email":"camillefauveau.service@gmail.com","Name":"Camille Fauveau","Role":"Ventes & Partenariats","AgentId":"camille"}}
[2026-06-14 17:56:44] [INFO] Agents filtrés {"brut":5,"actifs":3}
[2026-06-14 17:56:44] [INFO] Airtable GET {"url":"https://api.airtable.com/v0/appaugs4hsh3iObQG/tblKwoh1rbbOReA4e"}
[2026-06-14 17:56:44] [INFO] Airtable réponse {"http_code":200,"records":6,"error":null,"raw_preview":"{\"records\":[{\"id\":\"rec45V8lwzABhzxnj\",\"createdTime\":\"2026-05-21T09:00:31.000Z\",\"fields\":{\"AgentId (from AgentsIds)\":[\"camille\"],\"Order\":1,\"TypeId\":\"decouverte\",\"PlanningStatus\":\"Appel de découverte réservé\",\"Questions\":[\"reczBLconKqCBbM7L\",\"recICq5F6bjW3gg4Y\",\"recVI2Xroi3F7gajR\",\"recNk9Zn7CTIQzOyr\",\"receiIq9tYcTjRovz\"],\"AgentsIds\":[\"recCWyXh0NLw7zBfB\"],\"Description\":\"Première prise de contact "}
[2026-06-14 17:56:44] [DEBUG] Champs premier type brut {"fields":{"AgentId (from AgentsIds)":["camille"],"Order":1,"TypeId":"decouverte","PlanningStatus":"Appel de découverte réservé","Questions":["reczBLconKqCBbM7L","recICq5F6bjW3gg4Y","recVI2Xroi3F7gajR","recNk9Zn7CTIQzOyr","receiIq9tYcTjRovz"],"AgentsIds":["recCWyXh0NLw7zBfB"],"Description":"Première prise de contact et analyse de vos besoins","Color":"#7c3aed","Label":"Appel Découverte GuestLucky","Icon":"💬","Duration":30}}
[2026-06-14 17:56:44] [INFO] Types filtrés {"brut":6,"actifs":4}
[2026-06-14 17:56:44] [INFO] Airtable GET {"url":"https://api.airtable.com/v0/appaugs4hsh3iObQG/tbls6HegQyAgFGWIH"}
[2026-06-14 17:56:44] [INFO] Airtable réponse {"http_code":200,"records":20,"error":null,"raw_preview":"{\"records\":[{\"id\":\"rec0H41i2V8jHzPsv\",\"createdTime\":\"2026-05-21T20:46:06.000Z\",\"fields\":{\"Question\":\"Quel outil utilisez-vous actuellement ?\",\"TypeId RecordID\":\"rec0H41i2V8jHzPsv\",\"Required\":true,\"FieldType\":\"single_choice\",\"Order\":2,\"Options\":\"SuperHote, Smoobu, Hostaway, Lodgify, Aucun, Autre\",\"MeetingTypes\":[\"reccrUdSb62CwjgdQ\"],\"TypeId\":[\"demo\"]}},{\"id\":\"rec46qcr9aIeN0kuP\",\"createdTime\":\"2026-"}
[2026-06-14 17:56:44] [INFO] Questions fetch {"count":20}
[2026-06-14 17:56:44] [INFO] Réponse finale {"agents":3,"meetingTypes":4}
[2026-06-15 07:49:33] [INFO] ───── Requête entrante ───── {"method":"GET","origin":"(none)","ip":"89.82.203.190","base_id":"appaugs4hsh3iObQG","tbl_agents":"tblrGsVbuPfuiYOtd","tbl_types":"tblKwoh1rbbOReA4e","token_hint":"patYRHbITQYMjt..."}
[2026-06-15 07:49:33] [INFO] Cache MISS — appel Airtable
[2026-06-15 07:49:33] [INFO] Airtable GET {"url":"https://api.airtable.com/v0/appaugs4hsh3iObQG/tblrGsVbuPfuiYOtd"}
[2026-06-15 07:49:35] [INFO] Airtable réponse {"http_code":200,"records":5,"error":null,"raw_preview":"{\"records\":[{\"id\":\"recCWyXh0NLw7zBfB\",\"createdTime\":\"2026-05-21T08:59:51.000Z\",\"fields\":{\"GoogleCalendarId\":\"a4f7a1684f155203185ea0459877db39f3df2778c6c563d3bdf0241fa90d7dd8@group.calendar.google.com\",\"Color\":\"#4f46e5\",\"MeetingTypes\":[\"rec45V8lwzABhzxnj\",\"reccrUdSb62CwjgdQ\",\"rec6UyAv7rbmTvmHo\"],\"WorkEnd\":18,\"Active\":true,\"WorkDays\":[\"0\",\"1\",\"2\",\"3\",\"4\",\"5\",\"6\"],\"WorkStart\":9,\"Email\":\"camillefauvea"}
[2026-06-15 07:49:35] [DEBUG] Champs premier agent brut {"fields":{"GoogleCalendarId":"a4f7a1684f155203185ea0459877db39f3df2778c6c563d3bdf0241fa90d7dd8@group.calendar.google.com","Color":"#4f46e5","MeetingTypes":["rec45V8lwzABhzxnj","reccrUdSb62CwjgdQ","rec6UyAv7rbmTvmHo"],"WorkEnd":18,"Active":true,"WorkDays":["0","1","2","3","4","5","6"],"WorkStart":9,"Email":"camillefauveau.service@gmail.com","Name":"Camille Fauveau","Role":"Ventes & Partenariats","AgentId":"camille"}}
[2026-06-15 07:49:35] [INFO] Agents filtrés {"brut":5,"actifs":3}
[2026-06-15 07:49:35] [INFO] Airtable GET {"url":"https://api.airtable.com/v0/appaugs4hsh3iObQG/tblKwoh1rbbOReA4e"}
[2026-06-15 07:49:35] [INFO] Airtable réponse {"http_code":200,"records":6,"error":null,"raw_preview":"{\"records\":[{\"id\":\"rec45V8lwzABhzxnj\",\"createdTime\":\"2026-05-21T09:00:31.000Z\",\"fields\":{\"AgentId (from AgentsIds)\":[\"camille\"],\"Order\":1,\"TypeId\":\"decouverte\",\"PlanningStatus\":\"Appel de découverte réservé\",\"Questions\":[\"reczBLconKqCBbM7L\",\"recICq5F6bjW3gg4Y\",\"recVI2Xroi3F7gajR\",\"recNk9Zn7CTIQzOyr\",\"receiIq9tYcTjRovz\"],\"AgentsIds\":[\"recCWyXh0NLw7zBfB\"],\"Description\":\"Première prise de contact "}
[2026-06-15 07:49:35] [DEBUG] Champs premier type brut {"fields":{"AgentId (from AgentsIds)":["camille"],"Order":1,"TypeId":"decouverte","PlanningStatus":"Appel de découverte réservé","Questions":["reczBLconKqCBbM7L","recICq5F6bjW3gg4Y","recVI2Xroi3F7gajR","recNk9Zn7CTIQzOyr","receiIq9tYcTjRovz"],"AgentsIds":["recCWyXh0NLw7zBfB"],"Description":"Première prise de contact et analyse de vos besoins","Color":"#7c3aed","Label":"Appel Découverte GuestLucky","Icon":"💬","Duration":30}}
[2026-06-15 07:49:35] [INFO] Types filtrés {"brut":6,"actifs":4}
[2026-06-15 07:49:35] [INFO] Airtable GET {"url":"https://api.airtable.com/v0/appaugs4hsh3iObQG/tbls6HegQyAgFGWIH"}
[2026-06-15 07:49:36] [INFO] Airtable réponse {"http_code":200,"records":20,"error":null,"raw_preview":"{\"records\":[{\"id\":\"rec0H41i2V8jHzPsv\",\"createdTime\":\"2026-05-21T20:46:06.000Z\",\"fields\":{\"Question\":\"Quel outil utilisez-vous actuellement ?\",\"TypeId RecordID\":\"rec0H41i2V8jHzPsv\",\"Required\":true,\"FieldType\":\"single_choice\",\"Order\":2,\"Options\":\"SuperHote, Smoobu, Hostaway, Lodgify, Aucun, Autre\",\"MeetingTypes\":[\"reccrUdSb62CwjgdQ\"],\"TypeId\":[\"demo\"]}},{\"id\":\"rec46qcr9aIeN0kuP\",\"createdTime\":\"2026-"}
[2026-06-15 07:49:36] [INFO] Questions fetch {"count":20}
[2026-06-15 07:49:36] [INFO] Réponse finale {"agents":3,"meetingTypes":4}
[2026-06-15 16:09:15] [INFO] ───── Requête entrante ───── {"method":"GET","origin":"(none)","ip":"109.223.4.154","base_id":"appaugs4hsh3iObQG","tbl_agents":"tblrGsVbuPfuiYOtd","tbl_types":"tblKwoh1rbbOReA4e","token_hint":"patYRHbITQYMjt..."}
[2026-06-15 16:09:15] [INFO] Cache MISS — appel Airtable
[2026-06-15 16:09:15] [INFO] Airtable GET {"url":"https://api.airtable.com/v0/appaugs4hsh3iObQG/tblrGsVbuPfuiYOtd"}
[2026-06-15 16:09:17] [INFO] Airtable réponse {"http_code":200,"records":5,"error":null,"raw_preview":"{\"records\":[{\"id\":\"recCWyXh0NLw7zBfB\",\"createdTime\":\"2026-05-21T08:59:51.000Z\",\"fields\":{\"GoogleCalendarId\":\"a4f7a1684f155203185ea0459877db39f3df2778c6c563d3bdf0241fa90d7dd8@group.calendar.google.com\",\"Color\":\"#4f46e5\",\"MeetingTypes\":[\"rec45V8lwzABhzxnj\",\"reccrUdSb62CwjgdQ\",\"rec6UyAv7rbmTvmHo\"],\"WorkEnd\":18,\"Active\":true,\"WorkDays\":[\"0\",\"1\",\"2\",\"3\",\"4\",\"5\",\"6\"],\"WorkStart\":9,\"Email\":\"camillefauvea"}
[2026-06-15 16:09:17] [DEBUG] Champs premier agent brut {"fields":{"GoogleCalendarId":"a4f7a1684f155203185ea0459877db39f3df2778c6c563d3bdf0241fa90d7dd8@group.calendar.google.com","Color":"#4f46e5","MeetingTypes":["rec45V8lwzABhzxnj","reccrUdSb62CwjgdQ","rec6UyAv7rbmTvmHo"],"WorkEnd":18,"Active":true,"WorkDays":["0","1","2","3","4","5","6"],"WorkStart":9,"Email":"camillefauveau.service@gmail.com","Name":"Camille Fauveau","Role":"Ventes & Partenariats","AgentId":"camille"}}
[2026-06-15 16:09:17] [INFO] Agents filtrés {"brut":5,"actifs":3}
[2026-06-15 16:09:17] [INFO] Airtable GET {"url":"https://api.airtable.com/v0/appaugs4hsh3iObQG/tblKwoh1rbbOReA4e"}
[2026-06-15 16:09:18] [INFO] Airtable réponse {"http_code":200,"records":6,"error":null,"raw_preview":"{\"records\":[{\"id\":\"rec45V8lwzABhzxnj\",\"createdTime\":\"2026-05-21T09:00:31.000Z\",\"fields\":{\"AgentId (from AgentsIds)\":[\"camille\"],\"Order\":1,\"TypeId\":\"decouverte\",\"PlanningStatus\":\"Appel de découverte réservé\",\"Questions\":[\"reczBLconKqCBbM7L\",\"recICq5F6bjW3gg4Y\",\"recVI2Xroi3F7gajR\",\"recNk9Zn7CTIQzOyr\",\"receiIq9tYcTjRovz\"],\"AgentsIds\":[\"recCWyXh0NLw7zBfB\"],\"Description\":\"Première prise de contact "}
[2026-06-15 16:09:18] [DEBUG] Champs premier type brut {"fields":{"AgentId (from AgentsIds)":["camille"],"Order":1,"TypeId":"decouverte","PlanningStatus":"Appel de découverte réservé","Questions":["reczBLconKqCBbM7L","recICq5F6bjW3gg4Y","recVI2Xroi3F7gajR","recNk9Zn7CTIQzOyr","receiIq9tYcTjRovz"],"AgentsIds":["recCWyXh0NLw7zBfB"],"Description":"Première prise de contact et analyse de vos besoins","Color":"#7c3aed","Label":"Appel Découverte GuestLucky","Icon":"💬","Duration":30}}
[2026-06-15 16:09:18] [INFO] Types filtrés {"brut":6,"actifs":4}
[2026-06-15 16:09:18] [INFO] Airtable GET {"url":"https://api.airtable.com/v0/appaugs4hsh3iObQG/tbls6HegQyAgFGWIH"}
[2026-06-15 16:09:18] [INFO] Airtable réponse {"http_code":200,"records":20,"error":null,"raw_preview":"{\"records\":[{\"id\":\"rec0H41i2V8jHzPsv\",\"createdTime\":\"2026-05-21T20:46:06.000Z\",\"fields\":{\"Question\":\"Quel outil utilisez-vous actuellement ?\",\"TypeId RecordID\":\"rec0H41i2V8jHzPsv\",\"Required\":true,\"FieldType\":\"single_choice\",\"Order\":2,\"Options\":\"SuperHote, Smoobu, Hostaway, Lodgify, Aucun, Autre\",\"MeetingTypes\":[\"reccrUdSb62CwjgdQ\"],\"TypeId\":[\"demo\"]}},{\"id\":\"rec46qcr9aIeN0kuP\",\"createdTime\":\"2026-"}
[2026-06-15 16:09:18] [INFO] Questions fetch {"count":20}
[2026-06-15 16:09:18] [INFO] Réponse finale {"agents":3,"meetingTypes":4}
[2026-06-16 10:17:47] [INFO] ───── Requête entrante ───── {"method":"GET","origin":"(none)","ip":"91.161.69.201","base_id":"appaugs4hsh3iObQG","tbl_agents":"tblrGsVbuPfuiYOtd","tbl_types":"tblKwoh1rbbOReA4e","token_hint":"patYRHbITQYMjt..."}
[2026-06-16 10:17:47] [INFO] Cache MISS — appel Airtable
[2026-06-16 10:17:47] [INFO] Airtable GET {"url":"https://api.airtable.com/v0/appaugs4hsh3iObQG/tblrGsVbuPfuiYOtd"}
[2026-06-16 10:17:49] [INFO] Airtable réponse {"http_code":200,"records":5,"error":null,"raw_preview":"{\"records\":[{\"id\":\"recCWyXh0NLw7zBfB\",\"createdTime\":\"2026-05-21T08:59:51.000Z\",\"fields\":{\"GoogleCalendarId\":\"a4f7a1684f155203185ea0459877db39f3df2778c6c563d3bdf0241fa90d7dd8@group.calendar.google.com\",\"Color\":\"#4f46e5\",\"MeetingTypes\":[\"rec45V8lwzABhzxnj\",\"reccrUdSb62CwjgdQ\",\"rec6UyAv7rbmTvmHo\"],\"WorkEnd\":18,\"Active\":true,\"WorkDays\":[\"0\",\"1\",\"2\",\"3\",\"4\",\"5\",\"6\"],\"WorkStart\":9,\"Email\":\"camillefauvea"}
[2026-06-16 10:17:49] [DEBUG] Champs premier agent brut {"fields":{"GoogleCalendarId":"a4f7a1684f155203185ea0459877db39f3df2778c6c563d3bdf0241fa90d7dd8@group.calendar.google.com","Color":"#4f46e5","MeetingTypes":["rec45V8lwzABhzxnj","reccrUdSb62CwjgdQ","rec6UyAv7rbmTvmHo"],"WorkEnd":18,"Active":true,"WorkDays":["0","1","2","3","4","5","6"],"WorkStart":9,"Email":"camillefauveau.service@gmail.com","Name":"Camille Fauveau","Role":"Ventes & Partenariats","AgentId":"camille"}}
[2026-06-16 10:17:49] [INFO] Agents filtrés {"brut":5,"actifs":3}
[2026-06-16 10:17:49] [INFO] Airtable GET {"url":"https://api.airtable.com/v0/appaugs4hsh3iObQG/tblKwoh1rbbOReA4e"}
[2026-06-16 10:17:50] [INFO] Airtable réponse {"http_code":200,"records":6,"error":null,"raw_preview":"{\"records\":[{\"id\":\"rec45V8lwzABhzxnj\",\"createdTime\":\"2026-05-21T09:00:31.000Z\",\"fields\":{\"AgentId (from AgentsIds)\":[\"camille\"],\"Order\":1,\"TypeId\":\"decouverte\",\"PlanningStatus\":\"Appel de découverte réservé\",\"Questions\":[\"reczBLconKqCBbM7L\",\"recICq5F6bjW3gg4Y\",\"recVI2Xroi3F7gajR\",\"recNk9Zn7CTIQzOyr\",\"receiIq9tYcTjRovz\"],\"AgentsIds\":[\"recCWyXh0NLw7zBfB\"],\"Description\":\"Première prise de contact "}
[2026-06-16 10:17:50] [DEBUG] Champs premier type brut {"fields":{"AgentId (from AgentsIds)":["camille"],"Order":1,"TypeId":"decouverte","PlanningStatus":"Appel de découverte réservé","Questions":["reczBLconKqCBbM7L","recICq5F6bjW3gg4Y","recVI2Xroi3F7gajR","recNk9Zn7CTIQzOyr","receiIq9tYcTjRovz"],"AgentsIds":["recCWyXh0NLw7zBfB"],"Description":"Première prise de contact et analyse de vos besoins","Color":"#7c3aed","Label":"Appel Découverte GuestLucky","Icon":"💬","Duration":30}}
[2026-06-16 10:17:50] [INFO] Types filtrés {"brut":6,"actifs":4}
[2026-06-16 10:17:50] [INFO] Airtable GET {"url":"https://api.airtable.com/v0/appaugs4hsh3iObQG/tbls6HegQyAgFGWIH"}
[2026-06-16 10:17:50] [INFO] Airtable réponse {"http_code":200,"records":20,"error":null,"raw_preview":"{\"records\":[{\"id\":\"rec0H41i2V8jHzPsv\",\"createdTime\":\"2026-05-21T20:46:06.000Z\",\"fields\":{\"Question\":\"Quel outil utilisez-vous actuellement ?\",\"TypeId RecordID\":\"rec0H41i2V8jHzPsv\",\"Required\":true,\"FieldType\":\"single_choice\",\"Order\":2,\"Options\":\"SuperHote, Smoobu, Hostaway, Lodgify, Aucun, Autre\",\"MeetingTypes\":[\"reccrUdSb62CwjgdQ\"],\"TypeId\":[\"demo\"]}},{\"id\":\"rec46qcr9aIeN0kuP\",\"createdTime\":\"2026-"}
[2026-06-16 10:17:50] [INFO] Questions fetch {"count":20}
[2026-06-16 10:17:50] [INFO] Réponse finale {"agents":3,"meetingTypes":4}
[2026-06-16 11:00:32] [INFO] ───── Requête entrante ───── {"method":"GET","origin":"(none)","ip":"176.133.181.96","base_id":"appaugs4hsh3iObQG","tbl_agents":"tblrGsVbuPfuiYOtd","tbl_types":"tblKwoh1rbbOReA4e","token_hint":"patYRHbITQYMjt..."}
[2026-06-16 11:00:32] [INFO] Cache MISS — appel Airtable
[2026-06-16 11:00:32] [INFO] Airtable GET {"url":"https://api.airtable.com/v0/appaugs4hsh3iObQG/tblrGsVbuPfuiYOtd"}
[2026-06-16 11:00:35] [INFO] Airtable réponse {"http_code":200,"records":5,"error":null,"raw_preview":"{\"records\":[{\"id\":\"recCWyXh0NLw7zBfB\",\"createdTime\":\"2026-05-21T08:59:51.000Z\",\"fields\":{\"GoogleCalendarId\":\"a4f7a1684f155203185ea0459877db39f3df2778c6c563d3bdf0241fa90d7dd8@group.calendar.google.com\",\"Color\":\"#4f46e5\",\"MeetingTypes\":[\"rec45V8lwzABhzxnj\",\"reccrUdSb62CwjgdQ\",\"rec6UyAv7rbmTvmHo\"],\"WorkEnd\":18,\"Active\":true,\"WorkDays\":[\"0\",\"1\",\"2\",\"3\",\"4\",\"5\",\"6\"],\"WorkStart\":9,\"Email\":\"camillefauvea"}
[2026-06-16 11:00:35] [DEBUG] Champs premier agent brut {"fields":{"GoogleCalendarId":"a4f7a1684f155203185ea0459877db39f3df2778c6c563d3bdf0241fa90d7dd8@group.calendar.google.com","Color":"#4f46e5","MeetingTypes":["rec45V8lwzABhzxnj","reccrUdSb62CwjgdQ","rec6UyAv7rbmTvmHo"],"WorkEnd":18,"Active":true,"WorkDays":["0","1","2","3","4","5","6"],"WorkStart":9,"Email":"camillefauveau.service@gmail.com","Name":"Camille Fauveau","Role":"Ventes & Partenariats","AgentId":"camille"}}
[2026-06-16 11:00:35] [INFO] Agents filtrés {"brut":5,"actifs":3}
[2026-06-16 11:00:35] [INFO] Airtable GET {"url":"https://api.airtable.com/v0/appaugs4hsh3iObQG/tblKwoh1rbbOReA4e"}
[2026-06-16 11:00:35] [INFO] Airtable réponse {"http_code":200,"records":6,"error":null,"raw_preview":"{\"records\":[{\"id\":\"rec45V8lwzABhzxnj\",\"createdTime\":\"2026-05-21T09:00:31.000Z\",\"fields\":{\"AgentId (from AgentsIds)\":[\"camille\"],\"Order\":1,\"TypeId\":\"decouverte\",\"PlanningStatus\":\"Appel de découverte réservé\",\"Questions\":[\"reczBLconKqCBbM7L\",\"recICq5F6bjW3gg4Y\",\"recVI2Xroi3F7gajR\",\"recNk9Zn7CTIQzOyr\",\"receiIq9tYcTjRovz\"],\"AgentsIds\":[\"recCWyXh0NLw7zBfB\"],\"Description\":\"Première prise de contact "}
[2026-06-16 11:00:35] [DEBUG] Champs premier type brut {"fields":{"AgentId (from AgentsIds)":["camille"],"Order":1,"TypeId":"decouverte","PlanningStatus":"Appel de découverte réservé","Questions":["reczBLconKqCBbM7L","recICq5F6bjW3gg4Y","recVI2Xroi3F7gajR","recNk9Zn7CTIQzOyr","receiIq9tYcTjRovz"],"AgentsIds":["recCWyXh0NLw7zBfB"],"Description":"Première prise de contact et analyse de vos besoins","Color":"#7c3aed","Label":"Appel Découverte GuestLucky","Icon":"💬","Duration":30}}
[2026-06-16 11:00:35] [INFO] Types filtrés {"brut":6,"actifs":4}
[2026-06-16 11:00:35] [INFO] Airtable GET {"url":"https://api.airtable.com/v0/appaugs4hsh3iObQG/tbls6HegQyAgFGWIH"}
[2026-06-16 11:00:36] [INFO] Airtable réponse {"http_code":200,"records":20,"error":null,"raw_preview":"{\"records\":[{\"id\":\"rec0H41i2V8jHzPsv\",\"createdTime\":\"2026-05-21T20:46:06.000Z\",\"fields\":{\"Question\":\"Quel outil utilisez-vous actuellement ?\",\"TypeId RecordID\":\"rec0H41i2V8jHzPsv\",\"Required\":true,\"FieldType\":\"single_choice\",\"Order\":2,\"Options\":\"SuperHote, Smoobu, Hostaway, Lodgify, Aucun, Autre\",\"MeetingTypes\":[\"reccrUdSb62CwjgdQ\"],\"TypeId\":[\"demo\"]}},{\"id\":\"rec46qcr9aIeN0kuP\",\"createdTime\":\"2026-"}
[2026-06-16 11:00:36] [INFO] Questions fetch {"count":20}
[2026-06-16 11:00:36] [INFO] Réponse finale {"agents":3,"meetingTypes":4}
[2026-06-16 11:00:39] [INFO] ───── Requête entrante ───── {"method":"GET","origin":"(none)","ip":"66.249.93.226","base_id":"appaugs4hsh3iObQG","tbl_agents":"tblrGsVbuPfuiYOtd","tbl_types":"tblKwoh1rbbOReA4e","token_hint":"patYRHbITQYMjt..."}
[2026-06-16 11:00:39] [INFO] Cache HIT
[2026-06-16 12:04:24] [INFO] ───── Requête entrante ───── {"method":"GET","origin":"(none)","ip":"45.141.123.70","base_id":"appaugs4hsh3iObQG","tbl_agents":"tblrGsVbuPfuiYOtd","tbl_types":"tblKwoh1rbbOReA4e","token_hint":"patYRHbITQYMjt..."}
[2026-06-16 12:04:24] [INFO] Cache MISS — appel Airtable
[2026-06-16 12:04:24] [INFO] Airtable GET {"url":"https://api.airtable.com/v0/appaugs4hsh3iObQG/tblrGsVbuPfuiYOtd"}
[2026-06-16 12:04:26] [INFO] Airtable réponse {"http_code":200,"records":5,"error":null,"raw_preview":"{\"records\":[{\"id\":\"recCWyXh0NLw7zBfB\",\"createdTime\":\"2026-05-21T08:59:51.000Z\",\"fields\":{\"GoogleCalendarId\":\"a4f7a1684f155203185ea0459877db39f3df2778c6c563d3bdf0241fa90d7dd8@group.calendar.google.com\",\"Color\":\"#4f46e5\",\"MeetingTypes\":[\"rec45V8lwzABhzxnj\",\"reccrUdSb62CwjgdQ\",\"rec6UyAv7rbmTvmHo\"],\"WorkEnd\":18,\"Active\":true,\"WorkDays\":[\"0\",\"1\",\"2\",\"3\",\"4\",\"5\",\"6\"],\"WorkStart\":9,\"Email\":\"camillefauvea"}
[2026-06-16 12:04:26] [DEBUG] Champs premier agent brut {"fields":{"GoogleCalendarId":"a4f7a1684f155203185ea0459877db39f3df2778c6c563d3bdf0241fa90d7dd8@group.calendar.google.com","Color":"#4f46e5","MeetingTypes":["rec45V8lwzABhzxnj","reccrUdSb62CwjgdQ","rec6UyAv7rbmTvmHo"],"WorkEnd":18,"Active":true,"WorkDays":["0","1","2","3","4","5","6"],"WorkStart":9,"Email":"camillefauveau.service@gmail.com","Name":"Camille Fauveau","Role":"Ventes & Partenariats","AgentId":"camille"}}
[2026-06-16 12:04:26] [INFO] Agents filtrés {"brut":5,"actifs":3}
[2026-06-16 12:04:26] [INFO] Airtable GET {"url":"https://api.airtable.com/v0/appaugs4hsh3iObQG/tblKwoh1rbbOReA4e"}
[2026-06-16 12:04:27] [INFO] Airtable réponse {"http_code":200,"records":6,"error":null,"raw_preview":"{\"records\":[{\"id\":\"rec45V8lwzABhzxnj\",\"createdTime\":\"2026-05-21T09:00:31.000Z\",\"fields\":{\"AgentId (from AgentsIds)\":[\"camille\"],\"Order\":1,\"TypeId\":\"decouverte\",\"PlanningStatus\":\"Appel de découverte réservé\",\"Questions\":[\"reczBLconKqCBbM7L\",\"recICq5F6bjW3gg4Y\",\"recVI2Xroi3F7gajR\",\"recNk9Zn7CTIQzOyr\",\"receiIq9tYcTjRovz\"],\"AgentsIds\":[\"recCWyXh0NLw7zBfB\"],\"Description\":\"Première prise de contact "}
[2026-06-16 12:04:27] [DEBUG] Champs premier type brut {"fields":{"AgentId (from AgentsIds)":["camille"],"Order":1,"TypeId":"decouverte","PlanningStatus":"Appel de découverte réservé","Questions":["reczBLconKqCBbM7L","recICq5F6bjW3gg4Y","recVI2Xroi3F7gajR","recNk9Zn7CTIQzOyr","receiIq9tYcTjRovz"],"AgentsIds":["recCWyXh0NLw7zBfB"],"Description":"Première prise de contact et analyse de vos besoins","Color":"#7c3aed","Label":"Appel Découverte GuestLucky","Icon":"💬","Duration":30}}
[2026-06-16 12:04:27] [INFO] Types filtrés {"brut":6,"actifs":4}
[2026-06-16 12:04:27] [INFO] Airtable GET {"url":"https://api.airtable.com/v0/appaugs4hsh3iObQG/tbls6HegQyAgFGWIH"}
[2026-06-16 12:04:27] [INFO] Airtable réponse {"http_code":200,"records":20,"error":null,"raw_preview":"{\"records\":[{\"id\":\"rec0H41i2V8jHzPsv\",\"createdTime\":\"2026-05-21T20:46:06.000Z\",\"fields\":{\"Question\":\"Quel outil utilisez-vous actuellement ?\",\"TypeId RecordID\":\"rec0H41i2V8jHzPsv\",\"Required\":true,\"FieldType\":\"single_choice\",\"Order\":2,\"Options\":\"SuperHote, Smoobu, Hostaway, Lodgify, Aucun, Autre\",\"MeetingTypes\":[\"reccrUdSb62CwjgdQ\"],\"TypeId\":[\"demo\"]}},{\"id\":\"rec46qcr9aIeN0kuP\",\"createdTime\":\"2026-"}
[2026-06-16 12:04:27] [INFO] Questions fetch {"count":20}
[2026-06-16 12:04:27] [INFO] Réponse finale {"agents":3,"meetingTypes":4}
[2026-06-16 12:17:09] [INFO] ───── Requête entrante ───── {"method":"GET","origin":"(none)","ip":"45.141.123.70","base_id":"appaugs4hsh3iObQG","tbl_agents":"tblrGsVbuPfuiYOtd","tbl_types":"tblKwoh1rbbOReA4e","token_hint":"patYRHbITQYMjt..."}
[2026-06-16 12:17:09] [INFO] Cache MISS — appel Airtable
[2026-06-16 12:17:09] [INFO] Airtable GET {"url":"https://api.airtable.com/v0/appaugs4hsh3iObQG/tblrGsVbuPfuiYOtd"}
[2026-06-16 12:17:12] [INFO] Airtable réponse {"http_code":200,"records":5,"error":null,"raw_preview":"{\"records\":[{\"id\":\"recCWyXh0NLw7zBfB\",\"createdTime\":\"2026-05-21T08:59:51.000Z\",\"fields\":{\"GoogleCalendarId\":\"a4f7a1684f155203185ea0459877db39f3df2778c6c563d3bdf0241fa90d7dd8@group.calendar.google.com\",\"Color\":\"#4f46e5\",\"MeetingTypes\":[\"rec45V8lwzABhzxnj\",\"reccrUdSb62CwjgdQ\",\"rec6UyAv7rbmTvmHo\"],\"WorkEnd\":18,\"Active\":true,\"WorkDays\":[\"0\",\"1\",\"2\",\"3\",\"4\",\"5\",\"6\"],\"WorkStart\":9,\"Email\":\"camillefauvea"}
[2026-06-16 12:17:12] [DEBUG] Champs premier agent brut {"fields":{"GoogleCalendarId":"a4f7a1684f155203185ea0459877db39f3df2778c6c563d3bdf0241fa90d7dd8@group.calendar.google.com","Color":"#4f46e5","MeetingTypes":["rec45V8lwzABhzxnj","reccrUdSb62CwjgdQ","rec6UyAv7rbmTvmHo"],"WorkEnd":18,"Active":true,"WorkDays":["0","1","2","3","4","5","6"],"WorkStart":9,"Email":"camillefauveau.service@gmail.com","Name":"Camille Fauveau","Role":"Ventes & Partenariats","AgentId":"camille"}}
[2026-06-16 12:17:12] [INFO] Agents filtrés {"brut":5,"actifs":3}
[2026-06-16 12:17:12] [INFO] Airtable GET {"url":"https://api.airtable.com/v0/appaugs4hsh3iObQG/tblKwoh1rbbOReA4e"}
[2026-06-16 12:17:13] [INFO] Airtable réponse {"http_code":200,"records":6,"error":null,"raw_preview":"{\"records\":[{\"id\":\"rec45V8lwzABhzxnj\",\"createdTime\":\"2026-05-21T09:00:31.000Z\",\"fields\":{\"AgentId (from AgentsIds)\":[\"camille\"],\"Order\":1,\"TypeId\":\"decouverte\",\"PlanningStatus\":\"Appel de découverte réservé\",\"Questions\":[\"reczBLconKqCBbM7L\",\"recICq5F6bjW3gg4Y\",\"recVI2Xroi3F7gajR\",\"recNk9Zn7CTIQzOyr\",\"receiIq9tYcTjRovz\"],\"AgentsIds\":[\"recCWyXh0NLw7zBfB\"],\"Description\":\"Première prise de contact "}
[2026-06-16 12:17:13] [DEBUG] Champs premier type brut {"fields":{"AgentId (from AgentsIds)":["camille"],"Order":1,"TypeId":"decouverte","PlanningStatus":"Appel de découverte réservé","Questions":["reczBLconKqCBbM7L","recICq5F6bjW3gg4Y","recVI2Xroi3F7gajR","recNk9Zn7CTIQzOyr","receiIq9tYcTjRovz"],"AgentsIds":["recCWyXh0NLw7zBfB"],"Description":"Première prise de contact et analyse de vos besoins","Color":"#7c3aed","Label":"Appel Découverte GuestLucky","Icon":"💬","Duration":30}}
[2026-06-16 12:17:13] [INFO] Types filtrés {"brut":6,"actifs":4}
[2026-06-16 12:17:13] [INFO] Airtable GET {"url":"https://api.airtable.com/v0/appaugs4hsh3iObQG/tbls6HegQyAgFGWIH"}
[2026-06-16 12:17:13] [INFO] Airtable réponse {"http_code":200,"records":20,"error":null,"raw_preview":"{\"records\":[{\"id\":\"rec0H41i2V8jHzPsv\",\"createdTime\":\"2026-05-21T20:46:06.000Z\",\"fields\":{\"Question\":\"Quel outil utilisez-vous actuellement ?\",\"TypeId RecordID\":\"rec0H41i2V8jHzPsv\",\"Required\":true,\"FieldType\":\"single_choice\",\"Order\":2,\"Options\":\"SuperHote, Smoobu, Hostaway, Lodgify, Aucun, Autre\",\"MeetingTypes\":[\"reccrUdSb62CwjgdQ\"],\"TypeId\":[\"demo\"]}},{\"id\":\"rec46qcr9aIeN0kuP\",\"createdTime\":\"2026-"}
[2026-06-16 12:17:13] [INFO] Questions fetch {"count":20}
[2026-06-16 12:17:13] [INFO] Réponse finale {"agents":3,"meetingTypes":4}
[2026-06-17 05:38:22] [INFO] ───── Requête entrante ───── {"method":"GET","origin":"(none)","ip":"176.188.171.71","base_id":"appaugs4hsh3iObQG","tbl_agents":"tblrGsVbuPfuiYOtd","tbl_types":"tblKwoh1rbbOReA4e","token_hint":"patYRHbITQYMjt..."}
[2026-06-17 05:38:22] [INFO] Cache MISS — appel Airtable
[2026-06-17 05:38:22] [INFO] Airtable GET {"url":"https://api.airtable.com/v0/appaugs4hsh3iObQG/tblrGsVbuPfuiYOtd"}
[2026-06-17 05:38:24] [INFO] Airtable réponse {"http_code":200,"records":5,"error":null,"raw_preview":"{\"records\":[{\"id\":\"recCWyXh0NLw7zBfB\",\"createdTime\":\"2026-05-21T08:59:51.000Z\",\"fields\":{\"GoogleCalendarId\":\"a4f7a1684f155203185ea0459877db39f3df2778c6c563d3bdf0241fa90d7dd8@group.calendar.google.com\",\"Color\":\"#4f46e5\",\"MeetingTypes\":[\"rec45V8lwzABhzxnj\",\"reccrUdSb62CwjgdQ\",\"rec6UyAv7rbmTvmHo\"],\"WorkEnd\":18,\"Active\":true,\"WorkDays\":[\"0\",\"1\",\"2\",\"3\",\"4\",\"5\",\"6\"],\"WorkStart\":9,\"Email\":\"camillefauvea"}
[2026-06-17 05:38:24] [DEBUG] Champs premier agent brut {"fields":{"GoogleCalendarId":"a4f7a1684f155203185ea0459877db39f3df2778c6c563d3bdf0241fa90d7dd8@group.calendar.google.com","Color":"#4f46e5","MeetingTypes":["rec45V8lwzABhzxnj","reccrUdSb62CwjgdQ","rec6UyAv7rbmTvmHo"],"WorkEnd":18,"Active":true,"WorkDays":["0","1","2","3","4","5","6"],"WorkStart":9,"Email":"camillefauveau.service@gmail.com","Name":"Camille Fauveau","Role":"Ventes & Partenariats","AgentId":"camille"}}
[2026-06-17 05:38:24] [INFO] Agents filtrés {"brut":5,"actifs":3}
[2026-06-17 05:38:24] [INFO] Airtable GET {"url":"https://api.airtable.com/v0/appaugs4hsh3iObQG/tblKwoh1rbbOReA4e"}
[2026-06-17 05:38:24] [INFO] Airtable réponse {"http_code":200,"records":6,"error":null,"raw_preview":"{\"records\":[{\"id\":\"rec45V8lwzABhzxnj\",\"createdTime\":\"2026-05-21T09:00:31.000Z\",\"fields\":{\"AgentId (from AgentsIds)\":[\"camille\"],\"Order\":1,\"TypeId\":\"decouverte\",\"PlanningStatus\":\"Appel de découverte réservé\",\"Questions\":[\"reczBLconKqCBbM7L\",\"recICq5F6bjW3gg4Y\",\"recVI2Xroi3F7gajR\",\"recNk9Zn7CTIQzOyr\",\"receiIq9tYcTjRovz\"],\"AgentsIds\":[\"recCWyXh0NLw7zBfB\"],\"Description\":\"Première prise de contact "}
[2026-06-17 05:38:24] [DEBUG] Champs premier type brut {"fields":{"AgentId (from AgentsIds)":["camille"],"Order":1,"TypeId":"decouverte","PlanningStatus":"Appel de découverte réservé","Questions":["reczBLconKqCBbM7L","recICq5F6bjW3gg4Y","recVI2Xroi3F7gajR","recNk9Zn7CTIQzOyr","receiIq9tYcTjRovz"],"AgentsIds":["recCWyXh0NLw7zBfB"],"Description":"Première prise de contact et analyse de vos besoins","Color":"#7c3aed","Label":"Appel Découverte GuestLucky","Icon":"💬","Duration":30}}
[2026-06-17 05:38:24] [INFO] Types filtrés {"brut":6,"actifs":4}
[2026-06-17 05:38:24] [INFO] Airtable GET {"url":"https://api.airtable.com/v0/appaugs4hsh3iObQG/tbls6HegQyAgFGWIH"}
[2026-06-17 05:38:25] [INFO] Airtable réponse {"http_code":200,"records":20,"error":null,"raw_preview":"{\"records\":[{\"id\":\"rec0H41i2V8jHzPsv\",\"createdTime\":\"2026-05-21T20:46:06.000Z\",\"fields\":{\"Question\":\"Quel outil utilisez-vous actuellement ?\",\"TypeId RecordID\":\"rec0H41i2V8jHzPsv\",\"Required\":true,\"FieldType\":\"single_choice\",\"Order\":2,\"Options\":\"SuperHote, Smoobu, Hostaway, Lodgify, Aucun, Autre\",\"MeetingTypes\":[\"reccrUdSb62CwjgdQ\"],\"TypeId\":[\"demo\"]}},{\"id\":\"rec46qcr9aIeN0kuP\",\"createdTime\":\"2026-"}
[2026-06-17 05:38:25] [INFO] Questions fetch {"count":20}
[2026-06-17 05:38:25] [INFO] Réponse finale {"agents":3,"meetingTypes":4}
[2026-06-17 08:58:49] [INFO] ───── Requête entrante ───── {"method":"GET","origin":"(none)","ip":"109.223.4.154","base_id":"appaugs4hsh3iObQG","tbl_agents":"tblrGsVbuPfuiYOtd","tbl_types":"tblKwoh1rbbOReA4e","token_hint":"patYRHbITQYMjt..."}
[2026-06-17 08:58:49] [INFO] Cache vidé manuellement
[2026-06-17 08:58:49] [INFO] Cache MISS — appel Airtable
[2026-06-17 08:58:49] [INFO] Airtable GET {"url":"https://api.airtable.com/v0/appaugs4hsh3iObQG/tblrGsVbuPfuiYOtd"}
[2026-06-17 08:58:52] [INFO] Airtable réponse {"http_code":200,"records":5,"error":null,"raw_preview":"{\"records\":[{\"id\":\"recCWyXh0NLw7zBfB\",\"createdTime\":\"2026-05-21T08:59:51.000Z\",\"fields\":{\"GoogleCalendarId\":\"a4f7a1684f155203185ea0459877db39f3df2778c6c563d3bdf0241fa90d7dd8@group.calendar.google.com\",\"Color\":\"#4f46e5\",\"MeetingTypes\":[\"rec45V8lwzABhzxnj\",\"reccrUdSb62CwjgdQ\",\"rec6UyAv7rbmTvmHo\"],\"WorkEnd\":18,\"Active\":true,\"WorkDays\":[\"0\",\"1\",\"2\",\"3\",\"4\",\"5\",\"6\"],\"WorkStart\":9,\"Email\":\"camillefauvea"}
[2026-06-17 08:58:52] [DEBUG] Champs premier agent brut {"fields":{"GoogleCalendarId":"a4f7a1684f155203185ea0459877db39f3df2778c6c563d3bdf0241fa90d7dd8@group.calendar.google.com","Color":"#4f46e5","MeetingTypes":["rec45V8lwzABhzxnj","reccrUdSb62CwjgdQ","rec6UyAv7rbmTvmHo"],"WorkEnd":18,"Active":true,"WorkDays":["0","1","2","3","4","5","6"],"WorkStart":9,"Email":"camillefauveau.service@gmail.com","Name":"Camille Fauveau","Role":"Ventes & Partenariats","AgentId":"camille"}}
[2026-06-17 08:58:52] [INFO] Agents filtrés {"brut":5,"actifs":3}
[2026-06-17 08:58:52] [INFO] Airtable GET {"url":"https://api.airtable.com/v0/appaugs4hsh3iObQG/tblKwoh1rbbOReA4e"}
[2026-06-17 08:58:52] [INFO] Airtable réponse {"http_code":200,"records":6,"error":null,"raw_preview":"{\"records\":[{\"id\":\"rec45V8lwzABhzxnj\",\"createdTime\":\"2026-05-21T09:00:31.000Z\",\"fields\":{\"AgentId (from AgentsIds)\":[\"camille\"],\"Order\":1,\"TypeId\":\"decouverte\",\"PlanningStatus\":\"Appel de découverte réservé\",\"Questions\":[\"reczBLconKqCBbM7L\",\"recICq5F6bjW3gg4Y\",\"recVI2Xroi3F7gajR\",\"recNk9Zn7CTIQzOyr\",\"receiIq9tYcTjRovz\"],\"AgentsIds\":[\"recCWyXh0NLw7zBfB\"],\"Description\":\"Première prise de contact "}
[2026-06-17 08:58:52] [DEBUG] Champs premier type brut {"fields":{"AgentId (from AgentsIds)":["camille"],"Order":1,"TypeId":"decouverte","PlanningStatus":"Appel de découverte réservé","Questions":["reczBLconKqCBbM7L","recICq5F6bjW3gg4Y","recVI2Xroi3F7gajR","recNk9Zn7CTIQzOyr","receiIq9tYcTjRovz"],"AgentsIds":["recCWyXh0NLw7zBfB"],"Description":"Première prise de contact et analyse de vos besoins","Color":"#7c3aed","Label":"Appel Découverte GuestLucky","Icon":"💬","Duration":30}}
[2026-06-17 08:58:52] [INFO] Types filtrés {"brut":6,"actifs":4}
[2026-06-17 08:58:52] [INFO] Airtable GET {"url":"https://api.airtable.com/v0/appaugs4hsh3iObQG/tbls6HegQyAgFGWIH"}
[2026-06-17 08:58:53] [INFO] Airtable réponse {"http_code":200,"records":20,"error":null,"raw_preview":"{\"records\":[{\"id\":\"rec0H41i2V8jHzPsv\",\"createdTime\":\"2026-05-21T20:46:06.000Z\",\"fields\":{\"Question\":\"Quel outil utilisez-vous actuellement ?\",\"TypeId RecordID\":\"rec0H41i2V8jHzPsv\",\"Required\":true,\"FieldType\":\"single_choice\",\"Order\":2,\"Options\":\"SuperHote, Smoobu, Hostaway, Lodgify, Aucun, Autre\",\"MeetingTypes\":[\"reccrUdSb62CwjgdQ\"],\"TypeId\":[\"demo\"]}},{\"id\":\"rec46qcr9aIeN0kuP\",\"createdTime\":\"2026-"}
[2026-06-17 08:58:53] [INFO] Questions fetch {"count":20}
[2026-06-17 08:58:53] [INFO] Réponse finale {"agents":3,"meetingTypes":4}
[2026-06-17 09:02:09] [INFO] ───── Requête entrante ───── {"method":"GET","origin":"(none)","ip":"109.223.4.154","base_id":"appaugs4hsh3iObQG","tbl_agents":"tblrGsVbuPfuiYOtd","tbl_types":"tblKwoh1rbbOReA4e","token_hint":"patYRHbITQYMjt..."}
[2026-06-17 09:02:09] [INFO] Cache HIT
[2026-06-17 09:09:59] [INFO] ───── Requête entrante ───── {"method":"GET","origin":"(none)","ip":"45.152.47.87","base_id":"appaugs4hsh3iObQG","tbl_agents":"tblrGsVbuPfuiYOtd","tbl_types":"tblKwoh1rbbOReA4e","token_hint":"patYRHbITQYMjt..."}
[2026-06-17 09:09:59] [INFO] Cache MISS — appel Airtable
[2026-06-17 09:09:59] [INFO] Airtable GET {"url":"https://api.airtable.com/v0/appaugs4hsh3iObQG/tblrGsVbuPfuiYOtd"}
[2026-06-17 09:10:01] [INFO] Airtable réponse {"http_code":200,"records":5,"error":null,"raw_preview":"{\"records\":[{\"id\":\"recCWyXh0NLw7zBfB\",\"createdTime\":\"2026-05-21T08:59:51.000Z\",\"fields\":{\"GoogleCalendarId\":\"a4f7a1684f155203185ea0459877db39f3df2778c6c563d3bdf0241fa90d7dd8@group.calendar.google.com\",\"Color\":\"#4f46e5\",\"MeetingTypes\":[\"rec45V8lwzABhzxnj\",\"reccrUdSb62CwjgdQ\",\"rec6UyAv7rbmTvmHo\"],\"WorkEnd\":18,\"Active\":true,\"WorkDays\":[\"0\",\"1\",\"2\",\"3\",\"4\",\"5\",\"6\"],\"WorkStart\":9,\"Email\":\"camillefauvea"}
[2026-06-17 09:10:01] [DEBUG] Champs premier agent brut {"fields":{"GoogleCalendarId":"a4f7a1684f155203185ea0459877db39f3df2778c6c563d3bdf0241fa90d7dd8@group.calendar.google.com","Color":"#4f46e5","MeetingTypes":["rec45V8lwzABhzxnj","reccrUdSb62CwjgdQ","rec6UyAv7rbmTvmHo"],"WorkEnd":18,"Active":true,"WorkDays":["0","1","2","3","4","5","6"],"WorkStart":9,"Email":"camillefauveau.service@gmail.com","Name":"Camille Fauveau","Role":"Ventes & Partenariats","AgentId":"camille"}}
[2026-06-17 09:10:01] [INFO] Agents filtrés {"brut":5,"actifs":3}
[2026-06-17 09:10:01] [INFO] Airtable GET {"url":"https://api.airtable.com/v0/appaugs4hsh3iObQG/tblKwoh1rbbOReA4e"}
[2026-06-17 09:10:01] [INFO] Airtable réponse {"http_code":200,"records":6,"error":null,"raw_preview":"{\"records\":[{\"id\":\"rec45V8lwzABhzxnj\",\"createdTime\":\"2026-05-21T09:00:31.000Z\",\"fields\":{\"AgentId (from AgentsIds)\":[\"camille\"],\"Order\":1,\"TypeId\":\"decouverte\",\"PlanningStatus\":\"Appel de découverte réservé\",\"Questions\":[\"reczBLconKqCBbM7L\",\"recICq5F6bjW3gg4Y\",\"recVI2Xroi3F7gajR\",\"recNk9Zn7CTIQzOyr\",\"receiIq9tYcTjRovz\"],\"AgentsIds\":[\"recCWyXh0NLw7zBfB\"],\"Description\":\"Première prise de contact "}
[2026-06-17 09:10:01] [DEBUG] Champs premier type brut {"fields":{"AgentId (from AgentsIds)":["camille"],"Order":1,"TypeId":"decouverte","PlanningStatus":"Appel de découverte réservé","Questions":["reczBLconKqCBbM7L","recICq5F6bjW3gg4Y","recVI2Xroi3F7gajR","recNk9Zn7CTIQzOyr","receiIq9tYcTjRovz"],"AgentsIds":["recCWyXh0NLw7zBfB"],"Description":"Première prise de contact et analyse de vos besoins","Color":"#7c3aed","Label":"Appel Découverte GuestLucky","Icon":"💬","Duration":30}}
[2026-06-17 09:10:01] [INFO] Types filtrés {"brut":6,"actifs":4}
[2026-06-17 09:10:01] [INFO] Airtable GET {"url":"https://api.airtable.com/v0/appaugs4hsh3iObQG/tbls6HegQyAgFGWIH"}
[2026-06-17 09:10:02] [INFO] Airtable réponse {"http_code":200,"records":20,"error":null,"raw_preview":"{\"records\":[{\"id\":\"rec0H41i2V8jHzPsv\",\"createdTime\":\"2026-05-21T20:46:06.000Z\",\"fields\":{\"Question\":\"Quel outil utilisez-vous actuellement ?\",\"TypeId RecordID\":\"rec0H41i2V8jHzPsv\",\"Required\":true,\"FieldType\":\"single_choice\",\"Order\":2,\"Options\":\"SuperHote, Smoobu, Hostaway, Lodgify, Aucun, Autre\",\"MeetingTypes\":[\"reccrUdSb62CwjgdQ\"],\"TypeId\":[\"demo\"]}},{\"id\":\"rec46qcr9aIeN0kuP\",\"createdTime\":\"2026-"}
[2026-06-17 09:10:02] [INFO] Questions fetch {"count":20}
[2026-06-17 09:10:02] [INFO] Réponse finale {"agents":3,"meetingTypes":4}
[2026-06-17 09:37:05] [INFO] ───── Requête entrante ───── {"method":"GET","origin":"(none)","ip":"79.83.14.123","base_id":"appaugs4hsh3iObQG","tbl_agents":"tblrGsVbuPfuiYOtd","tbl_types":"tblKwoh1rbbOReA4e","token_hint":"patYRHbITQYMjt..."}
[2026-06-17 09:37:05] [INFO] Cache MISS — appel Airtable
[2026-06-17 09:37:05] [INFO] Airtable GET {"url":"https://api.airtable.com/v0/appaugs4hsh3iObQG/tblrGsVbuPfuiYOtd"}
[2026-06-17 09:37:07] [INFO] Airtable réponse {"http_code":200,"records":5,"error":null,"raw_preview":"{\"records\":[{\"id\":\"recCWyXh0NLw7zBfB\",\"createdTime\":\"2026-05-21T08:59:51.000Z\",\"fields\":{\"GoogleCalendarId\":\"a4f7a1684f155203185ea0459877db39f3df2778c6c563d3bdf0241fa90d7dd8@group.calendar.google.com\",\"Color\":\"#4f46e5\",\"MeetingTypes\":[\"rec45V8lwzABhzxnj\",\"reccrUdSb62CwjgdQ\",\"rec6UyAv7rbmTvmHo\"],\"WorkEnd\":18,\"Active\":true,\"WorkDays\":[\"0\",\"1\",\"2\",\"3\",\"4\",\"5\",\"6\"],\"WorkStart\":9,\"Email\":\"camillefauvea"}
[2026-06-17 09:37:07] [DEBUG] Champs premier agent brut {"fields":{"GoogleCalendarId":"a4f7a1684f155203185ea0459877db39f3df2778c6c563d3bdf0241fa90d7dd8@group.calendar.google.com","Color":"#4f46e5","MeetingTypes":["rec45V8lwzABhzxnj","reccrUdSb62CwjgdQ","rec6UyAv7rbmTvmHo"],"WorkEnd":18,"Active":true,"WorkDays":["0","1","2","3","4","5","6"],"WorkStart":9,"Email":"camillefauveau.service@gmail.com","Name":"Camille Fauveau","Role":"Ventes & Partenariats","AgentId":"camille"}}
[2026-06-17 09:37:07] [INFO] Agents filtrés {"brut":5,"actifs":3}
[2026-06-17 09:37:07] [INFO] Airtable GET {"url":"https://api.airtable.com/v0/appaugs4hsh3iObQG/tblKwoh1rbbOReA4e"}
[2026-06-17 09:37:07] [INFO] Airtable réponse {"http_code":200,"records":6,"error":null,"raw_preview":"{\"records\":[{\"id\":\"rec45V8lwzABhzxnj\",\"createdTime\":\"2026-05-21T09:00:31.000Z\",\"fields\":{\"AgentId (from AgentsIds)\":[\"camille\"],\"Order\":1,\"TypeId\":\"decouverte\",\"PlanningStatus\":\"Appel de découverte réservé\",\"Questions\":[\"reczBLconKqCBbM7L\",\"recICq5F6bjW3gg4Y\",\"recVI2Xroi3F7gajR\",\"recNk9Zn7CTIQzOyr\",\"receiIq9tYcTjRovz\"],\"AgentsIds\":[\"recCWyXh0NLw7zBfB\"],\"Description\":\"Première prise de contact "}
[2026-06-17 09:37:07] [DEBUG] Champs premier type brut {"fields":{"AgentId (from AgentsIds)":["camille"],"Order":1,"TypeId":"decouverte","PlanningStatus":"Appel de découverte réservé","Questions":["reczBLconKqCBbM7L","recICq5F6bjW3gg4Y","recVI2Xroi3F7gajR","recNk9Zn7CTIQzOyr","receiIq9tYcTjRovz"],"AgentsIds":["recCWyXh0NLw7zBfB"],"Description":"Première prise de contact et analyse de vos besoins","Color":"#7c3aed","Label":"Appel Découverte GuestLucky","Icon":"💬","Duration":30}}
[2026-06-17 09:37:07] [INFO] Types filtrés {"brut":6,"actifs":4}
[2026-06-17 09:37:07] [INFO] Airtable GET {"url":"https://api.airtable.com/v0/appaugs4hsh3iObQG/tbls6HegQyAgFGWIH"}
[2026-06-17 09:37:08] [INFO] Airtable réponse {"http_code":200,"records":20,"error":null,"raw_preview":"{\"records\":[{\"id\":\"rec0H41i2V8jHzPsv\",\"createdTime\":\"2026-05-21T20:46:06.000Z\",\"fields\":{\"Question\":\"Quel outil utilisez-vous actuellement ?\",\"TypeId RecordID\":\"rec0H41i2V8jHzPsv\",\"Required\":true,\"FieldType\":\"single_choice\",\"Order\":2,\"Options\":\"SuperHote, Smoobu, Hostaway, Lodgify, Aucun, Autre\",\"MeetingTypes\":[\"reccrUdSb62CwjgdQ\"],\"TypeId\":[\"demo\"]}},{\"id\":\"rec46qcr9aIeN0kuP\",\"createdTime\":\"2026-"}
[2026-06-17 09:37:08] [INFO] Questions fetch {"count":20}
[2026-06-17 09:37:08] [INFO] Réponse finale {"agents":3,"meetingTypes":4}
[2026-06-17 10:07:21] [INFO] ───── Requête entrante ───── {"method":"GET","origin":"(none)","ip":"87.88.169.0","base_id":"appaugs4hsh3iObQG","tbl_agents":"tblrGsVbuPfuiYOtd","tbl_types":"tblKwoh1rbbOReA4e","token_hint":"patYRHbITQYMjt..."}
[2026-06-17 10:07:21] [INFO] Cache MISS — appel Airtable
[2026-06-17 10:07:21] [INFO] Airtable GET {"url":"https://api.airtable.com/v0/appaugs4hsh3iObQG/tblrGsVbuPfuiYOtd"}
[2026-06-17 10:07:23] [INFO] Airtable réponse {"http_code":200,"records":5,"error":null,"raw_preview":"{\"records\":[{\"id\":\"recCWyXh0NLw7zBfB\",\"createdTime\":\"2026-05-21T08:59:51.000Z\",\"fields\":{\"GoogleCalendarId\":\"a4f7a1684f155203185ea0459877db39f3df2778c6c563d3bdf0241fa90d7dd8@group.calendar.google.com\",\"Color\":\"#4f46e5\",\"MeetingTypes\":[\"rec45V8lwzABhzxnj\",\"reccrUdSb62CwjgdQ\",\"rec6UyAv7rbmTvmHo\"],\"WorkEnd\":18,\"Active\":true,\"WorkDays\":[\"0\",\"1\",\"2\",\"3\",\"4\",\"5\",\"6\"],\"WorkStart\":9,\"Email\":\"camillefauvea"}
[2026-06-17 10:07:23] [DEBUG] Champs premier agent brut {"fields":{"GoogleCalendarId":"a4f7a1684f155203185ea0459877db39f3df2778c6c563d3bdf0241fa90d7dd8@group.calendar.google.com","Color":"#4f46e5","MeetingTypes":["rec45V8lwzABhzxnj","reccrUdSb62CwjgdQ","rec6UyAv7rbmTvmHo"],"WorkEnd":18,"Active":true,"WorkDays":["0","1","2","3","4","5","6"],"WorkStart":9,"Email":"camillefauveau.service@gmail.com","Name":"Camille Fauveau","Role":"Ventes & Partenariats","AgentId":"camille"}}
[2026-06-17 10:07:23] [INFO] Agents filtrés {"brut":5,"actifs":3}
[2026-06-17 10:07:23] [INFO] Airtable GET {"url":"https://api.airtable.com/v0/appaugs4hsh3iObQG/tblKwoh1rbbOReA4e"}
[2026-06-17 10:07:23] [INFO] Airtable réponse {"http_code":200,"records":6,"error":null,"raw_preview":"{\"records\":[{\"id\":\"rec45V8lwzABhzxnj\",\"createdTime\":\"2026-05-21T09:00:31.000Z\",\"fields\":{\"AgentId (from AgentsIds)\":[\"camille\"],\"Order\":1,\"TypeId\":\"decouverte\",\"PlanningStatus\":\"Appel de découverte réservé\",\"Questions\":[\"reczBLconKqCBbM7L\",\"recICq5F6bjW3gg4Y\",\"recVI2Xroi3F7gajR\",\"recNk9Zn7CTIQzOyr\",\"receiIq9tYcTjRovz\"],\"AgentsIds\":[\"recCWyXh0NLw7zBfB\"],\"Description\":\"Première prise de contact "}
[2026-06-17 10:07:23] [DEBUG] Champs premier type brut {"fields":{"AgentId (from AgentsIds)":["camille"],"Order":1,"TypeId":"decouverte","PlanningStatus":"Appel de découverte réservé","Questions":["reczBLconKqCBbM7L","recICq5F6bjW3gg4Y","recVI2Xroi3F7gajR","recNk9Zn7CTIQzOyr","receiIq9tYcTjRovz"],"AgentsIds":["recCWyXh0NLw7zBfB"],"Description":"Première prise de contact et analyse de vos besoins","Color":"#7c3aed","Label":"Appel Découverte GuestLucky","Icon":"💬","Duration":30}}
[2026-06-17 10:07:23] [INFO] Types filtrés {"brut":6,"actifs":4}
[2026-06-17 10:07:23] [INFO] Airtable GET {"url":"https://api.airtable.com/v0/appaugs4hsh3iObQG/tbls6HegQyAgFGWIH"}
[2026-06-17 10:07:24] [INFO] Airtable réponse {"http_code":200,"records":20,"error":null,"raw_preview":"{\"records\":[{\"id\":\"rec0H41i2V8jHzPsv\",\"createdTime\":\"2026-05-21T20:46:06.000Z\",\"fields\":{\"Question\":\"Quel outil utilisez-vous actuellement ?\",\"TypeId RecordID\":\"rec0H41i2V8jHzPsv\",\"Required\":true,\"FieldType\":\"single_choice\",\"Order\":2,\"Options\":\"SuperHote, Smoobu, Hostaway, Lodgify, Aucun, Autre\",\"MeetingTypes\":[\"reccrUdSb62CwjgdQ\"],\"TypeId\":[\"demo\"]}},{\"id\":\"rec46qcr9aIeN0kuP\",\"createdTime\":\"2026-"}
[2026-06-17 10:07:24] [INFO] Questions fetch {"count":20}
[2026-06-17 10:07:24] [INFO] Réponse finale {"agents":3,"meetingTypes":4}
[2026-06-17 10:57:35] [INFO] ───── Requête entrante ───── {"method":"GET","origin":"(none)","ip":"176.188.171.71","base_id":"appaugs4hsh3iObQG","tbl_agents":"tblrGsVbuPfuiYOtd","tbl_types":"tblKwoh1rbbOReA4e","token_hint":"patYRHbITQYMjt..."}
[2026-06-17 10:57:35] [INFO] Cache MISS — appel Airtable
[2026-06-17 10:57:35] [INFO] Airtable GET {"url":"https://api.airtable.com/v0/appaugs4hsh3iObQG/tblrGsVbuPfuiYOtd"}
[2026-06-17 10:57:37] [INFO] Airtable réponse {"http_code":200,"records":5,"error":null,"raw_preview":"{\"records\":[{\"id\":\"recCWyXh0NLw7zBfB\",\"createdTime\":\"2026-05-21T08:59:51.000Z\",\"fields\":{\"GoogleCalendarId\":\"a4f7a1684f155203185ea0459877db39f3df2778c6c563d3bdf0241fa90d7dd8@group.calendar.google.com\",\"Color\":\"#4f46e5\",\"MeetingTypes\":[\"rec45V8lwzABhzxnj\",\"reccrUdSb62CwjgdQ\",\"rec6UyAv7rbmTvmHo\"],\"WorkEnd\":18,\"Active\":true,\"WorkDays\":[\"0\",\"1\",\"2\",\"3\",\"4\",\"5\",\"6\"],\"WorkStart\":9,\"Email\":\"camillefauvea"}
[2026-06-17 10:57:37] [DEBUG] Champs premier agent brut {"fields":{"GoogleCalendarId":"a4f7a1684f155203185ea0459877db39f3df2778c6c563d3bdf0241fa90d7dd8@group.calendar.google.com","Color":"#4f46e5","MeetingTypes":["rec45V8lwzABhzxnj","reccrUdSb62CwjgdQ","rec6UyAv7rbmTvmHo"],"WorkEnd":18,"Active":true,"WorkDays":["0","1","2","3","4","5","6"],"WorkStart":9,"Email":"camillefauveau.service@gmail.com","Name":"Camille Fauveau","Role":"Ventes & Partenariats","AgentId":"camille"}}
[2026-06-17 10:57:37] [INFO] Agents filtrés {"brut":5,"actifs":3}
[2026-06-17 10:57:37] [INFO] Airtable GET {"url":"https://api.airtable.com/v0/appaugs4hsh3iObQG/tblKwoh1rbbOReA4e"}
[2026-06-17 10:57:38] [INFO] Airtable réponse {"http_code":200,"records":6,"error":null,"raw_preview":"{\"records\":[{\"id\":\"rec45V8lwzABhzxnj\",\"createdTime\":\"2026-05-21T09:00:31.000Z\",\"fields\":{\"AgentId (from AgentsIds)\":[\"camille\"],\"Order\":1,\"TypeId\":\"decouverte\",\"PlanningStatus\":\"Appel de découverte réservé\",\"Questions\":[\"reczBLconKqCBbM7L\",\"recICq5F6bjW3gg4Y\",\"recVI2Xroi3F7gajR\",\"recNk9Zn7CTIQzOyr\",\"receiIq9tYcTjRovz\"],\"AgentsIds\":[\"recCWyXh0NLw7zBfB\"],\"Description\":\"Première prise de contact "}
[2026-06-17 10:57:38] [DEBUG] Champs premier type brut {"fields":{"AgentId (from AgentsIds)":["camille"],"Order":1,"TypeId":"decouverte","PlanningStatus":"Appel de découverte réservé","Questions":["reczBLconKqCBbM7L","recICq5F6bjW3gg4Y","recVI2Xroi3F7gajR","recNk9Zn7CTIQzOyr","receiIq9tYcTjRovz"],"AgentsIds":["recCWyXh0NLw7zBfB"],"Description":"Première prise de contact et analyse de vos besoins","Color":"#7c3aed","Label":"Appel Découverte GuestLucky","Icon":"💬","Duration":30}}
[2026-06-17 10:57:38] [INFO] Types filtrés {"brut":6,"actifs":4}
[2026-06-17 10:57:38] [INFO] Airtable GET {"url":"https://api.airtable.com/v0/appaugs4hsh3iObQG/tbls6HegQyAgFGWIH"}
[2026-06-17 10:57:38] [INFO] Airtable réponse {"http_code":200,"records":20,"error":null,"raw_preview":"{\"records\":[{\"id\":\"rec0H41i2V8jHzPsv\",\"createdTime\":\"2026-05-21T20:46:06.000Z\",\"fields\":{\"Question\":\"Quel outil utilisez-vous actuellement ?\",\"TypeId RecordID\":\"rec0H41i2V8jHzPsv\",\"Required\":true,\"FieldType\":\"single_choice\",\"Order\":2,\"Options\":\"SuperHote, Smoobu, Hostaway, Lodgify, Aucun, Autre\",\"MeetingTypes\":[\"reccrUdSb62CwjgdQ\"],\"TypeId\":[\"demo\"]}},{\"id\":\"rec46qcr9aIeN0kuP\",\"createdTime\":\"2026-"}
[2026-06-17 10:57:38] [INFO] Questions fetch {"count":20}
[2026-06-17 10:57:38] [INFO] Réponse finale {"agents":3,"meetingTypes":4}
[2026-06-17 11:18:36] [INFO] ───── Requête entrante ───── {"method":"GET","origin":"(none)","ip":"45.152.47.87","base_id":"appaugs4hsh3iObQG","tbl_agents":"tblrGsVbuPfuiYOtd","tbl_types":"tblKwoh1rbbOReA4e","token_hint":"patYRHbITQYMjt..."}
[2026-06-17 11:18:36] [INFO] Cache MISS — appel Airtable
[2026-06-17 11:18:36] [INFO] Airtable GET {"url":"https://api.airtable.com/v0/appaugs4hsh3iObQG/tblrGsVbuPfuiYOtd"}
[2026-06-17 11:18:38] [INFO] Airtable réponse {"http_code":200,"records":5,"error":null,"raw_preview":"{\"records\":[{\"id\":\"recCWyXh0NLw7zBfB\",\"createdTime\":\"2026-05-21T08:59:51.000Z\",\"fields\":{\"GoogleCalendarId\":\"a4f7a1684f155203185ea0459877db39f3df2778c6c563d3bdf0241fa90d7dd8@group.calendar.google.com\",\"Color\":\"#4f46e5\",\"MeetingTypes\":[\"rec45V8lwzABhzxnj\",\"reccrUdSb62CwjgdQ\",\"rec6UyAv7rbmTvmHo\"],\"WorkEnd\":18,\"Active\":true,\"WorkDays\":[\"0\",\"1\",\"2\",\"3\",\"4\",\"5\",\"6\"],\"WorkStart\":9,\"Email\":\"camillefauvea"}
[2026-06-17 11:18:38] [DEBUG] Champs premier agent brut {"fields":{"GoogleCalendarId":"a4f7a1684f155203185ea0459877db39f3df2778c6c563d3bdf0241fa90d7dd8@group.calendar.google.com","Color":"#4f46e5","MeetingTypes":["rec45V8lwzABhzxnj","reccrUdSb62CwjgdQ","rec6UyAv7rbmTvmHo"],"WorkEnd":18,"Active":true,"WorkDays":["0","1","2","3","4","5","6"],"WorkStart":9,"Email":"camillefauveau.service@gmail.com","Name":"Camille Fauveau","Role":"Ventes & Partenariats","AgentId":"camille"}}
[2026-06-17 11:18:38] [INFO] Agents filtrés {"brut":5,"actifs":3}
[2026-06-17 11:18:38] [INFO] Airtable GET {"url":"https://api.airtable.com/v0/appaugs4hsh3iObQG/tblKwoh1rbbOReA4e"}
[2026-06-17 11:18:39] [INFO] Airtable réponse {"http_code":200,"records":6,"error":null,"raw_preview":"{\"records\":[{\"id\":\"rec45V8lwzABhzxnj\",\"createdTime\":\"2026-05-21T09:00:31.000Z\",\"fields\":{\"AgentId (from AgentsIds)\":[\"camille\"],\"Order\":1,\"TypeId\":\"decouverte\",\"PlanningStatus\":\"Appel de découverte réservé\",\"Questions\":[\"reczBLconKqCBbM7L\",\"recICq5F6bjW3gg4Y\",\"recVI2Xroi3F7gajR\",\"recNk9Zn7CTIQzOyr\",\"receiIq9tYcTjRovz\"],\"AgentsIds\":[\"recCWyXh0NLw7zBfB\"],\"Description\":\"Première prise de contact "}
[2026-06-17 11:18:39] [DEBUG] Champs premier type brut {"fields":{"AgentId (from AgentsIds)":["camille"],"Order":1,"TypeId":"decouverte","PlanningStatus":"Appel de découverte réservé","Questions":["reczBLconKqCBbM7L","recICq5F6bjW3gg4Y","recVI2Xroi3F7gajR","recNk9Zn7CTIQzOyr","receiIq9tYcTjRovz"],"AgentsIds":["recCWyXh0NLw7zBfB"],"Description":"Première prise de contact et analyse de vos besoins","Color":"#7c3aed","Label":"Appel Découverte GuestLucky","Icon":"💬","Duration":30}}
[2026-06-17 11:18:39] [INFO] Types filtrés {"brut":6,"actifs":4}
[2026-06-17 11:18:39] [INFO] Airtable GET {"url":"https://api.airtable.com/v0/appaugs4hsh3iObQG/tbls6HegQyAgFGWIH"}
[2026-06-17 11:18:39] [INFO] Airtable réponse {"http_code":200,"records":20,"error":null,"raw_preview":"{\"records\":[{\"id\":\"rec0H41i2V8jHzPsv\",\"createdTime\":\"2026-05-21T20:46:06.000Z\",\"fields\":{\"Question\":\"Quel outil utilisez-vous actuellement ?\",\"TypeId RecordID\":\"rec0H41i2V8jHzPsv\",\"Required\":true,\"FieldType\":\"single_choice\",\"Order\":2,\"Options\":\"SuperHote, Smoobu, Hostaway, Lodgify, Aucun, Autre\",\"MeetingTypes\":[\"reccrUdSb62CwjgdQ\"],\"TypeId\":[\"demo\"]}},{\"id\":\"rec46qcr9aIeN0kuP\",\"createdTime\":\"2026-"}
[2026-06-17 11:18:39] [INFO] Questions fetch {"count":20}
[2026-06-17 11:18:39] [INFO] Réponse finale {"agents":3,"meetingTypes":4}
[2026-06-17 11:19:31] [INFO] ───── Requête entrante ───── {"method":"GET","origin":"(none)","ip":"109.223.4.154","base_id":"appaugs4hsh3iObQG","tbl_agents":"tblrGsVbuPfuiYOtd","tbl_types":"tblKwoh1rbbOReA4e","token_hint":"patYRHbITQYMjt..."}
[2026-06-17 11:19:31] [INFO] Cache HIT
[2026-06-17 12:50:32] [INFO] ───── Requête entrante ───── {"method":"GET","origin":"(none)","ip":"109.223.4.154","base_id":"appaugs4hsh3iObQG","tbl_agents":"tblrGsVbuPfuiYOtd","tbl_types":"tblKwoh1rbbOReA4e","token_hint":"patYRHbITQYMjt..."}
[2026-06-17 12:50:32] [INFO] Cache MISS — appel Airtable
[2026-06-17 12:50:32] [INFO] Airtable GET {"url":"https://api.airtable.com/v0/appaugs4hsh3iObQG/tblrGsVbuPfuiYOtd"}
[2026-06-17 12:50:34] [INFO] Airtable réponse {"http_code":200,"records":5,"error":null,"raw_preview":"{\"records\":[{\"id\":\"recCWyXh0NLw7zBfB\",\"createdTime\":\"2026-05-21T08:59:51.000Z\",\"fields\":{\"GoogleCalendarId\":\"a4f7a1684f155203185ea0459877db39f3df2778c6c563d3bdf0241fa90d7dd8@group.calendar.google.com\",\"Color\":\"#4f46e5\",\"MeetingTypes\":[\"rec45V8lwzABhzxnj\",\"reccrUdSb62CwjgdQ\",\"rec6UyAv7rbmTvmHo\"],\"WorkEnd\":18,\"Active\":true,\"WorkDays\":[\"0\",\"1\",\"2\",\"3\",\"4\",\"5\",\"6\"],\"WorkStart\":9,\"Email\":\"camillefauvea"}
[2026-06-17 12:50:34] [DEBUG] Champs premier agent brut {"fields":{"GoogleCalendarId":"a4f7a1684f155203185ea0459877db39f3df2778c6c563d3bdf0241fa90d7dd8@group.calendar.google.com","Color":"#4f46e5","MeetingTypes":["rec45V8lwzABhzxnj","reccrUdSb62CwjgdQ","rec6UyAv7rbmTvmHo"],"WorkEnd":18,"Active":true,"WorkDays":["0","1","2","3","4","5","6"],"WorkStart":9,"Email":"camillefauveau.service@gmail.com","Name":"Camille Fauveau","Role":"Ventes & Partenariats","AgentId":"camille"}}
[2026-06-17 12:50:34] [INFO] Agents filtrés {"brut":5,"actifs":3}
[2026-06-17 12:50:34] [INFO] Airtable GET {"url":"https://api.airtable.com/v0/appaugs4hsh3iObQG/tblKwoh1rbbOReA4e"}
[2026-06-17 12:50:34] [INFO] Airtable réponse {"http_code":200,"records":6,"error":null,"raw_preview":"{\"records\":[{\"id\":\"rec45V8lwzABhzxnj\",\"createdTime\":\"2026-05-21T09:00:31.000Z\",\"fields\":{\"AgentId (from AgentsIds)\":[\"camille\"],\"Order\":1,\"TypeId\":\"decouverte\",\"PlanningStatus\":\"Appel de découverte réservé\",\"Questions\":[\"reczBLconKqCBbM7L\",\"recICq5F6bjW3gg4Y\",\"recVI2Xroi3F7gajR\",\"recNk9Zn7CTIQzOyr\",\"receiIq9tYcTjRovz\"],\"AgentsIds\":[\"recCWyXh0NLw7zBfB\"],\"Description\":\"Première prise de contact "}
[2026-06-17 12:50:34] [DEBUG] Champs premier type brut {"fields":{"AgentId (from AgentsIds)":["camille"],"Order":1,"TypeId":"decouverte","PlanningStatus":"Appel de découverte réservé","Questions":["reczBLconKqCBbM7L","recICq5F6bjW3gg4Y","recVI2Xroi3F7gajR","recNk9Zn7CTIQzOyr","receiIq9tYcTjRovz"],"AgentsIds":["recCWyXh0NLw7zBfB"],"Description":"Première prise de contact et analyse de vos besoins","Color":"#7c3aed","Label":"Appel Découverte GuestLucky","Icon":"💬","Duration":30}}
[2026-06-17 12:50:34] [INFO] Types filtrés {"brut":6,"actifs":4}
[2026-06-17 12:50:34] [INFO] Airtable GET {"url":"https://api.airtable.com/v0/appaugs4hsh3iObQG/tbls6HegQyAgFGWIH"}
[2026-06-17 12:50:35] [INFO] Airtable réponse {"http_code":200,"records":20,"error":null,"raw_preview":"{\"records\":[{\"id\":\"rec0H41i2V8jHzPsv\",\"createdTime\":\"2026-05-21T20:46:06.000Z\",\"fields\":{\"Question\":\"Quel outil utilisez-vous actuellement ?\",\"TypeId RecordID\":\"rec0H41i2V8jHzPsv\",\"Required\":true,\"FieldType\":\"single_choice\",\"Order\":2,\"Options\":\"SuperHote, Smoobu, Hostaway, Lodgify, Aucun, Autre\",\"MeetingTypes\":[\"reccrUdSb62CwjgdQ\"],\"TypeId\":[\"demo\"]}},{\"id\":\"rec46qcr9aIeN0kuP\",\"createdTime\":\"2026-"}
[2026-06-17 12:50:35] [INFO] Questions fetch {"count":20}
[2026-06-17 12:50:35] [INFO] Réponse finale {"agents":3,"meetingTypes":4}
[2026-06-17 12:50:49] [INFO] ───── Requête entrante ───── {"method":"GET","origin":"(none)","ip":"88.164.168.81","base_id":"appaugs4hsh3iObQG","tbl_agents":"tblrGsVbuPfuiYOtd","tbl_types":"tblKwoh1rbbOReA4e","token_hint":"patYRHbITQYMjt..."}
[2026-06-17 12:50:49] [INFO] Cache HIT
[2026-06-17 12:53:30] [INFO] ───── Requête entrante ───── {"method":"GET","origin":"(none)","ip":"185.216.231.163","base_id":"appaugs4hsh3iObQG","tbl_agents":"tblrGsVbuPfuiYOtd","tbl_types":"tblKwoh1rbbOReA4e","token_hint":"patYRHbITQYMjt..."}
[2026-06-17 12:53:30] [INFO] Cache HIT
[2026-06-17 13:04:36] [INFO] ───── Requête entrante ───── {"method":"GET","origin":"(none)","ip":"109.223.4.154","base_id":"appaugs4hsh3iObQG","tbl_agents":"tblrGsVbuPfuiYOtd","tbl_types":"tblKwoh1rbbOReA4e","token_hint":"patYRHbITQYMjt..."}
[2026-06-17 13:04:36] [INFO] Cache MISS — appel Airtable
[2026-06-17 13:04:36] [INFO] Airtable GET {"url":"https://api.airtable.com/v0/appaugs4hsh3iObQG/tblrGsVbuPfuiYOtd"}
[2026-06-17 13:04:38] [INFO] Airtable réponse {"http_code":200,"records":5,"error":null,"raw_preview":"{\"records\":[{\"id\":\"recCWyXh0NLw7zBfB\",\"createdTime\":\"2026-05-21T08:59:51.000Z\",\"fields\":{\"GoogleCalendarId\":\"a4f7a1684f155203185ea0459877db39f3df2778c6c563d3bdf0241fa90d7dd8@group.calendar.google.com\",\"Color\":\"#4f46e5\",\"MeetingTypes\":[\"rec45V8lwzABhzxnj\",\"reccrUdSb62CwjgdQ\",\"rec6UyAv7rbmTvmHo\"],\"WorkEnd\":18,\"Active\":true,\"WorkDays\":[\"0\",\"1\",\"2\",\"3\",\"4\",\"5\",\"6\"],\"WorkStart\":9,\"Email\":\"camillefauvea"}
[2026-06-17 13:04:38] [DEBUG] Champs premier agent brut {"fields":{"GoogleCalendarId":"a4f7a1684f155203185ea0459877db39f3df2778c6c563d3bdf0241fa90d7dd8@group.calendar.google.com","Color":"#4f46e5","MeetingTypes":["rec45V8lwzABhzxnj","reccrUdSb62CwjgdQ","rec6UyAv7rbmTvmHo"],"WorkEnd":18,"Active":true,"WorkDays":["0","1","2","3","4","5","6"],"WorkStart":9,"Email":"camillefauveau.service@gmail.com","Name":"Camille Fauveau","Role":"Ventes & Partenariats","AgentId":"camille"}}
[2026-06-17 13:04:38] [INFO] Agents filtrés {"brut":5,"actifs":3}
[2026-06-17 13:04:38] [INFO] Airtable GET {"url":"https://api.airtable.com/v0/appaugs4hsh3iObQG/tblKwoh1rbbOReA4e"}
[2026-06-17 13:04:39] [INFO] Airtable réponse {"http_code":200,"records":6,"error":null,"raw_preview":"{\"records\":[{\"id\":\"rec45V8lwzABhzxnj\",\"createdTime\":\"2026-05-21T09:00:31.000Z\",\"fields\":{\"AgentId (from AgentsIds)\":[\"camille\"],\"Order\":1,\"TypeId\":\"decouverte\",\"PlanningStatus\":\"Appel de découverte réservé\",\"Questions\":[\"reczBLconKqCBbM7L\",\"recICq5F6bjW3gg4Y\",\"recVI2Xroi3F7gajR\",\"recNk9Zn7CTIQzOyr\",\"receiIq9tYcTjRovz\"],\"AgentsIds\":[\"recCWyXh0NLw7zBfB\"],\"Description\":\"Première prise de contact "}
[2026-06-17 13:04:39] [DEBUG] Champs premier type brut {"fields":{"AgentId (from AgentsIds)":["camille"],"Order":1,"TypeId":"decouverte","PlanningStatus":"Appel de découverte réservé","Questions":["reczBLconKqCBbM7L","recICq5F6bjW3gg4Y","recVI2Xroi3F7gajR","recNk9Zn7CTIQzOyr","receiIq9tYcTjRovz"],"AgentsIds":["recCWyXh0NLw7zBfB"],"Description":"Première prise de contact et analyse de vos besoins","Color":"#7c3aed","Label":"Appel Découverte GuestLucky","Icon":"💬","Duration":30}}
[2026-06-17 13:04:39] [INFO] Types filtrés {"brut":6,"actifs":4}
[2026-06-17 13:04:39] [INFO] Airtable GET {"url":"https://api.airtable.com/v0/appaugs4hsh3iObQG/tbls6HegQyAgFGWIH"}
[2026-06-17 13:04:39] [INFO] Airtable réponse {"http_code":200,"records":20,"error":null,"raw_preview":"{\"records\":[{\"id\":\"rec0H41i2V8jHzPsv\",\"createdTime\":\"2026-05-21T20:46:06.000Z\",\"fields\":{\"Question\":\"Quel outil utilisez-vous actuellement ?\",\"TypeId RecordID\":\"rec0H41i2V8jHzPsv\",\"Required\":true,\"FieldType\":\"single_choice\",\"Order\":2,\"Options\":\"SuperHote, Smoobu, Hostaway, Lodgify, Aucun, Autre\",\"MeetingTypes\":[\"reccrUdSb62CwjgdQ\"],\"TypeId\":[\"demo\"]}},{\"id\":\"rec46qcr9aIeN0kuP\",\"createdTime\":\"2026-"}
[2026-06-17 13:04:39] [INFO] Questions fetch {"count":20}
[2026-06-17 13:04:39] [INFO] Réponse finale {"agents":3,"meetingTypes":4}
[2026-06-17 13:39:35] [INFO] ───── Requête entrante ───── {"method":"GET","origin":"(none)","ip":"176.188.170.182","base_id":"appaugs4hsh3iObQG","tbl_agents":"tblrGsVbuPfuiYOtd","tbl_types":"tblKwoh1rbbOReA4e","token_hint":"patYRHbITQYMjt..."}
[2026-06-17 13:39:35] [INFO] Cache MISS — appel Airtable
[2026-06-17 13:39:35] [INFO] Airtable GET {"url":"https://api.airtable.com/v0/appaugs4hsh3iObQG/tblrGsVbuPfuiYOtd"}
[2026-06-17 13:39:37] [INFO] Airtable réponse {"http_code":200,"records":5,"error":null,"raw_preview":"{\"records\":[{\"id\":\"recCWyXh0NLw7zBfB\",\"createdTime\":\"2026-05-21T08:59:51.000Z\",\"fields\":{\"GoogleCalendarId\":\"a4f7a1684f155203185ea0459877db39f3df2778c6c563d3bdf0241fa90d7dd8@group.calendar.google.com\",\"Color\":\"#4f46e5\",\"MeetingTypes\":[\"rec45V8lwzABhzxnj\",\"reccrUdSb62CwjgdQ\",\"rec6UyAv7rbmTvmHo\"],\"WorkEnd\":18,\"Active\":true,\"WorkDays\":[\"0\",\"1\",\"2\",\"3\",\"4\",\"5\",\"6\"],\"WorkStart\":9,\"Email\":\"camillefauvea"}
[2026-06-17 13:39:37] [DEBUG] Champs premier agent brut {"fields":{"GoogleCalendarId":"a4f7a1684f155203185ea0459877db39f3df2778c6c563d3bdf0241fa90d7dd8@group.calendar.google.com","Color":"#4f46e5","MeetingTypes":["rec45V8lwzABhzxnj","reccrUdSb62CwjgdQ","rec6UyAv7rbmTvmHo"],"WorkEnd":18,"Active":true,"WorkDays":["0","1","2","3","4","5","6"],"WorkStart":9,"Email":"camillefauveau.service@gmail.com","Name":"Camille Fauveau","Role":"Ventes & Partenariats","AgentId":"camille"}}
[2026-06-17 13:39:37] [INFO] Agents filtrés {"brut":5,"actifs":3}
[2026-06-17 13:39:37] [INFO] Airtable GET {"url":"https://api.airtable.com/v0/appaugs4hsh3iObQG/tblKwoh1rbbOReA4e"}
[2026-06-17 13:39:38] [INFO] Airtable réponse {"http_code":200,"records":6,"error":null,"raw_preview":"{\"records\":[{\"id\":\"rec45V8lwzABhzxnj\",\"createdTime\":\"2026-05-21T09:00:31.000Z\",\"fields\":{\"AgentId (from AgentsIds)\":[\"camille\"],\"Order\":1,\"TypeId\":\"decouverte\",\"PlanningStatus\":\"Appel de découverte réservé\",\"Questions\":[\"reczBLconKqCBbM7L\",\"recICq5F6bjW3gg4Y\",\"recVI2Xroi3F7gajR\",\"recNk9Zn7CTIQzOyr\",\"receiIq9tYcTjRovz\"],\"AgentsIds\":[\"recCWyXh0NLw7zBfB\"],\"Description\":\"Première prise de contact "}
[2026-06-17 13:39:38] [DEBUG] Champs premier type brut {"fields":{"AgentId (from AgentsIds)":["camille"],"Order":1,"TypeId":"decouverte","PlanningStatus":"Appel de découverte réservé","Questions":["reczBLconKqCBbM7L","recICq5F6bjW3gg4Y","recVI2Xroi3F7gajR","recNk9Zn7CTIQzOyr","receiIq9tYcTjRovz"],"AgentsIds":["recCWyXh0NLw7zBfB"],"Description":"Première prise de contact et analyse de vos besoins","Color":"#7c3aed","Label":"Appel Découverte GuestLucky","Icon":"💬","Duration":30}}
[2026-06-17 13:39:38] [INFO] Types filtrés {"brut":6,"actifs":4}
[2026-06-17 13:39:38] [INFO] Airtable GET {"url":"https://api.airtable.com/v0/appaugs4hsh3iObQG/tbls6HegQyAgFGWIH"}
[2026-06-17 13:39:38] [INFO] Airtable réponse {"http_code":200,"records":20,"error":null,"raw_preview":"{\"records\":[{\"id\":\"rec0H41i2V8jHzPsv\",\"createdTime\":\"2026-05-21T20:46:06.000Z\",\"fields\":{\"Question\":\"Quel outil utilisez-vous actuellement ?\",\"TypeId RecordID\":\"rec0H41i2V8jHzPsv\",\"Required\":true,\"FieldType\":\"single_choice\",\"Order\":2,\"Options\":\"SuperHote, Smoobu, Hostaway, Lodgify, Aucun, Autre\",\"MeetingTypes\":[\"reccrUdSb62CwjgdQ\"],\"TypeId\":[\"demo\"]}},{\"id\":\"rec46qcr9aIeN0kuP\",\"createdTime\":\"2026-"}
[2026-06-17 13:39:38] [INFO] Questions fetch {"count":20}
[2026-06-17 13:39:38] [INFO] Réponse finale {"agents":3,"meetingTypes":4}
[2026-06-17 14:10:22] [INFO] ───── Requête entrante ───── {"method":"GET","origin":"(none)","ip":"185.216.231.163","base_id":"appaugs4hsh3iObQG","tbl_agents":"tblrGsVbuPfuiYOtd","tbl_types":"tblKwoh1rbbOReA4e","token_hint":"patYRHbITQYMjt..."}
[2026-06-17 14:10:22] [INFO] Cache MISS — appel Airtable
[2026-06-17 14:10:22] [INFO] Airtable GET {"url":"https://api.airtable.com/v0/appaugs4hsh3iObQG/tblrGsVbuPfuiYOtd"}
[2026-06-17 14:10:25] [INFO] Airtable réponse {"http_code":200,"records":5,"error":null,"raw_preview":"{\"records\":[{\"id\":\"recCWyXh0NLw7zBfB\",\"createdTime\":\"2026-05-21T08:59:51.000Z\",\"fields\":{\"GoogleCalendarId\":\"a4f7a1684f155203185ea0459877db39f3df2778c6c563d3bdf0241fa90d7dd8@group.calendar.google.com\",\"Color\":\"#4f46e5\",\"MeetingTypes\":[\"rec45V8lwzABhzxnj\",\"reccrUdSb62CwjgdQ\",\"rec6UyAv7rbmTvmHo\"],\"WorkEnd\":18,\"Active\":true,\"WorkDays\":[\"0\",\"1\",\"2\",\"3\",\"4\",\"5\",\"6\"],\"WorkStart\":9,\"Email\":\"camillefauvea"}
[2026-06-17 14:10:25] [DEBUG] Champs premier agent brut {"fields":{"GoogleCalendarId":"a4f7a1684f155203185ea0459877db39f3df2778c6c563d3bdf0241fa90d7dd8@group.calendar.google.com","Color":"#4f46e5","MeetingTypes":["rec45V8lwzABhzxnj","reccrUdSb62CwjgdQ","rec6UyAv7rbmTvmHo"],"WorkEnd":18,"Active":true,"WorkDays":["0","1","2","3","4","5","6"],"WorkStart":9,"Email":"camillefauveau.service@gmail.com","Name":"Camille Fauveau","Role":"Ventes & Partenariats","AgentId":"camille"}}
[2026-06-17 14:10:25] [INFO] Agents filtrés {"brut":5,"actifs":3}
[2026-06-17 14:10:25] [INFO] Airtable GET {"url":"https://api.airtable.com/v0/appaugs4hsh3iObQG/tblKwoh1rbbOReA4e"}
[2026-06-17 14:10:25] [INFO] Airtable réponse {"http_code":200,"records":6,"error":null,"raw_preview":"{\"records\":[{\"id\":\"rec45V8lwzABhzxnj\",\"createdTime\":\"2026-05-21T09:00:31.000Z\",\"fields\":{\"AgentId (from AgentsIds)\":[\"camille\"],\"Order\":1,\"TypeId\":\"decouverte\",\"PlanningStatus\":\"Appel de découverte réservé\",\"Questions\":[\"reczBLconKqCBbM7L\",\"recICq5F6bjW3gg4Y\",\"recVI2Xroi3F7gajR\",\"recNk9Zn7CTIQzOyr\",\"receiIq9tYcTjRovz\"],\"AgentsIds\":[\"recCWyXh0NLw7zBfB\"],\"Description\":\"Première prise de contact "}
[2026-06-17 14:10:25] [DEBUG] Champs premier type brut {"fields":{"AgentId (from AgentsIds)":["camille"],"Order":1,"TypeId":"decouverte","PlanningStatus":"Appel de découverte réservé","Questions":["reczBLconKqCBbM7L","recICq5F6bjW3gg4Y","recVI2Xroi3F7gajR","recNk9Zn7CTIQzOyr","receiIq9tYcTjRovz"],"AgentsIds":["recCWyXh0NLw7zBfB"],"Description":"Première prise de contact et analyse de vos besoins","Color":"#7c3aed","Label":"Appel Découverte GuestLucky","Icon":"💬","Duration":30}}
[2026-06-17 14:10:25] [INFO] Types filtrés {"brut":6,"actifs":4}
[2026-06-17 14:10:25] [INFO] Airtable GET {"url":"https://api.airtable.com/v0/appaugs4hsh3iObQG/tbls6HegQyAgFGWIH"}
[2026-06-17 14:10:26] [INFO] Airtable réponse {"http_code":200,"records":20,"error":null,"raw_preview":"{\"records\":[{\"id\":\"rec0H41i2V8jHzPsv\",\"createdTime\":\"2026-05-21T20:46:06.000Z\",\"fields\":{\"Question\":\"Quel outil utilisez-vous actuellement ?\",\"TypeId RecordID\":\"rec0H41i2V8jHzPsv\",\"Required\":true,\"FieldType\":\"single_choice\",\"Order\":2,\"Options\":\"SuperHote, Smoobu, Hostaway, Lodgify, Aucun, Autre\",\"MeetingTypes\":[\"reccrUdSb62CwjgdQ\"],\"TypeId\":[\"demo\"]}},{\"id\":\"rec46qcr9aIeN0kuP\",\"createdTime\":\"2026-"}
[2026-06-17 14:10:26] [INFO] Questions fetch {"count":20}
[2026-06-17 14:10:26] [INFO] Réponse finale {"agents":3,"meetingTypes":4}
[2026-06-17 14:26:11] [INFO] ───── Requête entrante ───── {"method":"GET","origin":"(none)","ip":"89.80.99.122","base_id":"appaugs4hsh3iObQG","tbl_agents":"tblrGsVbuPfuiYOtd","tbl_types":"tblKwoh1rbbOReA4e","token_hint":"patYRHbITQYMjt..."}
[2026-06-17 14:26:11] [INFO] Cache MISS — appel Airtable
[2026-06-17 14:26:11] [INFO] Airtable GET {"url":"https://api.airtable.com/v0/appaugs4hsh3iObQG/tblrGsVbuPfuiYOtd"}
[2026-06-17 14:26:14] [INFO] Airtable réponse {"http_code":200,"records":5,"error":null,"raw_preview":"{\"records\":[{\"id\":\"recCWyXh0NLw7zBfB\",\"createdTime\":\"2026-05-21T08:59:51.000Z\",\"fields\":{\"GoogleCalendarId\":\"a4f7a1684f155203185ea0459877db39f3df2778c6c563d3bdf0241fa90d7dd8@group.calendar.google.com\",\"Color\":\"#4f46e5\",\"MeetingTypes\":[\"rec45V8lwzABhzxnj\",\"reccrUdSb62CwjgdQ\",\"rec6UyAv7rbmTvmHo\"],\"WorkEnd\":18,\"Active\":true,\"WorkDays\":[\"0\",\"1\",\"2\",\"3\",\"4\",\"5\",\"6\"],\"WorkStart\":9,\"Email\":\"camillefauvea"}
[2026-06-17 14:26:14] [DEBUG] Champs premier agent brut {"fields":{"GoogleCalendarId":"a4f7a1684f155203185ea0459877db39f3df2778c6c563d3bdf0241fa90d7dd8@group.calendar.google.com","Color":"#4f46e5","MeetingTypes":["rec45V8lwzABhzxnj","reccrUdSb62CwjgdQ","rec6UyAv7rbmTvmHo"],"WorkEnd":18,"Active":true,"WorkDays":["0","1","2","3","4","5","6"],"WorkStart":9,"Email":"camillefauveau.service@gmail.com","Name":"Camille Fauveau","Role":"Ventes & Partenariats","AgentId":"camille"}}
[2026-06-17 14:26:14] [INFO] Agents filtrés {"brut":5,"actifs":3}
[2026-06-17 14:26:14] [INFO] Airtable GET {"url":"https://api.airtable.com/v0/appaugs4hsh3iObQG/tblKwoh1rbbOReA4e"}
[2026-06-17 14:26:14] [INFO] Airtable réponse {"http_code":200,"records":6,"error":null,"raw_preview":"{\"records\":[{\"id\":\"rec45V8lwzABhzxnj\",\"createdTime\":\"2026-05-21T09:00:31.000Z\",\"fields\":{\"AgentId (from AgentsIds)\":[\"camille\"],\"Order\":1,\"TypeId\":\"decouverte\",\"PlanningStatus\":\"Appel de découverte réservé\",\"Questions\":[\"reczBLconKqCBbM7L\",\"recICq5F6bjW3gg4Y\",\"recVI2Xroi3F7gajR\",\"recNk9Zn7CTIQzOyr\",\"receiIq9tYcTjRovz\"],\"AgentsIds\":[\"recCWyXh0NLw7zBfB\"],\"Description\":\"Première prise de contact "}
[2026-06-17 14:26:14] [DEBUG] Champs premier type brut {"fields":{"AgentId (from AgentsIds)":["camille"],"Order":1,"TypeId":"decouverte","PlanningStatus":"Appel de découverte réservé","Questions":["reczBLconKqCBbM7L","recICq5F6bjW3gg4Y","recVI2Xroi3F7gajR","recNk9Zn7CTIQzOyr","receiIq9tYcTjRovz"],"AgentsIds":["recCWyXh0NLw7zBfB"],"Description":"Première prise de contact et analyse de vos besoins","Color":"#7c3aed","Label":"Appel Découverte GuestLucky","Icon":"💬","Duration":30}}
[2026-06-17 14:26:14] [INFO] Types filtrés {"brut":6,"actifs":4}
[2026-06-17 14:26:14] [INFO] Airtable GET {"url":"https://api.airtable.com/v0/appaugs4hsh3iObQG/tbls6HegQyAgFGWIH"}
[2026-06-17 14:26:15] [INFO] Airtable réponse {"http_code":200,"records":20,"error":null,"raw_preview":"{\"records\":[{\"id\":\"rec0H41i2V8jHzPsv\",\"createdTime\":\"2026-05-21T20:46:06.000Z\",\"fields\":{\"Question\":\"Quel outil utilisez-vous actuellement ?\",\"TypeId RecordID\":\"rec0H41i2V8jHzPsv\",\"Required\":true,\"FieldType\":\"single_choice\",\"Order\":2,\"Options\":\"SuperHote, Smoobu, Hostaway, Lodgify, Aucun, Autre\",\"MeetingTypes\":[\"reccrUdSb62CwjgdQ\"],\"TypeId\":[\"demo\"]}},{\"id\":\"rec46qcr9aIeN0kuP\",\"createdTime\":\"2026-"}
[2026-06-17 14:26:15] [INFO] Questions fetch {"count":20}
[2026-06-17 14:26:15] [INFO] Réponse finale {"agents":3,"meetingTypes":4}
[2026-06-17 17:15:42] [INFO] ───── Requête entrante ───── {"method":"GET","origin":"(none)","ip":"194.124.195.197","base_id":"appaugs4hsh3iObQG","tbl_agents":"tblrGsVbuPfuiYOtd","tbl_types":"tblKwoh1rbbOReA4e","token_hint":"patYRHbITQYMjt..."}
[2026-06-17 17:15:42] [INFO] Cache MISS — appel Airtable
[2026-06-17 17:15:42] [INFO] Airtable GET {"url":"https://api.airtable.com/v0/appaugs4hsh3iObQG/tblrGsVbuPfuiYOtd"}
[2026-06-17 17:15:45] [INFO] Airtable réponse {"http_code":200,"records":5,"error":null,"raw_preview":"{\"records\":[{\"id\":\"recCWyXh0NLw7zBfB\",\"createdTime\":\"2026-05-21T08:59:51.000Z\",\"fields\":{\"GoogleCalendarId\":\"a4f7a1684f155203185ea0459877db39f3df2778c6c563d3bdf0241fa90d7dd8@group.calendar.google.com\",\"Color\":\"#4f46e5\",\"MeetingTypes\":[\"rec45V8lwzABhzxnj\",\"reccrUdSb62CwjgdQ\",\"rec6UyAv7rbmTvmHo\"],\"WorkEnd\":18,\"Active\":true,\"WorkDays\":[\"0\",\"1\",\"2\",\"3\",\"4\",\"5\",\"6\"],\"WorkStart\":9,\"Email\":\"camillefauvea"}
[2026-06-17 17:15:45] [DEBUG] Champs premier agent brut {"fields":{"GoogleCalendarId":"a4f7a1684f155203185ea0459877db39f3df2778c6c563d3bdf0241fa90d7dd8@group.calendar.google.com","Color":"#4f46e5","MeetingTypes":["rec45V8lwzABhzxnj","reccrUdSb62CwjgdQ","rec6UyAv7rbmTvmHo"],"WorkEnd":18,"Active":true,"WorkDays":["0","1","2","3","4","5","6"],"WorkStart":9,"Email":"camillefauveau.service@gmail.com","Name":"Camille Fauveau","Role":"Ventes & Partenariats","AgentId":"camille"}}
[2026-06-17 17:15:45] [INFO] Agents filtrés {"brut":5,"actifs":3}
[2026-06-17 17:15:45] [INFO] Airtable GET {"url":"https://api.airtable.com/v0/appaugs4hsh3iObQG/tblKwoh1rbbOReA4e"}
[2026-06-17 17:15:45] [INFO] Airtable réponse {"http_code":200,"records":6,"error":null,"raw_preview":"{\"records\":[{\"id\":\"rec45V8lwzABhzxnj\",\"createdTime\":\"2026-05-21T09:00:31.000Z\",\"fields\":{\"AgentId (from AgentsIds)\":[\"camille\"],\"Order\":1,\"TypeId\":\"decouverte\",\"PlanningStatus\":\"Appel de découverte réservé\",\"Questions\":[\"reczBLconKqCBbM7L\",\"recICq5F6bjW3gg4Y\",\"recVI2Xroi3F7gajR\",\"recNk9Zn7CTIQzOyr\",\"receiIq9tYcTjRovz\"],\"AgentsIds\":[\"recCWyXh0NLw7zBfB\"],\"Description\":\"Première prise de contact "}
[2026-06-17 17:15:45] [DEBUG] Champs premier type brut {"fields":{"AgentId (from AgentsIds)":["camille"],"Order":1,"TypeId":"decouverte","PlanningStatus":"Appel de découverte réservé","Questions":["reczBLconKqCBbM7L","recICq5F6bjW3gg4Y","recVI2Xroi3F7gajR","recNk9Zn7CTIQzOyr","receiIq9tYcTjRovz"],"AgentsIds":["recCWyXh0NLw7zBfB"],"Description":"Première prise de contact et analyse de vos besoins","Color":"#7c3aed","Label":"Appel Découverte GuestLucky","Icon":"💬","Duration":30}}
[2026-06-17 17:15:45] [INFO] Types filtrés {"brut":6,"actifs":4}
[2026-06-17 17:15:45] [INFO] Airtable GET {"url":"https://api.airtable.com/v0/appaugs4hsh3iObQG/tbls6HegQyAgFGWIH"}
[2026-06-17 17:15:46] [INFO] Airtable réponse {"http_code":200,"records":20,"error":null,"raw_preview":"{\"records\":[{\"id\":\"rec0H41i2V8jHzPsv\",\"createdTime\":\"2026-05-21T20:46:06.000Z\",\"fields\":{\"Question\":\"Quel outil utilisez-vous actuellement ?\",\"TypeId RecordID\":\"rec0H41i2V8jHzPsv\",\"Required\":true,\"FieldType\":\"single_choice\",\"Order\":2,\"Options\":\"SuperHote, Smoobu, Hostaway, Lodgify, Aucun, Autre\",\"MeetingTypes\":[\"reccrUdSb62CwjgdQ\"],\"TypeId\":[\"demo\"]}},{\"id\":\"rec46qcr9aIeN0kuP\",\"createdTime\":\"2026-"}
[2026-06-17 17:15:46] [INFO] Questions fetch {"count":20}
[2026-06-17 17:15:46] [INFO] Réponse finale {"agents":3,"meetingTypes":4}
[2026-06-17 17:17:12] [INFO] ───── Requête entrante ───── {"method":"GET","origin":"(none)","ip":"109.223.4.154","base_id":"appaugs4hsh3iObQG","tbl_agents":"tblrGsVbuPfuiYOtd","tbl_types":"tblKwoh1rbbOReA4e","token_hint":"patYRHbITQYMjt..."}
[2026-06-17 17:17:12] [INFO] Cache HIT
[2026-06-17 17:23:05] [INFO] ───── Requête entrante ───── {"method":"GET","origin":"(none)","ip":"109.223.4.154","base_id":"appaugs4hsh3iObQG","tbl_agents":"tblrGsVbuPfuiYOtd","tbl_types":"tblKwoh1rbbOReA4e","token_hint":"patYRHbITQYMjt..."}
[2026-06-17 17:23:05] [INFO] Cache MISS — appel Airtable
[2026-06-17 17:23:05] [INFO] Airtable GET {"url":"https://api.airtable.com/v0/appaugs4hsh3iObQG/tblrGsVbuPfuiYOtd"}
[2026-06-17 17:23:08] [INFO] Airtable réponse {"http_code":200,"records":5,"error":null,"raw_preview":"{\"records\":[{\"id\":\"recCWyXh0NLw7zBfB\",\"createdTime\":\"2026-05-21T08:59:51.000Z\",\"fields\":{\"GoogleCalendarId\":\"a4f7a1684f155203185ea0459877db39f3df2778c6c563d3bdf0241fa90d7dd8@group.calendar.google.com\",\"Color\":\"#4f46e5\",\"MeetingTypes\":[\"rec45V8lwzABhzxnj\",\"reccrUdSb62CwjgdQ\",\"rec6UyAv7rbmTvmHo\"],\"WorkEnd\":18,\"Active\":true,\"WorkDays\":[\"0\",\"1\",\"2\",\"3\",\"4\",\"5\",\"6\"],\"WorkStart\":9,\"Email\":\"camillefauvea"}
[2026-06-17 17:23:08] [DEBUG] Champs premier agent brut {"fields":{"GoogleCalendarId":"a4f7a1684f155203185ea0459877db39f3df2778c6c563d3bdf0241fa90d7dd8@group.calendar.google.com","Color":"#4f46e5","MeetingTypes":["rec45V8lwzABhzxnj","reccrUdSb62CwjgdQ","rec6UyAv7rbmTvmHo"],"WorkEnd":18,"Active":true,"WorkDays":["0","1","2","3","4","5","6"],"WorkStart":9,"Email":"camillefauveau.service@gmail.com","Name":"Camille Fauveau","Role":"Ventes & Partenariats","AgentId":"camille"}}
[2026-06-17 17:23:08] [INFO] Agents filtrés {"brut":5,"actifs":3}
[2026-06-17 17:23:08] [INFO] Airtable GET {"url":"https://api.airtable.com/v0/appaugs4hsh3iObQG/tblKwoh1rbbOReA4e"}
[2026-06-17 17:23:08] [INFO] Airtable réponse {"http_code":200,"records":6,"error":null,"raw_preview":"{\"records\":[{\"id\":\"rec45V8lwzABhzxnj\",\"createdTime\":\"2026-05-21T09:00:31.000Z\",\"fields\":{\"AgentId (from AgentsIds)\":[\"camille\"],\"Order\":1,\"TypeId\":\"decouverte\",\"PlanningStatus\":\"Appel de découverte réservé\",\"Questions\":[\"reczBLconKqCBbM7L\",\"recICq5F6bjW3gg4Y\",\"recVI2Xroi3F7gajR\",\"recNk9Zn7CTIQzOyr\",\"receiIq9tYcTjRovz\"],\"AgentsIds\":[\"recCWyXh0NLw7zBfB\"],\"Description\":\"Première prise de contact "}
[2026-06-17 17:23:08] [DEBUG] Champs premier type brut {"fields":{"AgentId (from AgentsIds)":["camille"],"Order":1,"TypeId":"decouverte","PlanningStatus":"Appel de découverte réservé","Questions":["reczBLconKqCBbM7L","recICq5F6bjW3gg4Y","recVI2Xroi3F7gajR","recNk9Zn7CTIQzOyr","receiIq9tYcTjRovz"],"AgentsIds":["recCWyXh0NLw7zBfB"],"Description":"Première prise de contact et analyse de vos besoins","Color":"#7c3aed","Label":"Appel Découverte GuestLucky","Icon":"💬","Duration":30}}
[2026-06-17 17:23:08] [INFO] Types filtrés {"brut":6,"actifs":4}
[2026-06-17 17:23:08] [INFO] Airtable GET {"url":"https://api.airtable.com/v0/appaugs4hsh3iObQG/tbls6HegQyAgFGWIH"}
[2026-06-17 17:23:09] [INFO] Airtable réponse {"http_code":200,"records":20,"error":null,"raw_preview":"{\"records\":[{\"id\":\"rec0H41i2V8jHzPsv\",\"createdTime\":\"2026-05-21T20:46:06.000Z\",\"fields\":{\"Question\":\"Quel outil utilisez-vous actuellement ?\",\"TypeId RecordID\":\"rec0H41i2V8jHzPsv\",\"Required\":true,\"FieldType\":\"single_choice\",\"Order\":2,\"Options\":\"SuperHote, Smoobu, Hostaway, Lodgify, Aucun, Autre\",\"MeetingTypes\":[\"reccrUdSb62CwjgdQ\"],\"TypeId\":[\"demo\"]}},{\"id\":\"rec46qcr9aIeN0kuP\",\"createdTime\":\"2026-"}
[2026-06-17 17:23:09] [INFO] Questions fetch {"count":20}
[2026-06-17 17:23:09] [INFO] Réponse finale {"agents":3,"meetingTypes":4}
[2026-06-17 17:28:01] [INFO] ───── Requête entrante ───── {"method":"GET","origin":"(none)","ip":"109.223.4.154","base_id":"appaugs4hsh3iObQG","tbl_agents":"tblrGsVbuPfuiYOtd","tbl_types":"tblKwoh1rbbOReA4e","token_hint":"patYRHbITQYMjt..."}
[2026-06-17 17:28:01] [INFO] Cache HIT
[2026-06-17 17:28:48] [INFO] ───── Requête entrante ───── {"method":"GET","origin":"(none)","ip":"109.223.4.154","base_id":"appaugs4hsh3iObQG","tbl_agents":"tblrGsVbuPfuiYOtd","tbl_types":"tblKwoh1rbbOReA4e","token_hint":"patYRHbITQYMjt..."}
[2026-06-17 17:28:48] [INFO] Cache MISS — appel Airtable
[2026-06-17 17:28:48] [INFO] Airtable GET {"url":"https://api.airtable.com/v0/appaugs4hsh3iObQG/tblrGsVbuPfuiYOtd"}
[2026-06-17 17:28:51] [INFO] Airtable réponse {"http_code":200,"records":5,"error":null,"raw_preview":"{\"records\":[{\"id\":\"recCWyXh0NLw7zBfB\",\"createdTime\":\"2026-05-21T08:59:51.000Z\",\"fields\":{\"GoogleCalendarId\":\"a4f7a1684f155203185ea0459877db39f3df2778c6c563d3bdf0241fa90d7dd8@group.calendar.google.com\",\"Color\":\"#4f46e5\",\"MeetingTypes\":[\"rec45V8lwzABhzxnj\",\"reccrUdSb62CwjgdQ\",\"rec6UyAv7rbmTvmHo\"],\"WorkEnd\":18,\"Active\":true,\"WorkDays\":[\"0\",\"1\",\"2\",\"3\",\"4\",\"5\",\"6\"],\"WorkStart\":9,\"Email\":\"camillefauvea"}
[2026-06-17 17:28:51] [DEBUG] Champs premier agent brut {"fields":{"GoogleCalendarId":"a4f7a1684f155203185ea0459877db39f3df2778c6c563d3bdf0241fa90d7dd8@group.calendar.google.com","Color":"#4f46e5","MeetingTypes":["rec45V8lwzABhzxnj","reccrUdSb62CwjgdQ","rec6UyAv7rbmTvmHo"],"WorkEnd":18,"Active":true,"WorkDays":["0","1","2","3","4","5","6"],"WorkStart":9,"Email":"camillefauveau.service@gmail.com","Name":"Camille Fauveau","Role":"Ventes & Partenariats","AgentId":"camille"}}
[2026-06-17 17:28:51] [INFO] Agents filtrés {"brut":5,"actifs":3}
[2026-06-17 17:28:51] [INFO] Airtable GET {"url":"https://api.airtable.com/v0/appaugs4hsh3iObQG/tblKwoh1rbbOReA4e"}
[2026-06-17 17:28:52] [INFO] Airtable réponse {"http_code":200,"records":6,"error":null,"raw_preview":"{\"records\":[{\"id\":\"rec45V8lwzABhzxnj\",\"createdTime\":\"2026-05-21T09:00:31.000Z\",\"fields\":{\"AgentId (from AgentsIds)\":[\"camille\"],\"Order\":1,\"TypeId\":\"decouverte\",\"PlanningStatus\":\"Appel de découverte réservé\",\"Questions\":[\"reczBLconKqCBbM7L\",\"recICq5F6bjW3gg4Y\",\"recVI2Xroi3F7gajR\",\"recNk9Zn7CTIQzOyr\",\"receiIq9tYcTjRovz\"],\"AgentsIds\":[\"recCWyXh0NLw7zBfB\"],\"Description\":\"Première prise de contact "}
[2026-06-17 17:28:52] [DEBUG] Champs premier type brut {"fields":{"AgentId (from AgentsIds)":["camille"],"Order":1,"TypeId":"decouverte","PlanningStatus":"Appel de découverte réservé","Questions":["reczBLconKqCBbM7L","recICq5F6bjW3gg4Y","recVI2Xroi3F7gajR","recNk9Zn7CTIQzOyr","receiIq9tYcTjRovz"],"AgentsIds":["recCWyXh0NLw7zBfB"],"Description":"Première prise de contact et analyse de vos besoins","Color":"#7c3aed","Label":"Appel Découverte GuestLucky","Icon":"💬","Duration":30}}
[2026-06-17 17:28:52] [INFO] Types filtrés {"brut":6,"actifs":4}
[2026-06-17 17:28:52] [INFO] Airtable GET {"url":"https://api.airtable.com/v0/appaugs4hsh3iObQG/tbls6HegQyAgFGWIH"}
[2026-06-17 17:28:52] [INFO] Airtable réponse {"http_code":200,"records":20,"error":null,"raw_preview":"{\"records\":[{\"id\":\"rec0H41i2V8jHzPsv\",\"createdTime\":\"2026-05-21T20:46:06.000Z\",\"fields\":{\"Question\":\"Quel outil utilisez-vous actuellement ?\",\"TypeId RecordID\":\"rec0H41i2V8jHzPsv\",\"Required\":true,\"FieldType\":\"single_choice\",\"Order\":2,\"Options\":\"SuperHote, Smoobu, Hostaway, Lodgify, Aucun, Autre\",\"MeetingTypes\":[\"reccrUdSb62CwjgdQ\"],\"TypeId\":[\"demo\"]}},{\"id\":\"rec46qcr9aIeN0kuP\",\"createdTime\":\"2026-"}
[2026-06-17 17:28:52] [INFO] Questions fetch {"count":20}
[2026-06-17 17:28:52] [INFO] Réponse finale {"agents":3,"meetingTypes":4}
[2026-06-17 17:32:35] [INFO] ───── Requête entrante ───── {"method":"GET","origin":"(none)","ip":"109.223.4.154","base_id":"appaugs4hsh3iObQG","tbl_agents":"tblrGsVbuPfuiYOtd","tbl_types":"tblKwoh1rbbOReA4e","token_hint":"patYRHbITQYMjt..."}
[2026-06-17 17:32:35] [INFO] Cache HIT
[2026-06-17 17:33:59] [INFO] ───── Requête entrante ───── {"method":"GET","origin":"(none)","ip":"109.223.4.154","base_id":"appaugs4hsh3iObQG","tbl_agents":"tblrGsVbuPfuiYOtd","tbl_types":"tblKwoh1rbbOReA4e","token_hint":"patYRHbITQYMjt..."}
[2026-06-17 17:33:59] [INFO] Cache MISS — appel Airtable
[2026-06-17 17:33:59] [INFO] Airtable GET {"url":"https://api.airtable.com/v0/appaugs4hsh3iObQG/tblrGsVbuPfuiYOtd"}
[2026-06-17 17:34:01] [INFO] Airtable réponse {"http_code":200,"records":5,"error":null,"raw_preview":"{\"records\":[{\"id\":\"recCWyXh0NLw7zBfB\",\"createdTime\":\"2026-05-21T08:59:51.000Z\",\"fields\":{\"GoogleCalendarId\":\"a4f7a1684f155203185ea0459877db39f3df2778c6c563d3bdf0241fa90d7dd8@group.calendar.google.com\",\"Color\":\"#4f46e5\",\"MeetingTypes\":[\"rec45V8lwzABhzxnj\",\"reccrUdSb62CwjgdQ\",\"rec6UyAv7rbmTvmHo\"],\"WorkEnd\":18,\"Active\":true,\"WorkDays\":[\"0\",\"1\",\"2\",\"3\",\"4\",\"5\",\"6\"],\"WorkStart\":9,\"Email\":\"camillefauvea"}
[2026-06-17 17:34:01] [DEBUG] Champs premier agent brut {"fields":{"GoogleCalendarId":"a4f7a1684f155203185ea0459877db39f3df2778c6c563d3bdf0241fa90d7dd8@group.calendar.google.com","Color":"#4f46e5","MeetingTypes":["rec45V8lwzABhzxnj","reccrUdSb62CwjgdQ","rec6UyAv7rbmTvmHo"],"WorkEnd":18,"Active":true,"WorkDays":["0","1","2","3","4","5","6"],"WorkStart":9,"Email":"camillefauveau.service@gmail.com","Name":"Camille Fauveau","Role":"Ventes & Partenariats","AgentId":"camille"}}
[2026-06-17 17:34:01] [INFO] Agents filtrés {"brut":5,"actifs":3}
[2026-06-17 17:34:01] [INFO] Airtable GET {"url":"https://api.airtable.com/v0/appaugs4hsh3iObQG/tblKwoh1rbbOReA4e"}
[2026-06-17 17:34:02] [INFO] Airtable réponse {"http_code":200,"records":6,"error":null,"raw_preview":"{\"records\":[{\"id\":\"rec45V8lwzABhzxnj\",\"createdTime\":\"2026-05-21T09:00:31.000Z\",\"fields\":{\"AgentId (from AgentsIds)\":[\"camille\"],\"Order\":1,\"TypeId\":\"decouverte\",\"PlanningStatus\":\"Appel de découverte réservé\",\"Questions\":[\"reczBLconKqCBbM7L\",\"recICq5F6bjW3gg4Y\",\"recVI2Xroi3F7gajR\",\"recNk9Zn7CTIQzOyr\",\"receiIq9tYcTjRovz\"],\"AgentsIds\":[\"recCWyXh0NLw7zBfB\"],\"Description\":\"Première prise de contact "}
[2026-06-17 17:34:02] [DEBUG] Champs premier type brut {"fields":{"AgentId (from AgentsIds)":["camille"],"Order":1,"TypeId":"decouverte","PlanningStatus":"Appel de découverte réservé","Questions":["reczBLconKqCBbM7L","recICq5F6bjW3gg4Y","recVI2Xroi3F7gajR","recNk9Zn7CTIQzOyr","receiIq9tYcTjRovz"],"AgentsIds":["recCWyXh0NLw7zBfB"],"Description":"Première prise de contact et analyse de vos besoins","Color":"#7c3aed","Label":"Appel Découverte GuestLucky","Icon":"💬","Duration":30}}
[2026-06-17 17:34:02] [INFO] Types filtrés {"brut":6,"actifs":4}
[2026-06-17 17:34:02] [INFO] Airtable GET {"url":"https://api.airtable.com/v0/appaugs4hsh3iObQG/tbls6HegQyAgFGWIH"}
[2026-06-17 17:34:02] [INFO] Airtable réponse {"http_code":200,"records":20,"error":null,"raw_preview":"{\"records\":[{\"id\":\"rec0H41i2V8jHzPsv\",\"createdTime\":\"2026-05-21T20:46:06.000Z\",\"fields\":{\"Question\":\"Quel outil utilisez-vous actuellement ?\",\"TypeId RecordID\":\"rec0H41i2V8jHzPsv\",\"Required\":true,\"FieldType\":\"single_choice\",\"Order\":2,\"Options\":\"SuperHote, Smoobu, Hostaway, Lodgify, Aucun, Autre\",\"MeetingTypes\":[\"reccrUdSb62CwjgdQ\"],\"TypeId\":[\"demo\"]}},{\"id\":\"rec46qcr9aIeN0kuP\",\"createdTime\":\"2026-"}
[2026-06-17 17:34:02] [INFO] Questions fetch {"count":20}
[2026-06-17 17:34:02] [INFO] Réponse finale {"agents":3,"meetingTypes":4}
[2026-06-17 17:38:13] [INFO] ───── Requête entrante ───── {"method":"GET","origin":"(none)","ip":"109.223.4.154","base_id":"appaugs4hsh3iObQG","tbl_agents":"tblrGsVbuPfuiYOtd","tbl_types":"tblKwoh1rbbOReA4e","token_hint":"patYRHbITQYMjt..."}
[2026-06-17 17:38:13] [INFO] Cache HIT
[2026-06-17 17:49:58] [INFO] ───── Requête entrante ───── {"method":"GET","origin":"(none)","ip":"109.223.4.154","base_id":"appaugs4hsh3iObQG","tbl_agents":"tblrGsVbuPfuiYOtd","tbl_types":"tblKwoh1rbbOReA4e","token_hint":"patYRHbITQYMjt..."}
[2026-06-17 17:49:58] [INFO] Cache MISS — appel Airtable
[2026-06-17 17:49:58] [INFO] Airtable GET {"url":"https://api.airtable.com/v0/appaugs4hsh3iObQG/tblrGsVbuPfuiYOtd"}
[2026-06-17 17:50:00] [INFO] Airtable réponse {"http_code":200,"records":5,"error":null,"raw_preview":"{\"records\":[{\"id\":\"recCWyXh0NLw7zBfB\",\"createdTime\":\"2026-05-21T08:59:51.000Z\",\"fields\":{\"GoogleCalendarId\":\"a4f7a1684f155203185ea0459877db39f3df2778c6c563d3bdf0241fa90d7dd8@group.calendar.google.com\",\"Color\":\"#4f46e5\",\"MeetingTypes\":[\"rec45V8lwzABhzxnj\",\"reccrUdSb62CwjgdQ\",\"rec6UyAv7rbmTvmHo\"],\"WorkEnd\":18,\"Active\":true,\"WorkDays\":[\"0\",\"1\",\"2\",\"3\",\"4\",\"5\",\"6\"],\"WorkStart\":9,\"Email\":\"camillefauvea"}
[2026-06-17 17:50:00] [DEBUG] Champs premier agent brut {"fields":{"GoogleCalendarId":"a4f7a1684f155203185ea0459877db39f3df2778c6c563d3bdf0241fa90d7dd8@group.calendar.google.com","Color":"#4f46e5","MeetingTypes":["rec45V8lwzABhzxnj","reccrUdSb62CwjgdQ","rec6UyAv7rbmTvmHo"],"WorkEnd":18,"Active":true,"WorkDays":["0","1","2","3","4","5","6"],"WorkStart":9,"Email":"camillefauveau.service@gmail.com","Name":"Camille Fauveau","Role":"Ventes & Partenariats","AgentId":"camille"}}
[2026-06-17 17:50:00] [INFO] Agents filtrés {"brut":5,"actifs":3}
[2026-06-17 17:50:00] [INFO] Airtable GET {"url":"https://api.airtable.com/v0/appaugs4hsh3iObQG/tblKwoh1rbbOReA4e"}
[2026-06-17 17:50:01] [INFO] Airtable réponse {"http_code":200,"records":6,"error":null,"raw_preview":"{\"records\":[{\"id\":\"rec45V8lwzABhzxnj\",\"createdTime\":\"2026-05-21T09:00:31.000Z\",\"fields\":{\"AgentId (from AgentsIds)\":[\"camille\"],\"Order\":1,\"TypeId\":\"decouverte\",\"PlanningStatus\":\"Appel de découverte réservé\",\"Questions\":[\"reczBLconKqCBbM7L\",\"recICq5F6bjW3gg4Y\",\"recVI2Xroi3F7gajR\",\"recNk9Zn7CTIQzOyr\",\"receiIq9tYcTjRovz\"],\"AgentsIds\":[\"recCWyXh0NLw7zBfB\"],\"Description\":\"Première prise de contact "}
[2026-06-17 17:50:01] [DEBUG] Champs premier type brut {"fields":{"AgentId (from AgentsIds)":["camille"],"Order":1,"TypeId":"decouverte","PlanningStatus":"Appel de découverte réservé","Questions":["reczBLconKqCBbM7L","recICq5F6bjW3gg4Y","recVI2Xroi3F7gajR","recNk9Zn7CTIQzOyr","receiIq9tYcTjRovz"],"AgentsIds":["recCWyXh0NLw7zBfB"],"Description":"Première prise de contact et analyse de vos besoins","Color":"#7c3aed","Label":"Appel Découverte GuestLucky","Icon":"💬","Duration":30}}
[2026-06-17 17:50:01] [INFO] Types filtrés {"brut":6,"actifs":4}
[2026-06-17 17:50:01] [INFO] Airtable GET {"url":"https://api.airtable.com/v0/appaugs4hsh3iObQG/tbls6HegQyAgFGWIH"}
[2026-06-17 17:50:01] [INFO] Airtable réponse {"http_code":200,"records":20,"error":null,"raw_preview":"{\"records\":[{\"id\":\"rec0H41i2V8jHzPsv\",\"createdTime\":\"2026-05-21T20:46:06.000Z\",\"fields\":{\"Question\":\"Quel outil utilisez-vous actuellement ?\",\"TypeId RecordID\":\"rec0H41i2V8jHzPsv\",\"Required\":true,\"FieldType\":\"single_choice\",\"Order\":2,\"Options\":\"SuperHote, Smoobu, Hostaway, Lodgify, Aucun, Autre\",\"MeetingTypes\":[\"reccrUdSb62CwjgdQ\"],\"TypeId\":[\"demo\"]}},{\"id\":\"rec46qcr9aIeN0kuP\",\"createdTime\":\"2026-"}
[2026-06-17 17:50:01] [INFO] Questions fetch {"count":20}
[2026-06-17 17:50:01] [INFO] Réponse finale {"agents":3,"meetingTypes":4}
[2026-06-17 18:05:59] [INFO] ───── Requête entrante ───── {"method":"GET","origin":"(none)","ip":"88.168.226.159","base_id":"appaugs4hsh3iObQG","tbl_agents":"tblrGsVbuPfuiYOtd","tbl_types":"tblKwoh1rbbOReA4e","token_hint":"patYRHbITQYMjt..."}
[2026-06-17 18:05:59] [INFO] Cache MISS — appel Airtable
[2026-06-17 18:05:59] [INFO] Airtable GET {"url":"https://api.airtable.com/v0/appaugs4hsh3iObQG/tblrGsVbuPfuiYOtd"}
[2026-06-17 18:06:04] [INFO] Airtable réponse {"http_code":200,"records":5,"error":null,"raw_preview":"{\"records\":[{\"id\":\"recCWyXh0NLw7zBfB\",\"createdTime\":\"2026-05-21T08:59:51.000Z\",\"fields\":{\"GoogleCalendarId\":\"a4f7a1684f155203185ea0459877db39f3df2778c6c563d3bdf0241fa90d7dd8@group.calendar.google.com\",\"Color\":\"#4f46e5\",\"MeetingTypes\":[\"rec45V8lwzABhzxnj\",\"reccrUdSb62CwjgdQ\",\"rec6UyAv7rbmTvmHo\"],\"WorkEnd\":18,\"Active\":true,\"WorkDays\":[\"0\",\"1\",\"2\",\"3\",\"4\",\"5\",\"6\"],\"WorkStart\":9,\"Email\":\"camillefauvea"}
[2026-06-17 18:06:04] [DEBUG] Champs premier agent brut {"fields":{"GoogleCalendarId":"a4f7a1684f155203185ea0459877db39f3df2778c6c563d3bdf0241fa90d7dd8@group.calendar.google.com","Color":"#4f46e5","MeetingTypes":["rec45V8lwzABhzxnj","reccrUdSb62CwjgdQ","rec6UyAv7rbmTvmHo"],"WorkEnd":18,"Active":true,"WorkDays":["0","1","2","3","4","5","6"],"WorkStart":9,"Email":"camillefauveau.service@gmail.com","Name":"Camille Fauveau","Role":"Ventes & Partenariats","AgentId":"camille"}}
[2026-06-17 18:06:04] [INFO] Agents filtrés {"brut":5,"actifs":3}
[2026-06-17 18:06:04] [INFO] Airtable GET {"url":"https://api.airtable.com/v0/appaugs4hsh3iObQG/tblKwoh1rbbOReA4e"}
[2026-06-17 18:06:04] [INFO] Airtable réponse {"http_code":200,"records":6,"error":null,"raw_preview":"{\"records\":[{\"id\":\"rec45V8lwzABhzxnj\",\"createdTime\":\"2026-05-21T09:00:31.000Z\",\"fields\":{\"AgentId (from AgentsIds)\":[\"camille\"],\"Order\":1,\"TypeId\":\"decouverte\",\"PlanningStatus\":\"Appel de découverte réservé\",\"Questions\":[\"reczBLconKqCBbM7L\",\"recICq5F6bjW3gg4Y\",\"recVI2Xroi3F7gajR\",\"recNk9Zn7CTIQzOyr\",\"receiIq9tYcTjRovz\"],\"AgentsIds\":[\"recCWyXh0NLw7zBfB\"],\"Description\":\"Première prise de contact "}
[2026-06-17 18:06:04] [DEBUG] Champs premier type brut {"fields":{"AgentId (from AgentsIds)":["camille"],"Order":1,"TypeId":"decouverte","PlanningStatus":"Appel de découverte réservé","Questions":["reczBLconKqCBbM7L","recICq5F6bjW3gg4Y","recVI2Xroi3F7gajR","recNk9Zn7CTIQzOyr","receiIq9tYcTjRovz"],"AgentsIds":["recCWyXh0NLw7zBfB"],"Description":"Première prise de contact et analyse de vos besoins","Color":"#7c3aed","Label":"Appel Découverte GuestLucky","Icon":"💬","Duration":30}}
[2026-06-17 18:06:04] [INFO] Types filtrés {"brut":6,"actifs":4}
[2026-06-17 18:06:04] [INFO] Airtable GET {"url":"https://api.airtable.com/v0/appaugs4hsh3iObQG/tbls6HegQyAgFGWIH"}
[2026-06-17 18:06:05] [INFO] Airtable réponse {"http_code":200,"records":20,"error":null,"raw_preview":"{\"records\":[{\"id\":\"rec0H41i2V8jHzPsv\",\"createdTime\":\"2026-05-21T20:46:06.000Z\",\"fields\":{\"Question\":\"Quel outil utilisez-vous actuellement ?\",\"TypeId RecordID\":\"rec0H41i2V8jHzPsv\",\"Required\":true,\"FieldType\":\"single_choice\",\"Order\":2,\"Options\":\"SuperHote, Smoobu, Hostaway, Lodgify, Aucun, Autre\",\"MeetingTypes\":[\"reccrUdSb62CwjgdQ\"],\"TypeId\":[\"demo\"]}},{\"id\":\"rec46qcr9aIeN0kuP\",\"createdTime\":\"2026-"}
[2026-06-17 18:06:05] [INFO] Questions fetch {"count":20}
[2026-06-17 18:06:05] [INFO] Réponse finale {"agents":3,"meetingTypes":4}
[2026-06-17 18:52:37] [INFO] ───── Requête entrante ───── {"method":"GET","origin":"(none)","ip":"45.80.184.147","base_id":"appaugs4hsh3iObQG","tbl_agents":"tblrGsVbuPfuiYOtd","tbl_types":"tblKwoh1rbbOReA4e","token_hint":"patYRHbITQYMjt..."}
[2026-06-17 18:52:37] [INFO] Cache MISS — appel Airtable
[2026-06-17 18:52:37] [INFO] Airtable GET {"url":"https://api.airtable.com/v0/appaugs4hsh3iObQG/tblrGsVbuPfuiYOtd"}
[2026-06-17 18:52:39] [INFO] Airtable réponse {"http_code":200,"records":5,"error":null,"raw_preview":"{\"records\":[{\"id\":\"recCWyXh0NLw7zBfB\",\"createdTime\":\"2026-05-21T08:59:51.000Z\",\"fields\":{\"GoogleCalendarId\":\"a4f7a1684f155203185ea0459877db39f3df2778c6c563d3bdf0241fa90d7dd8@group.calendar.google.com\",\"Color\":\"#4f46e5\",\"MeetingTypes\":[\"rec45V8lwzABhzxnj\",\"reccrUdSb62CwjgdQ\",\"rec6UyAv7rbmTvmHo\"],\"WorkEnd\":18,\"Active\":true,\"WorkDays\":[\"0\",\"1\",\"2\",\"3\",\"4\",\"5\",\"6\"],\"WorkStart\":9,\"Email\":\"camillefauvea"}
[2026-06-17 18:52:39] [DEBUG] Champs premier agent brut {"fields":{"GoogleCalendarId":"a4f7a1684f155203185ea0459877db39f3df2778c6c563d3bdf0241fa90d7dd8@group.calendar.google.com","Color":"#4f46e5","MeetingTypes":["rec45V8lwzABhzxnj","reccrUdSb62CwjgdQ","rec6UyAv7rbmTvmHo"],"WorkEnd":18,"Active":true,"WorkDays":["0","1","2","3","4","5","6"],"WorkStart":9,"Email":"camillefauveau.service@gmail.com","Name":"Camille Fauveau","Role":"Ventes & Partenariats","AgentId":"camille"}}
[2026-06-17 18:52:39] [INFO] Agents filtrés {"brut":5,"actifs":3}
[2026-06-17 18:52:39] [INFO] Airtable GET {"url":"https://api.airtable.com/v0/appaugs4hsh3iObQG/tblKwoh1rbbOReA4e"}
[2026-06-17 18:52:40] [INFO] Airtable réponse {"http_code":200,"records":6,"error":null,"raw_preview":"{\"records\":[{\"id\":\"rec45V8lwzABhzxnj\",\"createdTime\":\"2026-05-21T09:00:31.000Z\",\"fields\":{\"AgentId (from AgentsIds)\":[\"camille\"],\"Order\":1,\"TypeId\":\"decouverte\",\"PlanningStatus\":\"Appel de découverte réservé\",\"Questions\":[\"reczBLconKqCBbM7L\",\"recICq5F6bjW3gg4Y\",\"recVI2Xroi3F7gajR\",\"recNk9Zn7CTIQzOyr\",\"receiIq9tYcTjRovz\"],\"AgentsIds\":[\"recCWyXh0NLw7zBfB\"],\"Description\":\"Première prise de contact "}
[2026-06-17 18:52:40] [DEBUG] Champs premier type brut {"fields":{"AgentId (from AgentsIds)":["camille"],"Order":1,"TypeId":"decouverte","PlanningStatus":"Appel de découverte réservé","Questions":["reczBLconKqCBbM7L","recICq5F6bjW3gg4Y","recVI2Xroi3F7gajR","recNk9Zn7CTIQzOyr","receiIq9tYcTjRovz"],"AgentsIds":["recCWyXh0NLw7zBfB"],"Description":"Première prise de contact et analyse de vos besoins","Color":"#7c3aed","Label":"Appel Découverte GuestLucky","Icon":"💬","Duration":30}}
[2026-06-17 18:52:40] [INFO] Types filtrés {"brut":6,"actifs":4}
[2026-06-17 18:52:40] [INFO] Airtable GET {"url":"https://api.airtable.com/v0/appaugs4hsh3iObQG/tbls6HegQyAgFGWIH"}
[2026-06-17 18:52:40] [INFO] Airtable réponse {"http_code":200,"records":20,"error":null,"raw_preview":"{\"records\":[{\"id\":\"rec0H41i2V8jHzPsv\",\"createdTime\":\"2026-05-21T20:46:06.000Z\",\"fields\":{\"Question\":\"Quel outil utilisez-vous actuellement ?\",\"TypeId RecordID\":\"rec0H41i2V8jHzPsv\",\"Required\":true,\"FieldType\":\"single_choice\",\"Order\":2,\"Options\":\"SuperHote, Smoobu, Hostaway, Lodgify, Aucun, Autre\",\"MeetingTypes\":[\"reccrUdSb62CwjgdQ\"],\"TypeId\":[\"demo\"]}},{\"id\":\"rec46qcr9aIeN0kuP\",\"createdTime\":\"2026-"}
[2026-06-17 18:52:40] [INFO] Questions fetch {"count":20}
[2026-06-17 18:52:40] [INFO] Réponse finale {"agents":3,"meetingTypes":4}
[2026-06-17 18:53:20] [INFO] ───── Requête entrante ───── {"method":"GET","origin":"(none)","ip":"45.80.184.147","base_id":"appaugs4hsh3iObQG","tbl_agents":"tblrGsVbuPfuiYOtd","tbl_types":"tblKwoh1rbbOReA4e","token_hint":"patYRHbITQYMjt..."}
[2026-06-17 18:53:20] [INFO] Cache HIT
[2026-06-17 19:21:52] [INFO] ───── Requête entrante ───── {"method":"GET","origin":"(none)","ip":"45.152.47.87","base_id":"appaugs4hsh3iObQG","tbl_agents":"tblrGsVbuPfuiYOtd","tbl_types":"tblKwoh1rbbOReA4e","token_hint":"patYRHbITQYMjt..."}
[2026-06-17 19:21:52] [INFO] Cache MISS — appel Airtable
[2026-06-17 19:21:52] [INFO] Airtable GET {"url":"https://api.airtable.com/v0/appaugs4hsh3iObQG/tblrGsVbuPfuiYOtd"}
[2026-06-17 19:21:55] [INFO] Airtable réponse {"http_code":200,"records":5,"error":null,"raw_preview":"{\"records\":[{\"id\":\"recCWyXh0NLw7zBfB\",\"createdTime\":\"2026-05-21T08:59:51.000Z\",\"fields\":{\"GoogleCalendarId\":\"a4f7a1684f155203185ea0459877db39f3df2778c6c563d3bdf0241fa90d7dd8@group.calendar.google.com\",\"Color\":\"#4f46e5\",\"MeetingTypes\":[\"rec45V8lwzABhzxnj\",\"reccrUdSb62CwjgdQ\",\"rec6UyAv7rbmTvmHo\"],\"WorkEnd\":18,\"Active\":true,\"WorkDays\":[\"0\",\"1\",\"2\",\"3\",\"4\",\"5\",\"6\"],\"WorkStart\":9,\"Email\":\"camillefauvea"}
[2026-06-17 19:21:55] [DEBUG] Champs premier agent brut {"fields":{"GoogleCalendarId":"a4f7a1684f155203185ea0459877db39f3df2778c6c563d3bdf0241fa90d7dd8@group.calendar.google.com","Color":"#4f46e5","MeetingTypes":["rec45V8lwzABhzxnj","reccrUdSb62CwjgdQ","rec6UyAv7rbmTvmHo"],"WorkEnd":18,"Active":true,"WorkDays":["0","1","2","3","4","5","6"],"WorkStart":9,"Email":"camillefauveau.service@gmail.com","Name":"Camille Fauveau","Role":"Ventes & Partenariats","AgentId":"camille"}}
[2026-06-17 19:21:55] [INFO] Agents filtrés {"brut":5,"actifs":3}
[2026-06-17 19:21:55] [INFO] Airtable GET {"url":"https://api.airtable.com/v0/appaugs4hsh3iObQG/tblKwoh1rbbOReA4e"}
[2026-06-17 19:21:55] [INFO] Airtable réponse {"http_code":200,"records":6,"error":null,"raw_preview":"{\"records\":[{\"id\":\"rec45V8lwzABhzxnj\",\"createdTime\":\"2026-05-21T09:00:31.000Z\",\"fields\":{\"AgentId (from AgentsIds)\":[\"camille\"],\"Order\":1,\"TypeId\":\"decouverte\",\"PlanningStatus\":\"Appel de découverte réservé\",\"Questions\":[\"reczBLconKqCBbM7L\",\"recICq5F6bjW3gg4Y\",\"recVI2Xroi3F7gajR\",\"recNk9Zn7CTIQzOyr\",\"receiIq9tYcTjRovz\"],\"AgentsIds\":[\"recCWyXh0NLw7zBfB\"],\"Description\":\"Première prise de contact "}
[2026-06-17 19:21:55] [DEBUG] Champs premier type brut {"fields":{"AgentId (from AgentsIds)":["camille"],"Order":1,"TypeId":"decouverte","PlanningStatus":"Appel de découverte réservé","Questions":["reczBLconKqCBbM7L","recICq5F6bjW3gg4Y","recVI2Xroi3F7gajR","recNk9Zn7CTIQzOyr","receiIq9tYcTjRovz"],"AgentsIds":["recCWyXh0NLw7zBfB"],"Description":"Première prise de contact et analyse de vos besoins","Color":"#7c3aed","Label":"Appel Découverte GuestLucky","Icon":"💬","Duration":30}}
[2026-06-17 19:21:55] [INFO] Types filtrés {"brut":6,"actifs":4}
[2026-06-17 19:21:55] [INFO] Airtable GET {"url":"https://api.airtable.com/v0/appaugs4hsh3iObQG/tbls6HegQyAgFGWIH"}
[2026-06-17 19:21:56] [INFO] Airtable réponse {"http_code":200,"records":20,"error":null,"raw_preview":"{\"records\":[{\"id\":\"rec0H41i2V8jHzPsv\",\"createdTime\":\"2026-05-21T20:46:06.000Z\",\"fields\":{\"Question\":\"Quel outil utilisez-vous actuellement ?\",\"TypeId RecordID\":\"rec0H41i2V8jHzPsv\",\"Required\":true,\"FieldType\":\"single_choice\",\"Order\":2,\"Options\":\"SuperHote, Smoobu, Hostaway, Lodgify, Aucun, Autre\",\"MeetingTypes\":[\"reccrUdSb62CwjgdQ\"],\"TypeId\":[\"demo\"]}},{\"id\":\"rec46qcr9aIeN0kuP\",\"createdTime\":\"2026-"}
[2026-06-17 19:21:56] [INFO] Questions fetch {"count":20}
[2026-06-17 19:21:56] [INFO] Réponse finale {"agents":3,"meetingTypes":4}
[2026-06-17 19:22:42] [INFO] ───── Requête entrante ───── {"method":"GET","origin":"(none)","ip":"109.223.4.154","base_id":"appaugs4hsh3iObQG","tbl_agents":"tblrGsVbuPfuiYOtd","tbl_types":"tblKwoh1rbbOReA4e","token_hint":"patYRHbITQYMjt..."}
[2026-06-17 19:22:42] [INFO] Cache HIT
[2026-06-17 19:32:07] [INFO] ───── Requête entrante ───── {"method":"GET","origin":"(none)","ip":"88.160.90.134","base_id":"appaugs4hsh3iObQG","tbl_agents":"tblrGsVbuPfuiYOtd","tbl_types":"tblKwoh1rbbOReA4e","token_hint":"patYRHbITQYMjt..."}
[2026-06-17 19:32:07] [INFO] Cache MISS — appel Airtable
[2026-06-17 19:32:07] [INFO] Airtable GET {"url":"https://api.airtable.com/v0/appaugs4hsh3iObQG/tblrGsVbuPfuiYOtd"}
[2026-06-17 19:32:17] [ERROR] cURL error {"error":"Operation timed out after 10002 milliseconds with 0 bytes received"}
[2026-06-17 19:32:17] [INFO] Agents filtrés {"brut":0,"actifs":0}
[2026-06-17 19:32:17] [INFO] Airtable GET {"url":"https://api.airtable.com/v0/appaugs4hsh3iObQG/tblKwoh1rbbOReA4e"}
[2026-06-17 19:32:18] [INFO] Airtable réponse {"http_code":200,"records":6,"error":null,"raw_preview":"{\"records\":[{\"id\":\"rec45V8lwzABhzxnj\",\"createdTime\":\"2026-05-21T09:00:31.000Z\",\"fields\":{\"AgentId (from AgentsIds)\":[\"camille\"],\"Order\":1,\"TypeId\":\"decouverte\",\"PlanningStatus\":\"Appel de découverte réservé\",\"Questions\":[\"reczBLconKqCBbM7L\",\"recICq5F6bjW3gg4Y\",\"recVI2Xroi3F7gajR\",\"recNk9Zn7CTIQzOyr\",\"receiIq9tYcTjRovz\"],\"AgentsIds\":[\"recCWyXh0NLw7zBfB\"],\"Description\":\"Première prise de contact "}
[2026-06-17 19:32:18] [DEBUG] Champs premier type brut {"fields":{"AgentId (from AgentsIds)":["camille"],"Order":1,"TypeId":"decouverte","PlanningStatus":"Appel de découverte réservé","Questions":["reczBLconKqCBbM7L","recICq5F6bjW3gg4Y","recVI2Xroi3F7gajR","recNk9Zn7CTIQzOyr","receiIq9tYcTjRovz"],"AgentsIds":["recCWyXh0NLw7zBfB"],"Description":"Première prise de contact et analyse de vos besoins","Color":"#7c3aed","Label":"Appel Découverte GuestLucky","Icon":"💬","Duration":30}}
[2026-06-17 19:32:18] [INFO] Types filtrés {"brut":6,"actifs":4}
[2026-06-17 19:32:18] [INFO] Airtable GET {"url":"https://api.airtable.com/v0/appaugs4hsh3iObQG/tbls6HegQyAgFGWIH"}
[2026-06-17 19:32:18] [INFO] Airtable réponse {"http_code":200,"records":20,"error":null,"raw_preview":"{\"records\":[{\"id\":\"rec0H41i2V8jHzPsv\",\"createdTime\":\"2026-05-21T20:46:06.000Z\",\"fields\":{\"Question\":\"Quel outil utilisez-vous actuellement ?\",\"TypeId RecordID\":\"rec0H41i2V8jHzPsv\",\"Required\":true,\"FieldType\":\"single_choice\",\"Order\":2,\"Options\":\"SuperHote, Smoobu, Hostaway, Lodgify, Aucun, Autre\",\"MeetingTypes\":[\"reccrUdSb62CwjgdQ\"],\"TypeId\":[\"demo\"]}},{\"id\":\"rec46qcr9aIeN0kuP\",\"createdTime\":\"2026-"}
[2026-06-17 19:32:18] [INFO] Questions fetch {"count":20}
[2026-06-17 19:32:18] [INFO] Réponse finale {"agents":0,"meetingTypes":4}
[2026-06-17 20:12:08] [INFO] ───── Requête entrante ───── {"method":"GET","origin":"(none)","ip":"209.198.130.9","base_id":"appaugs4hsh3iObQG","tbl_agents":"tblrGsVbuPfuiYOtd","tbl_types":"tblKwoh1rbbOReA4e","token_hint":"patYRHbITQYMjt..."}
[2026-06-17 20:12:08] [INFO] Cache MISS — appel Airtable
[2026-06-17 20:12:08] [INFO] Airtable GET {"url":"https://api.airtable.com/v0/appaugs4hsh3iObQG/tblrGsVbuPfuiYOtd"}
[2026-06-17 20:12:10] [INFO] Airtable réponse {"http_code":200,"records":5,"error":null,"raw_preview":"{\"records\":[{\"id\":\"recCWyXh0NLw7zBfB\",\"createdTime\":\"2026-05-21T08:59:51.000Z\",\"fields\":{\"GoogleCalendarId\":\"a4f7a1684f155203185ea0459877db39f3df2778c6c563d3bdf0241fa90d7dd8@group.calendar.google.com\",\"Color\":\"#4f46e5\",\"MeetingTypes\":[\"rec45V8lwzABhzxnj\",\"reccrUdSb62CwjgdQ\",\"rec6UyAv7rbmTvmHo\"],\"WorkEnd\":18,\"Active\":true,\"WorkDays\":[\"0\",\"1\",\"2\",\"3\",\"4\",\"5\",\"6\"],\"WorkStart\":9,\"Email\":\"camillefauvea"}
[2026-06-17 20:12:10] [DEBUG] Champs premier agent brut {"fields":{"GoogleCalendarId":"a4f7a1684f155203185ea0459877db39f3df2778c6c563d3bdf0241fa90d7dd8@group.calendar.google.com","Color":"#4f46e5","MeetingTypes":["rec45V8lwzABhzxnj","reccrUdSb62CwjgdQ","rec6UyAv7rbmTvmHo"],"WorkEnd":18,"Active":true,"WorkDays":["0","1","2","3","4","5","6"],"WorkStart":9,"Email":"camillefauveau.service@gmail.com","Name":"Camille Fauveau","Role":"Ventes & Partenariats","AgentId":"camille"}}
[2026-06-17 20:12:10] [INFO] Agents filtrés {"brut":5,"actifs":3}
[2026-06-17 20:12:10] [INFO] Airtable GET {"url":"https://api.airtable.com/v0/appaugs4hsh3iObQG/tblKwoh1rbbOReA4e"}
[2026-06-17 20:12:10] [INFO] Airtable réponse {"http_code":200,"records":6,"error":null,"raw_preview":"{\"records\":[{\"id\":\"rec45V8lwzABhzxnj\",\"createdTime\":\"2026-05-21T09:00:31.000Z\",\"fields\":{\"AgentId (from AgentsIds)\":[\"camille\"],\"Order\":1,\"TypeId\":\"decouverte\",\"PlanningStatus\":\"Appel de découverte réservé\",\"Questions\":[\"reczBLconKqCBbM7L\",\"recICq5F6bjW3gg4Y\",\"recVI2Xroi3F7gajR\",\"recNk9Zn7CTIQzOyr\",\"receiIq9tYcTjRovz\"],\"AgentsIds\":[\"recCWyXh0NLw7zBfB\"],\"Description\":\"Première prise de contact "}
[2026-06-17 20:12:10] [DEBUG] Champs premier type brut {"fields":{"AgentId (from AgentsIds)":["camille"],"Order":1,"TypeId":"decouverte","PlanningStatus":"Appel de découverte réservé","Questions":["reczBLconKqCBbM7L","recICq5F6bjW3gg4Y","recVI2Xroi3F7gajR","recNk9Zn7CTIQzOyr","receiIq9tYcTjRovz"],"AgentsIds":["recCWyXh0NLw7zBfB"],"Description":"Première prise de contact et analyse de vos besoins","Color":"#7c3aed","Label":"Appel Découverte GuestLucky","Icon":"💬","Duration":30}}
[2026-06-17 20:12:10] [INFO] Types filtrés {"brut":6,"actifs":4}
[2026-06-17 20:12:10] [INFO] Airtable GET {"url":"https://api.airtable.com/v0/appaugs4hsh3iObQG/tbls6HegQyAgFGWIH"}
[2026-06-17 20:12:11] [INFO] Airtable réponse {"http_code":200,"records":20,"error":null,"raw_preview":"{\"records\":[{\"id\":\"rec0H41i2V8jHzPsv\",\"createdTime\":\"2026-05-21T20:46:06.000Z\",\"fields\":{\"Question\":\"Quel outil utilisez-vous actuellement ?\",\"TypeId RecordID\":\"rec0H41i2V8jHzPsv\",\"Required\":true,\"FieldType\":\"single_choice\",\"Order\":2,\"Options\":\"SuperHote, Smoobu, Hostaway, Lodgify, Aucun, Autre\",\"MeetingTypes\":[\"reccrUdSb62CwjgdQ\"],\"TypeId\":[\"demo\"]}},{\"id\":\"rec46qcr9aIeN0kuP\",\"createdTime\":\"2026-"}
[2026-06-17 20:12:11] [INFO] Questions fetch {"count":20}
[2026-06-17 20:12:11] [INFO] Réponse finale {"agents":3,"meetingTypes":4}
[2026-06-17 20:43:18] [INFO] ───── Requête entrante ───── {"method":"GET","origin":"(none)","ip":"88.177.220.14","base_id":"appaugs4hsh3iObQG","tbl_agents":"tblrGsVbuPfuiYOtd","tbl_types":"tblKwoh1rbbOReA4e","token_hint":"patYRHbITQYMjt..."}
[2026-06-17 20:43:18] [INFO] Cache MISS — appel Airtable
[2026-06-17 20:43:18] [INFO] Airtable GET {"url":"https://api.airtable.com/v0/appaugs4hsh3iObQG/tblrGsVbuPfuiYOtd"}
[2026-06-17 20:43:28] [ERROR] cURL error {"error":"Operation timed out after 10002 milliseconds with 0 bytes received"}
[2026-06-17 20:43:28] [INFO] Agents filtrés {"brut":0,"actifs":0}
[2026-06-17 20:43:28] [INFO] Airtable GET {"url":"https://api.airtable.com/v0/appaugs4hsh3iObQG/tblKwoh1rbbOReA4e"}
[2026-06-17 20:43:34] [INFO] Airtable réponse {"http_code":200,"records":6,"error":null,"raw_preview":"{\"records\":[{\"id\":\"rec45V8lwzABhzxnj\",\"createdTime\":\"2026-05-21T09:00:31.000Z\",\"fields\":{\"AgentId (from AgentsIds)\":[\"camille\"],\"Order\":1,\"TypeId\":\"decouverte\",\"PlanningStatus\":\"Appel de découverte réservé\",\"Questions\":[\"reczBLconKqCBbM7L\",\"recICq5F6bjW3gg4Y\",\"recVI2Xroi3F7gajR\",\"recNk9Zn7CTIQzOyr\",\"receiIq9tYcTjRovz\"],\"AgentsIds\":[\"recCWyXh0NLw7zBfB\"],\"Description\":\"Première prise de contact "}
[2026-06-17 20:43:34] [DEBUG] Champs premier type brut {"fields":{"AgentId (from AgentsIds)":["camille"],"Order":1,"TypeId":"decouverte","PlanningStatus":"Appel de découverte réservé","Questions":["reczBLconKqCBbM7L","recICq5F6bjW3gg4Y","recVI2Xroi3F7gajR","recNk9Zn7CTIQzOyr","receiIq9tYcTjRovz"],"AgentsIds":["recCWyXh0NLw7zBfB"],"Description":"Première prise de contact et analyse de vos besoins","Color":"#7c3aed","Label":"Appel Découverte GuestLucky","Icon":"💬","Duration":30}}
[2026-06-17 20:43:34] [INFO] Types filtrés {"brut":6,"actifs":4}
[2026-06-17 20:43:34] [INFO] Airtable GET {"url":"https://api.airtable.com/v0/appaugs4hsh3iObQG/tbls6HegQyAgFGWIH"}
[2026-06-17 20:43:35] [INFO] Airtable réponse {"http_code":200,"records":20,"error":null,"raw_preview":"{\"records\":[{\"id\":\"rec0H41i2V8jHzPsv\",\"createdTime\":\"2026-05-21T20:46:06.000Z\",\"fields\":{\"Question\":\"Quel outil utilisez-vous actuellement ?\",\"TypeId RecordID\":\"rec0H41i2V8jHzPsv\",\"Required\":true,\"FieldType\":\"single_choice\",\"Order\":2,\"Options\":\"SuperHote, Smoobu, Hostaway, Lodgify, Aucun, Autre\",\"MeetingTypes\":[\"reccrUdSb62CwjgdQ\"],\"TypeId\":[\"demo\"]}},{\"id\":\"rec46qcr9aIeN0kuP\",\"createdTime\":\"2026-"}
[2026-06-17 20:43:35] [INFO] Questions fetch {"count":20}
[2026-06-17 20:43:35] [INFO] Réponse finale {"agents":0,"meetingTypes":4}
[2026-06-17 23:45:40] [INFO] ───── Requête entrante ───── {"method":"GET","origin":"(none)","ip":"66.249.92.197","base_id":"appaugs4hsh3iObQG","tbl_agents":"tblrGsVbuPfuiYOtd","tbl_types":"tblKwoh1rbbOReA4e","token_hint":"patYRHbITQYMjt..."}
[2026-06-17 23:45:40] [INFO] Cache MISS — appel Airtable
[2026-06-17 23:45:40] [INFO] Airtable GET {"url":"https://api.airtable.com/v0/appaugs4hsh3iObQG/tblrGsVbuPfuiYOtd"}
[2026-06-17 23:45:42] [INFO] Airtable réponse {"http_code":200,"records":5,"error":null,"raw_preview":"{\"records\":[{\"id\":\"recCWyXh0NLw7zBfB\",\"createdTime\":\"2026-05-21T08:59:51.000Z\",\"fields\":{\"GoogleCalendarId\":\"a4f7a1684f155203185ea0459877db39f3df2778c6c563d3bdf0241fa90d7dd8@group.calendar.google.com\",\"Color\":\"#4f46e5\",\"MeetingTypes\":[\"rec45V8lwzABhzxnj\",\"reccrUdSb62CwjgdQ\",\"rec6UyAv7rbmTvmHo\"],\"WorkEnd\":18,\"Active\":true,\"WorkDays\":[\"0\",\"1\",\"2\",\"3\",\"4\",\"5\",\"6\"],\"WorkStart\":9,\"Email\":\"camillefauvea"}
[2026-06-17 23:45:42] [DEBUG] Champs premier agent brut {"fields":{"GoogleCalendarId":"a4f7a1684f155203185ea0459877db39f3df2778c6c563d3bdf0241fa90d7dd8@group.calendar.google.com","Color":"#4f46e5","MeetingTypes":["rec45V8lwzABhzxnj","reccrUdSb62CwjgdQ","rec6UyAv7rbmTvmHo"],"WorkEnd":18,"Active":true,"WorkDays":["0","1","2","3","4","5","6"],"WorkStart":9,"Email":"camillefauveau.service@gmail.com","Name":"Camille Fauveau","Role":"Ventes & Partenariats","AgentId":"camille"}}
[2026-06-17 23:45:42] [INFO] Agents filtrés {"brut":5,"actifs":3}
[2026-06-17 23:45:42] [INFO] Airtable GET {"url":"https://api.airtable.com/v0/appaugs4hsh3iObQG/tblKwoh1rbbOReA4e"}
[2026-06-17 23:45:43] [INFO] Airtable réponse {"http_code":200,"records":6,"error":null,"raw_preview":"{\"records\":[{\"id\":\"rec45V8lwzABhzxnj\",\"createdTime\":\"2026-05-21T09:00:31.000Z\",\"fields\":{\"AgentId (from AgentsIds)\":[\"camille\"],\"Order\":1,\"TypeId\":\"decouverte\",\"PlanningStatus\":\"Appel de découverte réservé\",\"Questions\":[\"reczBLconKqCBbM7L\",\"recICq5F6bjW3gg4Y\",\"recVI2Xroi3F7gajR\",\"recNk9Zn7CTIQzOyr\",\"receiIq9tYcTjRovz\"],\"AgentsIds\":[\"recCWyXh0NLw7zBfB\"],\"Description\":\"Première prise de contact "}
[2026-06-17 23:45:43] [DEBUG] Champs premier type brut {"fields":{"AgentId (from AgentsIds)":["camille"],"Order":1,"TypeId":"decouverte","PlanningStatus":"Appel de découverte réservé","Questions":["reczBLconKqCBbM7L","recICq5F6bjW3gg4Y","recVI2Xroi3F7gajR","recNk9Zn7CTIQzOyr","receiIq9tYcTjRovz"],"AgentsIds":["recCWyXh0NLw7zBfB"],"Description":"Première prise de contact et analyse de vos besoins","Color":"#7c3aed","Label":"Appel Découverte GuestLucky","Icon":"💬","Duration":30}}
[2026-06-17 23:45:43] [INFO] Types filtrés {"brut":6,"actifs":4}
[2026-06-17 23:45:43] [INFO] Airtable GET {"url":"https://api.airtable.com/v0/appaugs4hsh3iObQG/tbls6HegQyAgFGWIH"}
[2026-06-17 23:45:43] [INFO] Airtable réponse {"http_code":200,"records":20,"error":null,"raw_preview":"{\"records\":[{\"id\":\"rec0H41i2V8jHzPsv\",\"createdTime\":\"2026-05-21T20:46:06.000Z\",\"fields\":{\"Question\":\"Quel outil utilisez-vous actuellement ?\",\"TypeId RecordID\":\"rec0H41i2V8jHzPsv\",\"Required\":true,\"FieldType\":\"single_choice\",\"Order\":2,\"Options\":\"SuperHote, Smoobu, Hostaway, Lodgify, Aucun, Autre\",\"MeetingTypes\":[\"reccrUdSb62CwjgdQ\"],\"TypeId\":[\"demo\"]}},{\"id\":\"rec46qcr9aIeN0kuP\",\"createdTime\":\"2026-"}
[2026-06-17 23:45:43] [INFO] Questions fetch {"count":20}
[2026-06-17 23:45:43] [INFO] Réponse finale {"agents":3,"meetingTypes":4}
[2026-06-18 00:06:34] [INFO] ───── Requête entrante ───── {"method":"GET","origin":"(none)","ip":"5.187.117.16","base_id":"appaugs4hsh3iObQG","tbl_agents":"tblrGsVbuPfuiYOtd","tbl_types":"tblKwoh1rbbOReA4e","token_hint":"patYRHbITQYMjt..."}
[2026-06-18 00:06:34] [INFO] Cache MISS — appel Airtable
[2026-06-18 00:06:34] [INFO] Airtable GET {"url":"https://api.airtable.com/v0/appaugs4hsh3iObQG/tblrGsVbuPfuiYOtd"}
[2026-06-18 00:06:37] [INFO] Airtable réponse {"http_code":200,"records":5,"error":null,"raw_preview":"{\"records\":[{\"id\":\"recCWyXh0NLw7zBfB\",\"createdTime\":\"2026-05-21T08:59:51.000Z\",\"fields\":{\"GoogleCalendarId\":\"a4f7a1684f155203185ea0459877db39f3df2778c6c563d3bdf0241fa90d7dd8@group.calendar.google.com\",\"Color\":\"#4f46e5\",\"MeetingTypes\":[\"rec45V8lwzABhzxnj\",\"reccrUdSb62CwjgdQ\",\"rec6UyAv7rbmTvmHo\"],\"WorkEnd\":18,\"Active\":true,\"WorkDays\":[\"0\",\"1\",\"2\",\"3\",\"4\",\"5\",\"6\"],\"WorkStart\":9,\"Email\":\"camillefauvea"}
[2026-06-18 00:06:37] [DEBUG] Champs premier agent brut {"fields":{"GoogleCalendarId":"a4f7a1684f155203185ea0459877db39f3df2778c6c563d3bdf0241fa90d7dd8@group.calendar.google.com","Color":"#4f46e5","MeetingTypes":["rec45V8lwzABhzxnj","reccrUdSb62CwjgdQ","rec6UyAv7rbmTvmHo"],"WorkEnd":18,"Active":true,"WorkDays":["0","1","2","3","4","5","6"],"WorkStart":9,"Email":"camillefauveau.service@gmail.com","Name":"Camille Fauveau","Role":"Ventes & Partenariats","AgentId":"camille"}}
[2026-06-18 00:06:37] [INFO] Agents filtrés {"brut":5,"actifs":3}
[2026-06-18 00:06:37] [INFO] Airtable GET {"url":"https://api.airtable.com/v0/appaugs4hsh3iObQG/tblKwoh1rbbOReA4e"}
[2026-06-18 00:06:37] [INFO] Airtable réponse {"http_code":200,"records":6,"error":null,"raw_preview":"{\"records\":[{\"id\":\"rec45V8lwzABhzxnj\",\"createdTime\":\"2026-05-21T09:00:31.000Z\",\"fields\":{\"AgentId (from AgentsIds)\":[\"camille\"],\"Order\":1,\"TypeId\":\"decouverte\",\"PlanningStatus\":\"Appel de découverte réservé\",\"Questions\":[\"reczBLconKqCBbM7L\",\"recICq5F6bjW3gg4Y\",\"recVI2Xroi3F7gajR\",\"recNk9Zn7CTIQzOyr\",\"receiIq9tYcTjRovz\"],\"AgentsIds\":[\"recCWyXh0NLw7zBfB\"],\"Description\":\"Première prise de contact "}
[2026-06-18 00:06:37] [DEBUG] Champs premier type brut {"fields":{"AgentId (from AgentsIds)":["camille"],"Order":1,"TypeId":"decouverte","PlanningStatus":"Appel de découverte réservé","Questions":["reczBLconKqCBbM7L","recICq5F6bjW3gg4Y","recVI2Xroi3F7gajR","recNk9Zn7CTIQzOyr","receiIq9tYcTjRovz"],"AgentsIds":["recCWyXh0NLw7zBfB"],"Description":"Première prise de contact et analyse de vos besoins","Color":"#7c3aed","Label":"Appel Découverte GuestLucky","Icon":"💬","Duration":30}}
[2026-06-18 00:06:37] [INFO] Types filtrés {"brut":6,"actifs":4}
[2026-06-18 00:06:37] [INFO] Airtable GET {"url":"https://api.airtable.com/v0/appaugs4hsh3iObQG/tbls6HegQyAgFGWIH"}
[2026-06-18 00:06:38] [INFO] Airtable réponse {"http_code":200,"records":20,"error":null,"raw_preview":"{\"records\":[{\"id\":\"rec0H41i2V8jHzPsv\",\"createdTime\":\"2026-05-21T20:46:06.000Z\",\"fields\":{\"Question\":\"Quel outil utilisez-vous actuellement ?\",\"TypeId RecordID\":\"rec0H41i2V8jHzPsv\",\"Required\":true,\"FieldType\":\"single_choice\",\"Order\":2,\"Options\":\"SuperHote, Smoobu, Hostaway, Lodgify, Aucun, Autre\",\"MeetingTypes\":[\"reccrUdSb62CwjgdQ\"],\"TypeId\":[\"demo\"]}},{\"id\":\"rec46qcr9aIeN0kuP\",\"createdTime\":\"2026-"}
[2026-06-18 00:06:38] [INFO] Questions fetch {"count":20}
[2026-06-18 00:06:38] [INFO] Réponse finale {"agents":3,"meetingTypes":4}
[2026-06-18 07:47:06] [INFO] ───── Requête entrante ───── {"method":"GET","origin":"(none)","ip":"83.135.242.220","base_id":"appaugs4hsh3iObQG","tbl_agents":"tblrGsVbuPfuiYOtd","tbl_types":"tblKwoh1rbbOReA4e","token_hint":"patYRHbITQYMjt..."}
[2026-06-18 07:47:06] [INFO] Cache MISS — appel Airtable
[2026-06-18 07:47:06] [INFO] Airtable GET {"url":"https://api.airtable.com/v0/appaugs4hsh3iObQG/tblrGsVbuPfuiYOtd"}
[2026-06-18 07:47:09] [INFO] Airtable réponse {"http_code":200,"records":5,"error":null,"raw_preview":"{\"records\":[{\"id\":\"recCWyXh0NLw7zBfB\",\"createdTime\":\"2026-05-21T08:59:51.000Z\",\"fields\":{\"GoogleCalendarId\":\"a4f7a1684f155203185ea0459877db39f3df2778c6c563d3bdf0241fa90d7dd8@group.calendar.google.com\",\"Color\":\"#4f46e5\",\"MeetingTypes\":[\"rec45V8lwzABhzxnj\",\"reccrUdSb62CwjgdQ\",\"rec6UyAv7rbmTvmHo\"],\"WorkEnd\":18,\"Active\":true,\"WorkDays\":[\"0\",\"1\",\"2\",\"3\",\"4\",\"5\",\"6\"],\"WorkStart\":9,\"Email\":\"camillefauvea"}
[2026-06-18 07:47:09] [DEBUG] Champs premier agent brut {"fields":{"GoogleCalendarId":"a4f7a1684f155203185ea0459877db39f3df2778c6c563d3bdf0241fa90d7dd8@group.calendar.google.com","Color":"#4f46e5","MeetingTypes":["rec45V8lwzABhzxnj","reccrUdSb62CwjgdQ","rec6UyAv7rbmTvmHo"],"WorkEnd":18,"Active":true,"WorkDays":["0","1","2","3","4","5","6"],"WorkStart":9,"Email":"camillefauveau.service@gmail.com","Name":"Camille Fauveau","Role":"Ventes & Partenariats","AgentId":"camille"}}
[2026-06-18 07:47:09] [INFO] Agents filtrés {"brut":5,"actifs":3}
[2026-06-18 07:47:09] [INFO] Airtable GET {"url":"https://api.airtable.com/v0/appaugs4hsh3iObQG/tblKwoh1rbbOReA4e"}
[2026-06-18 07:47:09] [INFO] Airtable réponse {"http_code":200,"records":6,"error":null,"raw_preview":"{\"records\":[{\"id\":\"rec45V8lwzABhzxnj\",\"createdTime\":\"2026-05-21T09:00:31.000Z\",\"fields\":{\"AgentId (from AgentsIds)\":[\"camille\"],\"Order\":1,\"TypeId\":\"decouverte\",\"PlanningStatus\":\"Appel de découverte réservé\",\"Questions\":[\"reczBLconKqCBbM7L\",\"recICq5F6bjW3gg4Y\",\"recVI2Xroi3F7gajR\",\"recNk9Zn7CTIQzOyr\",\"receiIq9tYcTjRovz\"],\"AgentsIds\":[\"recCWyXh0NLw7zBfB\"],\"Description\":\"Première prise de contact "}
[2026-06-18 07:47:09] [DEBUG] Champs premier type brut {"fields":{"AgentId (from AgentsIds)":["camille"],"Order":1,"TypeId":"decouverte","PlanningStatus":"Appel de découverte réservé","Questions":["reczBLconKqCBbM7L","recICq5F6bjW3gg4Y","recVI2Xroi3F7gajR","recNk9Zn7CTIQzOyr","receiIq9tYcTjRovz"],"AgentsIds":["recCWyXh0NLw7zBfB"],"Description":"Première prise de contact et analyse de vos besoins","Color":"#7c3aed","Label":"Appel Découverte GuestLucky","Icon":"💬","Duration":30}}
[2026-06-18 07:47:09] [INFO] Types filtrés {"brut":6,"actifs":4}
[2026-06-18 07:47:09] [INFO] Airtable GET {"url":"https://api.airtable.com/v0/appaugs4hsh3iObQG/tbls6HegQyAgFGWIH"}
[2026-06-18 07:47:09] [INFO] Airtable réponse {"http_code":200,"records":20,"error":null,"raw_preview":"{\"records\":[{\"id\":\"rec0H41i2V8jHzPsv\",\"createdTime\":\"2026-05-21T20:46:06.000Z\",\"fields\":{\"Question\":\"Quel outil utilisez-vous actuellement ?\",\"TypeId RecordID\":\"rec0H41i2V8jHzPsv\",\"Required\":true,\"FieldType\":\"single_choice\",\"Order\":2,\"Options\":\"SuperHote, Smoobu, Hostaway, Lodgify, Aucun, Autre\",\"MeetingTypes\":[\"reccrUdSb62CwjgdQ\"],\"TypeId\":[\"demo\"]}},{\"id\":\"rec46qcr9aIeN0kuP\",\"createdTime\":\"2026-"}
[2026-06-18 07:47:09] [INFO] Questions fetch {"count":20}
[2026-06-18 07:47:09] [INFO] Réponse finale {"agents":3,"meetingTypes":4}
[2026-06-18 10:22:47] [INFO] ───── Requête entrante ───── {"method":"GET","origin":"(none)","ip":"45.80.184.141","base_id":"appaugs4hsh3iObQG","tbl_agents":"tblrGsVbuPfuiYOtd","tbl_types":"tblKwoh1rbbOReA4e","token_hint":"patYRHbITQYMjt..."}
[2026-06-18 10:22:47] [INFO] Cache MISS — appel Airtable
[2026-06-18 10:22:47] [INFO] Airtable GET {"url":"https://api.airtable.com/v0/appaugs4hsh3iObQG/tblrGsVbuPfuiYOtd"}
[2026-06-18 10:22:49] [INFO] Airtable réponse {"http_code":200,"records":5,"error":null,"raw_preview":"{\"records\":[{\"id\":\"recCWyXh0NLw7zBfB\",\"createdTime\":\"2026-05-21T08:59:51.000Z\",\"fields\":{\"GoogleCalendarId\":\"a4f7a1684f155203185ea0459877db39f3df2778c6c563d3bdf0241fa90d7dd8@group.calendar.google.com\",\"Color\":\"#4f46e5\",\"MeetingTypes\":[\"rec45V8lwzABhzxnj\",\"reccrUdSb62CwjgdQ\",\"rec6UyAv7rbmTvmHo\"],\"WorkEnd\":18,\"Active\":true,\"WorkDays\":[\"0\",\"1\",\"2\",\"3\",\"4\",\"5\",\"6\"],\"WorkStart\":9,\"Email\":\"camillefauvea"}
[2026-06-18 10:22:49] [DEBUG] Champs premier agent brut {"fields":{"GoogleCalendarId":"a4f7a1684f155203185ea0459877db39f3df2778c6c563d3bdf0241fa90d7dd8@group.calendar.google.com","Color":"#4f46e5","MeetingTypes":["rec45V8lwzABhzxnj","reccrUdSb62CwjgdQ","rec6UyAv7rbmTvmHo"],"WorkEnd":18,"Active":true,"WorkDays":["0","1","2","3","4","5","6"],"WorkStart":9,"Email":"camillefauveau.service@gmail.com","Name":"Camille Fauveau","Role":"Ventes & Partenariats","AgentId":"camille"}}
[2026-06-18 10:22:49] [INFO] Agents filtrés {"brut":5,"actifs":3}
[2026-06-18 10:22:49] [INFO] Airtable GET {"url":"https://api.airtable.com/v0/appaugs4hsh3iObQG/tblKwoh1rbbOReA4e"}
[2026-06-18 10:22:50] [INFO] Airtable réponse {"http_code":200,"records":6,"error":null,"raw_preview":"{\"records\":[{\"id\":\"rec45V8lwzABhzxnj\",\"createdTime\":\"2026-05-21T09:00:31.000Z\",\"fields\":{\"AgentId (from AgentsIds)\":[\"camille\"],\"Order\":1,\"TypeId\":\"decouverte\",\"PlanningStatus\":\"Appel de découverte réservé\",\"Questions\":[\"reczBLconKqCBbM7L\",\"recICq5F6bjW3gg4Y\",\"recVI2Xroi3F7gajR\",\"recNk9Zn7CTIQzOyr\",\"receiIq9tYcTjRovz\"],\"AgentsIds\":[\"recCWyXh0NLw7zBfB\"],\"Description\":\"Première prise de contact "}
[2026-06-18 10:22:50] [DEBUG] Champs premier type brut {"fields":{"AgentId (from AgentsIds)":["camille"],"Order":1,"TypeId":"decouverte","PlanningStatus":"Appel de découverte réservé","Questions":["reczBLconKqCBbM7L","recICq5F6bjW3gg4Y","recVI2Xroi3F7gajR","recNk9Zn7CTIQzOyr","receiIq9tYcTjRovz"],"AgentsIds":["recCWyXh0NLw7zBfB"],"Description":"Première prise de contact et analyse de vos besoins","Color":"#7c3aed","Label":"Appel Découverte GuestLucky","Icon":"💬","Duration":30}}
[2026-06-18 10:22:50] [INFO] Types filtrés {"brut":6,"actifs":4}
[2026-06-18 10:22:50] [INFO] Airtable GET {"url":"https://api.airtable.com/v0/appaugs4hsh3iObQG/tbls6HegQyAgFGWIH"}
[2026-06-18 10:22:50] [INFO] Airtable réponse {"http_code":200,"records":20,"error":null,"raw_preview":"{\"records\":[{\"id\":\"rec0H41i2V8jHzPsv\",\"createdTime\":\"2026-05-21T20:46:06.000Z\",\"fields\":{\"Question\":\"Quel outil utilisez-vous actuellement ?\",\"TypeId RecordID\":\"rec0H41i2V8jHzPsv\",\"Required\":true,\"FieldType\":\"single_choice\",\"Order\":2,\"Options\":\"SuperHote, Smoobu, Hostaway, Lodgify, Aucun, Autre\",\"MeetingTypes\":[\"reccrUdSb62CwjgdQ\"],\"TypeId\":[\"demo\"]}},{\"id\":\"rec46qcr9aIeN0kuP\",\"createdTime\":\"2026-"}
[2026-06-18 10:22:50] [INFO] Questions fetch {"count":20}
[2026-06-18 10:22:50] [INFO] Réponse finale {"agents":3,"meetingTypes":4}
[2026-06-18 11:24:28] [INFO] ───── Requête entrante ───── {"method":"GET","origin":"(none)","ip":"45.152.47.87","base_id":"appaugs4hsh3iObQG","tbl_agents":"tblrGsVbuPfuiYOtd","tbl_types":"tblKwoh1rbbOReA4e","token_hint":"patYRHbITQYMjt..."}
[2026-06-18 11:24:28] [INFO] Cache MISS — appel Airtable
[2026-06-18 11:24:28] [INFO] Airtable GET {"url":"https://api.airtable.com/v0/appaugs4hsh3iObQG/tblrGsVbuPfuiYOtd"}
[2026-06-18 11:24:33] [INFO] Airtable réponse {"http_code":200,"records":5,"error":null,"raw_preview":"{\"records\":[{\"id\":\"recCWyXh0NLw7zBfB\",\"createdTime\":\"2026-05-21T08:59:51.000Z\",\"fields\":{\"GoogleCalendarId\":\"a4f7a1684f155203185ea0459877db39f3df2778c6c563d3bdf0241fa90d7dd8@group.calendar.google.com\",\"Color\":\"#4f46e5\",\"MeetingTypes\":[\"rec45V8lwzABhzxnj\",\"reccrUdSb62CwjgdQ\",\"rec6UyAv7rbmTvmHo\"],\"WorkEnd\":18,\"Active\":true,\"WorkDays\":[\"0\",\"1\",\"2\",\"3\",\"4\",\"5\",\"6\"],\"WorkStart\":9,\"Email\":\"camillefauvea"}
[2026-06-18 11:24:33] [DEBUG] Champs premier agent brut {"fields":{"GoogleCalendarId":"a4f7a1684f155203185ea0459877db39f3df2778c6c563d3bdf0241fa90d7dd8@group.calendar.google.com","Color":"#4f46e5","MeetingTypes":["rec45V8lwzABhzxnj","reccrUdSb62CwjgdQ","rec6UyAv7rbmTvmHo"],"WorkEnd":18,"Active":true,"WorkDays":["0","1","2","3","4","5","6"],"WorkStart":9,"Email":"camillefauveau.service@gmail.com","Name":"Camille Fauveau","Role":"Ventes & Partenariats","AgentId":"camille"}}
[2026-06-18 11:24:33] [INFO] Agents filtrés {"brut":5,"actifs":3}
[2026-06-18 11:24:33] [INFO] Airtable GET {"url":"https://api.airtable.com/v0/appaugs4hsh3iObQG/tblKwoh1rbbOReA4e"}
[2026-06-18 11:24:33] [INFO] Airtable réponse {"http_code":200,"records":6,"error":null,"raw_preview":"{\"records\":[{\"id\":\"rec45V8lwzABhzxnj\",\"createdTime\":\"2026-05-21T09:00:31.000Z\",\"fields\":{\"AgentId (from AgentsIds)\":[\"camille\"],\"Order\":1,\"TypeId\":\"decouverte\",\"PlanningStatus\":\"Appel de découverte réservé\",\"Questions\":[\"reczBLconKqCBbM7L\",\"recICq5F6bjW3gg4Y\",\"recVI2Xroi3F7gajR\",\"recNk9Zn7CTIQzOyr\",\"receiIq9tYcTjRovz\"],\"AgentsIds\":[\"recCWyXh0NLw7zBfB\"],\"Description\":\"Première prise de contact "}
[2026-06-18 11:24:33] [DEBUG] Champs premier type brut {"fields":{"AgentId (from AgentsIds)":["camille"],"Order":1,"TypeId":"decouverte","PlanningStatus":"Appel de découverte réservé","Questions":["reczBLconKqCBbM7L","recICq5F6bjW3gg4Y","recVI2Xroi3F7gajR","recNk9Zn7CTIQzOyr","receiIq9tYcTjRovz"],"AgentsIds":["recCWyXh0NLw7zBfB"],"Description":"Première prise de contact et analyse de vos besoins","Color":"#7c3aed","Label":"Appel Découverte GuestLucky","Icon":"💬","Duration":30}}
[2026-06-18 11:24:33] [INFO] Types filtrés {"brut":6,"actifs":4}
[2026-06-18 11:24:33] [INFO] Airtable GET {"url":"https://api.airtable.com/v0/appaugs4hsh3iObQG/tbls6HegQyAgFGWIH"}
[2026-06-18 11:24:34] [INFO] Airtable réponse {"http_code":200,"records":20,"error":null,"raw_preview":"{\"records\":[{\"id\":\"rec0H41i2V8jHzPsv\",\"createdTime\":\"2026-05-21T20:46:06.000Z\",\"fields\":{\"Question\":\"Quel outil utilisez-vous actuellement ?\",\"TypeId RecordID\":\"rec0H41i2V8jHzPsv\",\"Required\":true,\"FieldType\":\"single_choice\",\"Order\":2,\"Options\":\"SuperHote, Smoobu, Hostaway, Lodgify, Aucun, Autre\",\"MeetingTypes\":[\"reccrUdSb62CwjgdQ\"],\"TypeId\":[\"demo\"]}},{\"id\":\"rec46qcr9aIeN0kuP\",\"createdTime\":\"2026-"}
[2026-06-18 11:24:34] [INFO] Questions fetch {"count":20}
[2026-06-18 11:24:34] [INFO] Réponse finale {"agents":3,"meetingTypes":4}
[2026-06-18 11:44:00] [INFO] ───── Requête entrante ───── {"method":"GET","origin":"(none)","ip":"109.223.4.154","base_id":"appaugs4hsh3iObQG","tbl_agents":"tblrGsVbuPfuiYOtd","tbl_types":"tblKwoh1rbbOReA4e","token_hint":"patYRHbITQYMjt..."}
[2026-06-18 11:44:00] [INFO] Cache MISS — appel Airtable
[2026-06-18 11:44:00] [INFO] Airtable GET {"url":"https://api.airtable.com/v0/appaugs4hsh3iObQG/tblrGsVbuPfuiYOtd"}
[2026-06-18 11:44:02] [INFO] Airtable réponse {"http_code":200,"records":5,"error":null,"raw_preview":"{\"records\":[{\"id\":\"recCWyXh0NLw7zBfB\",\"createdTime\":\"2026-05-21T08:59:51.000Z\",\"fields\":{\"GoogleCalendarId\":\"a4f7a1684f155203185ea0459877db39f3df2778c6c563d3bdf0241fa90d7dd8@group.calendar.google.com\",\"Color\":\"#4f46e5\",\"MeetingTypes\":[\"rec45V8lwzABhzxnj\",\"reccrUdSb62CwjgdQ\",\"rec6UyAv7rbmTvmHo\"],\"WorkEnd\":18,\"Active\":true,\"WorkDays\":[\"0\",\"1\",\"2\",\"3\",\"4\",\"5\",\"6\"],\"WorkStart\":9,\"Email\":\"camillefauvea"}
[2026-06-18 11:44:02] [DEBUG] Champs premier agent brut {"fields":{"GoogleCalendarId":"a4f7a1684f155203185ea0459877db39f3df2778c6c563d3bdf0241fa90d7dd8@group.calendar.google.com","Color":"#4f46e5","MeetingTypes":["rec45V8lwzABhzxnj","reccrUdSb62CwjgdQ","rec6UyAv7rbmTvmHo"],"WorkEnd":18,"Active":true,"WorkDays":["0","1","2","3","4","5","6"],"WorkStart":9,"Email":"camillefauveau.service@gmail.com","Name":"Camille Fauveau","Role":"Ventes & Partenariats","AgentId":"camille"}}
[2026-06-18 11:44:02] [INFO] Agents filtrés {"brut":5,"actifs":3}
[2026-06-18 11:44:02] [INFO] Airtable GET {"url":"https://api.airtable.com/v0/appaugs4hsh3iObQG/tblKwoh1rbbOReA4e"}
[2026-06-18 11:44:03] [INFO] Airtable réponse {"http_code":200,"records":6,"error":null,"raw_preview":"{\"records\":[{\"id\":\"rec45V8lwzABhzxnj\",\"createdTime\":\"2026-05-21T09:00:31.000Z\",\"fields\":{\"AgentId (from AgentsIds)\":[\"camille\"],\"Order\":1,\"TypeId\":\"decouverte\",\"PlanningStatus\":\"Appel de découverte réservé\",\"Questions\":[\"reczBLconKqCBbM7L\",\"recICq5F6bjW3gg4Y\",\"recVI2Xroi3F7gajR\",\"recNk9Zn7CTIQzOyr\",\"receiIq9tYcTjRovz\"],\"AgentsIds\":[\"recCWyXh0NLw7zBfB\"],\"Description\":\"Première prise de contact "}
[2026-06-18 11:44:03] [DEBUG] Champs premier type brut {"fields":{"AgentId (from AgentsIds)":["camille"],"Order":1,"TypeId":"decouverte","PlanningStatus":"Appel de découverte réservé","Questions":["reczBLconKqCBbM7L","recICq5F6bjW3gg4Y","recVI2Xroi3F7gajR","recNk9Zn7CTIQzOyr","receiIq9tYcTjRovz"],"AgentsIds":["recCWyXh0NLw7zBfB"],"Description":"Première prise de contact et analyse de vos besoins","Color":"#7c3aed","Label":"Appel Découverte GuestLucky","Icon":"💬","Duration":30}}
[2026-06-18 11:44:03] [INFO] Types filtrés {"brut":6,"actifs":4}
[2026-06-18 11:44:03] [INFO] Airtable GET {"url":"https://api.airtable.com/v0/appaugs4hsh3iObQG/tbls6HegQyAgFGWIH"}
[2026-06-18 11:44:03] [INFO] Airtable réponse {"http_code":200,"records":20,"error":null,"raw_preview":"{\"records\":[{\"id\":\"rec0H41i2V8jHzPsv\",\"createdTime\":\"2026-05-21T20:46:06.000Z\",\"fields\":{\"Question\":\"Quel outil utilisez-vous actuellement ?\",\"TypeId RecordID\":\"rec0H41i2V8jHzPsv\",\"Required\":true,\"FieldType\":\"single_choice\",\"Order\":2,\"Options\":\"SuperHote, Smoobu, Hostaway, Lodgify, Aucun, Autre\",\"MeetingTypes\":[\"reccrUdSb62CwjgdQ\"],\"TypeId\":[\"demo\"]}},{\"id\":\"rec46qcr9aIeN0kuP\",\"createdTime\":\"2026-"}
[2026-06-18 11:44:03] [INFO] Questions fetch {"count":20}
[2026-06-18 11:44:03] [INFO] Réponse finale {"agents":3,"meetingTypes":4}
[2026-06-18 12:29:39] [INFO] ───── Requête entrante ───── {"method":"GET","origin":"(none)","ip":"2.11.15.74","base_id":"appaugs4hsh3iObQG","tbl_agents":"tblrGsVbuPfuiYOtd","tbl_types":"tblKwoh1rbbOReA4e","token_hint":"patYRHbITQYMjt..."}
[2026-06-18 12:29:39] [INFO] Cache MISS — appel Airtable
[2026-06-18 12:29:39] [INFO] Airtable GET {"url":"https://api.airtable.com/v0/appaugs4hsh3iObQG/tblrGsVbuPfuiYOtd"}
[2026-06-18 12:29:42] [INFO] Airtable réponse {"http_code":200,"records":5,"error":null,"raw_preview":"{\"records\":[{\"id\":\"recCWyXh0NLw7zBfB\",\"createdTime\":\"2026-05-21T08:59:51.000Z\",\"fields\":{\"GoogleCalendarId\":\"a4f7a1684f155203185ea0459877db39f3df2778c6c563d3bdf0241fa90d7dd8@group.calendar.google.com\",\"Color\":\"#4f46e5\",\"MeetingTypes\":[\"rec45V8lwzABhzxnj\",\"reccrUdSb62CwjgdQ\",\"rec6UyAv7rbmTvmHo\"],\"WorkEnd\":18,\"Active\":true,\"WorkDays\":[\"0\",\"1\",\"2\",\"3\",\"4\",\"5\",\"6\"],\"WorkStart\":9,\"Email\":\"camillefauvea"}
[2026-06-18 12:29:42] [DEBUG] Champs premier agent brut {"fields":{"GoogleCalendarId":"a4f7a1684f155203185ea0459877db39f3df2778c6c563d3bdf0241fa90d7dd8@group.calendar.google.com","Color":"#4f46e5","MeetingTypes":["rec45V8lwzABhzxnj","reccrUdSb62CwjgdQ","rec6UyAv7rbmTvmHo"],"WorkEnd":18,"Active":true,"WorkDays":["0","1","2","3","4","5","6"],"WorkStart":9,"Email":"camillefauveau.service@gmail.com","Name":"Camille Fauveau","Role":"Ventes & Partenariats","AgentId":"camille"}}
[2026-06-18 12:29:42] [INFO] Agents filtrés {"brut":5,"actifs":3}
[2026-06-18 12:29:42] [INFO] Airtable GET {"url":"https://api.airtable.com/v0/appaugs4hsh3iObQG/tblKwoh1rbbOReA4e"}
[2026-06-18 12:29:42] [INFO] Airtable réponse {"http_code":200,"records":6,"error":null,"raw_preview":"{\"records\":[{\"id\":\"rec45V8lwzABhzxnj\",\"createdTime\":\"2026-05-21T09:00:31.000Z\",\"fields\":{\"AgentId (from AgentsIds)\":[\"camille\"],\"Order\":1,\"TypeId\":\"decouverte\",\"PlanningStatus\":\"Appel de découverte réservé\",\"Questions\":[\"reczBLconKqCBbM7L\",\"recICq5F6bjW3gg4Y\",\"recVI2Xroi3F7gajR\",\"recNk9Zn7CTIQzOyr\",\"receiIq9tYcTjRovz\"],\"AgentsIds\":[\"recCWyXh0NLw7zBfB\"],\"Description\":\"Première prise de contact "}
[2026-06-18 12:29:42] [DEBUG] Champs premier type brut {"fields":{"AgentId (from AgentsIds)":["camille"],"Order":1,"TypeId":"decouverte","PlanningStatus":"Appel de découverte réservé","Questions":["reczBLconKqCBbM7L","recICq5F6bjW3gg4Y","recVI2Xroi3F7gajR","recNk9Zn7CTIQzOyr","receiIq9tYcTjRovz"],"AgentsIds":["recCWyXh0NLw7zBfB"],"Description":"Première prise de contact et analyse de vos besoins","Color":"#7c3aed","Label":"Appel Découverte GuestLucky","Icon":"💬","Duration":30}}
[2026-06-18 12:29:42] [INFO] Types filtrés {"brut":6,"actifs":4}
[2026-06-18 12:29:42] [INFO] Airtable GET {"url":"https://api.airtable.com/v0/appaugs4hsh3iObQG/tbls6HegQyAgFGWIH"}
[2026-06-18 12:29:43] [INFO] Airtable réponse {"http_code":200,"records":20,"error":null,"raw_preview":"{\"records\":[{\"id\":\"rec0H41i2V8jHzPsv\",\"createdTime\":\"2026-05-21T20:46:06.000Z\",\"fields\":{\"Question\":\"Quel outil utilisez-vous actuellement ?\",\"TypeId RecordID\":\"rec0H41i2V8jHzPsv\",\"Required\":true,\"FieldType\":\"single_choice\",\"Order\":2,\"Options\":\"SuperHote, Smoobu, Hostaway, Lodgify, Aucun, Autre\",\"MeetingTypes\":[\"reccrUdSb62CwjgdQ\"],\"TypeId\":[\"demo\"]}},{\"id\":\"rec46qcr9aIeN0kuP\",\"createdTime\":\"2026-"}
[2026-06-18 12:29:43] [INFO] Questions fetch {"count":20}
[2026-06-18 12:29:43] [INFO] Réponse finale {"agents":3,"meetingTypes":4}
[2026-06-18 13:07:54] [INFO] ───── Requête entrante ───── {"method":"GET","origin":"(none)","ip":"81.53.168.20","base_id":"appaugs4hsh3iObQG","tbl_agents":"tblrGsVbuPfuiYOtd","tbl_types":"tblKwoh1rbbOReA4e","token_hint":"patYRHbITQYMjt..."}
[2026-06-18 13:07:54] [INFO] Cache MISS — appel Airtable
[2026-06-18 13:07:54] [INFO] Airtable GET {"url":"https://api.airtable.com/v0/appaugs4hsh3iObQG/tblrGsVbuPfuiYOtd"}
[2026-06-18 13:07:57] [INFO] Airtable réponse {"http_code":200,"records":5,"error":null,"raw_preview":"{\"records\":[{\"id\":\"recCWyXh0NLw7zBfB\",\"createdTime\":\"2026-05-21T08:59:51.000Z\",\"fields\":{\"GoogleCalendarId\":\"a4f7a1684f155203185ea0459877db39f3df2778c6c563d3bdf0241fa90d7dd8@group.calendar.google.com\",\"Color\":\"#4f46e5\",\"MeetingTypes\":[\"rec45V8lwzABhzxnj\",\"reccrUdSb62CwjgdQ\",\"rec6UyAv7rbmTvmHo\"],\"WorkEnd\":18,\"Active\":true,\"WorkDays\":[\"0\",\"1\",\"2\",\"3\",\"4\",\"5\",\"6\"],\"WorkStart\":9,\"Email\":\"camillefauvea"}
[2026-06-18 13:07:57] [DEBUG] Champs premier agent brut {"fields":{"GoogleCalendarId":"a4f7a1684f155203185ea0459877db39f3df2778c6c563d3bdf0241fa90d7dd8@group.calendar.google.com","Color":"#4f46e5","MeetingTypes":["rec45V8lwzABhzxnj","reccrUdSb62CwjgdQ","rec6UyAv7rbmTvmHo"],"WorkEnd":18,"Active":true,"WorkDays":["0","1","2","3","4","5","6"],"WorkStart":9,"Email":"camillefauveau.service@gmail.com","Name":"Camille Fauveau","Role":"Ventes & Partenariats","AgentId":"camille"}}
[2026-06-18 13:07:57] [INFO] Agents filtrés {"brut":5,"actifs":3}
[2026-06-18 13:07:57] [INFO] Airtable GET {"url":"https://api.airtable.com/v0/appaugs4hsh3iObQG/tblKwoh1rbbOReA4e"}
[2026-06-18 13:07:57] [INFO] Airtable réponse {"http_code":200,"records":6,"error":null,"raw_preview":"{\"records\":[{\"id\":\"rec45V8lwzABhzxnj\",\"createdTime\":\"2026-05-21T09:00:31.000Z\",\"fields\":{\"AgentId (from AgentsIds)\":[\"camille\"],\"Order\":1,\"TypeId\":\"decouverte\",\"PlanningStatus\":\"Appel de découverte réservé\",\"Questions\":[\"reczBLconKqCBbM7L\",\"recICq5F6bjW3gg4Y\",\"recVI2Xroi3F7gajR\",\"recNk9Zn7CTIQzOyr\",\"receiIq9tYcTjRovz\"],\"AgentsIds\":[\"recCWyXh0NLw7zBfB\"],\"Description\":\"Première prise de contact "}
[2026-06-18 13:07:57] [DEBUG] Champs premier type brut {"fields":{"AgentId (from AgentsIds)":["camille"],"Order":1,"TypeId":"decouverte","PlanningStatus":"Appel de découverte réservé","Questions":["reczBLconKqCBbM7L","recICq5F6bjW3gg4Y","recVI2Xroi3F7gajR","recNk9Zn7CTIQzOyr","receiIq9tYcTjRovz"],"AgentsIds":["recCWyXh0NLw7zBfB"],"Description":"Première prise de contact et analyse de vos besoins","Color":"#7c3aed","Label":"Appel Découverte GuestLucky","Icon":"💬","Duration":30}}
[2026-06-18 13:07:57] [INFO] Types filtrés {"brut":6,"actifs":4}
[2026-06-18 13:07:57] [INFO] Airtable GET {"url":"https://api.airtable.com/v0/appaugs4hsh3iObQG/tbls6HegQyAgFGWIH"}
[2026-06-18 13:07:58] [INFO] Airtable réponse {"http_code":200,"records":20,"error":null,"raw_preview":"{\"records\":[{\"id\":\"rec0H41i2V8jHzPsv\",\"createdTime\":\"2026-05-21T20:46:06.000Z\",\"fields\":{\"Question\":\"Quel outil utilisez-vous actuellement ?\",\"TypeId RecordID\":\"rec0H41i2V8jHzPsv\",\"Required\":true,\"FieldType\":\"single_choice\",\"Order\":2,\"Options\":\"SuperHote, Smoobu, Hostaway, Lodgify, Aucun, Autre\",\"MeetingTypes\":[\"reccrUdSb62CwjgdQ\"],\"TypeId\":[\"demo\"]}},{\"id\":\"rec46qcr9aIeN0kuP\",\"createdTime\":\"2026-"}
[2026-06-18 13:07:58] [INFO] Questions fetch {"count":20}
[2026-06-18 13:07:58] [INFO] Réponse finale {"agents":3,"meetingTypes":4}
[2026-06-18 13:11:19] [INFO] ───── Requête entrante ───── {"method":"GET","origin":"(none)","ip":"93.30.197.109","base_id":"appaugs4hsh3iObQG","tbl_agents":"tblrGsVbuPfuiYOtd","tbl_types":"tblKwoh1rbbOReA4e","token_hint":"patYRHbITQYMjt..."}
[2026-06-18 13:11:19] [INFO] Cache HIT
[2026-06-18 13:11:24] [INFO] ───── Requête entrante ───── {"method":"GET","origin":"(none)","ip":"74.125.210.36","base_id":"appaugs4hsh3iObQG","tbl_agents":"tblrGsVbuPfuiYOtd","tbl_types":"tblKwoh1rbbOReA4e","token_hint":"patYRHbITQYMjt..."}
[2026-06-18 13:11:24] [INFO] Cache HIT
[2026-06-18 14:08:09] [INFO] ───── Requête entrante ───── {"method":"GET","origin":"(none)","ip":"172.226.148.40","base_id":"appaugs4hsh3iObQG","tbl_agents":"tblrGsVbuPfuiYOtd","tbl_types":"tblKwoh1rbbOReA4e","token_hint":"patYRHbITQYMjt..."}
[2026-06-18 14:08:09] [INFO] Cache MISS — appel Airtable
[2026-06-18 14:08:09] [INFO] Airtable GET {"url":"https://api.airtable.com/v0/appaugs4hsh3iObQG/tblrGsVbuPfuiYOtd"}
[2026-06-18 14:08:11] [INFO] Airtable réponse {"http_code":200,"records":5,"error":null,"raw_preview":"{\"records\":[{\"id\":\"recCWyXh0NLw7zBfB\",\"createdTime\":\"2026-05-21T08:59:51.000Z\",\"fields\":{\"GoogleCalendarId\":\"a4f7a1684f155203185ea0459877db39f3df2778c6c563d3bdf0241fa90d7dd8@group.calendar.google.com\",\"Color\":\"#4f46e5\",\"MeetingTypes\":[\"rec45V8lwzABhzxnj\",\"reccrUdSb62CwjgdQ\",\"rec6UyAv7rbmTvmHo\"],\"WorkEnd\":18,\"Active\":true,\"WorkDays\":[\"0\",\"1\",\"2\",\"3\",\"4\",\"5\",\"6\"],\"WorkStart\":9,\"Email\":\"camillefauvea"}
[2026-06-18 14:08:11] [DEBUG] Champs premier agent brut {"fields":{"GoogleCalendarId":"a4f7a1684f155203185ea0459877db39f3df2778c6c563d3bdf0241fa90d7dd8@group.calendar.google.com","Color":"#4f46e5","MeetingTypes":["rec45V8lwzABhzxnj","reccrUdSb62CwjgdQ","rec6UyAv7rbmTvmHo"],"WorkEnd":18,"Active":true,"WorkDays":["0","1","2","3","4","5","6"],"WorkStart":9,"Email":"camillefauveau.service@gmail.com","Name":"Camille Fauveau","Role":"Ventes & Partenariats","AgentId":"camille"}}
[2026-06-18 14:08:11] [INFO] Agents filtrés {"brut":5,"actifs":3}
[2026-06-18 14:08:11] [INFO] Airtable GET {"url":"https://api.airtable.com/v0/appaugs4hsh3iObQG/tblKwoh1rbbOReA4e"}
[2026-06-18 14:08:12] [INFO] Airtable réponse {"http_code":200,"records":6,"error":null,"raw_preview":"{\"records\":[{\"id\":\"rec45V8lwzABhzxnj\",\"createdTime\":\"2026-05-21T09:00:31.000Z\",\"fields\":{\"AgentId (from AgentsIds)\":[\"camille\"],\"Order\":1,\"TypeId\":\"decouverte\",\"PlanningStatus\":\"Appel de découverte réservé\",\"Questions\":[\"reczBLconKqCBbM7L\",\"recICq5F6bjW3gg4Y\",\"recVI2Xroi3F7gajR\",\"recNk9Zn7CTIQzOyr\",\"receiIq9tYcTjRovz\"],\"AgentsIds\":[\"recCWyXh0NLw7zBfB\"],\"Description\":\"Première prise de contact "}
[2026-06-18 14:08:12] [DEBUG] Champs premier type brut {"fields":{"AgentId (from AgentsIds)":["camille"],"Order":1,"TypeId":"decouverte","PlanningStatus":"Appel de découverte réservé","Questions":["reczBLconKqCBbM7L","recICq5F6bjW3gg4Y","recVI2Xroi3F7gajR","recNk9Zn7CTIQzOyr","receiIq9tYcTjRovz"],"AgentsIds":["recCWyXh0NLw7zBfB"],"Description":"Première prise de contact et analyse de vos besoins","Color":"#7c3aed","Label":"Appel Découverte GuestLucky","Icon":"💬","Duration":30}}
[2026-06-18 14:08:12] [INFO] Types filtrés {"brut":6,"actifs":4}
[2026-06-18 14:08:12] [INFO] Airtable GET {"url":"https://api.airtable.com/v0/appaugs4hsh3iObQG/tbls6HegQyAgFGWIH"}
[2026-06-18 14:08:12] [INFO] Airtable réponse {"http_code":200,"records":20,"error":null,"raw_preview":"{\"records\":[{\"id\":\"rec0H41i2V8jHzPsv\",\"createdTime\":\"2026-05-21T20:46:06.000Z\",\"fields\":{\"Question\":\"Quel outil utilisez-vous actuellement ?\",\"TypeId RecordID\":\"rec0H41i2V8jHzPsv\",\"Required\":true,\"FieldType\":\"single_choice\",\"Order\":2,\"Options\":\"SuperHote, Smoobu, Hostaway, Lodgify, Aucun, Autre\",\"MeetingTypes\":[\"reccrUdSb62CwjgdQ\"],\"TypeId\":[\"demo\"]}},{\"id\":\"rec46qcr9aIeN0kuP\",\"createdTime\":\"2026-"}
[2026-06-18 14:08:12] [INFO] Questions fetch {"count":20}
[2026-06-18 14:08:12] [INFO] Réponse finale {"agents":3,"meetingTypes":4}
[2026-06-18 15:13:35] [INFO] ───── Requête entrante ───── {"method":"GET","origin":"(none)","ip":"82.120.61.28","base_id":"appaugs4hsh3iObQG","tbl_agents":"tblrGsVbuPfuiYOtd","tbl_types":"tblKwoh1rbbOReA4e","token_hint":"patYRHbITQYMjt..."}
[2026-06-18 15:13:35] [INFO] Cache MISS — appel Airtable
[2026-06-18 15:13:35] [INFO] Airtable GET {"url":"https://api.airtable.com/v0/appaugs4hsh3iObQG/tblrGsVbuPfuiYOtd"}
[2026-06-18 15:13:38] [INFO] Airtable réponse {"http_code":200,"records":5,"error":null,"raw_preview":"{\"records\":[{\"id\":\"recCWyXh0NLw7zBfB\",\"createdTime\":\"2026-05-21T08:59:51.000Z\",\"fields\":{\"GoogleCalendarId\":\"a4f7a1684f155203185ea0459877db39f3df2778c6c563d3bdf0241fa90d7dd8@group.calendar.google.com\",\"Color\":\"#4f46e5\",\"MeetingTypes\":[\"rec45V8lwzABhzxnj\",\"reccrUdSb62CwjgdQ\",\"rec6UyAv7rbmTvmHo\"],\"WorkEnd\":18,\"Active\":true,\"WorkDays\":[\"0\",\"1\",\"2\",\"3\",\"4\",\"5\",\"6\"],\"WorkStart\":9,\"Email\":\"camillefauvea"}
[2026-06-18 15:13:38] [DEBUG] Champs premier agent brut {"fields":{"GoogleCalendarId":"a4f7a1684f155203185ea0459877db39f3df2778c6c563d3bdf0241fa90d7dd8@group.calendar.google.com","Color":"#4f46e5","MeetingTypes":["rec45V8lwzABhzxnj","reccrUdSb62CwjgdQ","rec6UyAv7rbmTvmHo"],"WorkEnd":18,"Active":true,"WorkDays":["0","1","2","3","4","5","6"],"WorkStart":9,"Email":"camillefauveau.service@gmail.com","Name":"Camille Fauveau","Role":"Ventes & Partenariats","AgentId":"camille"}}
[2026-06-18 15:13:38] [INFO] Agents filtrés {"brut":5,"actifs":3}
[2026-06-18 15:13:38] [INFO] Airtable GET {"url":"https://api.airtable.com/v0/appaugs4hsh3iObQG/tblKwoh1rbbOReA4e"}
[2026-06-18 15:13:38] [INFO] Airtable réponse {"http_code":200,"records":6,"error":null,"raw_preview":"{\"records\":[{\"id\":\"rec45V8lwzABhzxnj\",\"createdTime\":\"2026-05-21T09:00:31.000Z\",\"fields\":{\"AgentId (from AgentsIds)\":[\"camille\"],\"Order\":1,\"TypeId\":\"decouverte\",\"PlanningStatus\":\"Appel de découverte réservé\",\"Questions\":[\"reczBLconKqCBbM7L\",\"recICq5F6bjW3gg4Y\",\"recVI2Xroi3F7gajR\",\"recNk9Zn7CTIQzOyr\",\"receiIq9tYcTjRovz\"],\"AgentsIds\":[\"recCWyXh0NLw7zBfB\"],\"Description\":\"Première prise de contact "}
[2026-06-18 15:13:38] [DEBUG] Champs premier type brut {"fields":{"AgentId (from AgentsIds)":["camille"],"Order":1,"TypeId":"decouverte","PlanningStatus":"Appel de découverte réservé","Questions":["reczBLconKqCBbM7L","recICq5F6bjW3gg4Y","recVI2Xroi3F7gajR","recNk9Zn7CTIQzOyr","receiIq9tYcTjRovz"],"AgentsIds":["recCWyXh0NLw7zBfB"],"Description":"Première prise de contact et analyse de vos besoins","Color":"#7c3aed","Label":"Appel Découverte GuestLucky","Icon":"💬","Duration":30}}
[2026-06-18 15:13:38] [INFO] Types filtrés {"brut":6,"actifs":4}
[2026-06-18 15:13:38] [INFO] Airtable GET {"url":"https://api.airtable.com/v0/appaugs4hsh3iObQG/tbls6HegQyAgFGWIH"}
[2026-06-18 15:13:39] [INFO] Airtable réponse {"http_code":200,"records":20,"error":null,"raw_preview":"{\"records\":[{\"id\":\"rec0H41i2V8jHzPsv\",\"createdTime\":\"2026-05-21T20:46:06.000Z\",\"fields\":{\"Question\":\"Quel outil utilisez-vous actuellement ?\",\"TypeId RecordID\":\"rec0H41i2V8jHzPsv\",\"Required\":true,\"FieldType\":\"single_choice\",\"Order\":2,\"Options\":\"SuperHote, Smoobu, Hostaway, Lodgify, Aucun, Autre\",\"MeetingTypes\":[\"reccrUdSb62CwjgdQ\"],\"TypeId\":[\"demo\"]}},{\"id\":\"rec46qcr9aIeN0kuP\",\"createdTime\":\"2026-"}
[2026-06-18 15:13:39] [INFO] Questions fetch {"count":20}
[2026-06-18 15:13:39] [INFO] Réponse finale {"agents":3,"meetingTypes":4}
[2026-06-18 15:18:48] [INFO] ───── Requête entrante ───── {"method":"GET","origin":"(none)","ip":"37.65.14.94","base_id":"appaugs4hsh3iObQG","tbl_agents":"tblrGsVbuPfuiYOtd","tbl_types":"tblKwoh1rbbOReA4e","token_hint":"patYRHbITQYMjt..."}
[2026-06-18 15:18:48] [INFO] Cache MISS — appel Airtable
[2026-06-18 15:18:48] [INFO] Airtable GET {"url":"https://api.airtable.com/v0/appaugs4hsh3iObQG/tblrGsVbuPfuiYOtd"}
[2026-06-18 15:18:52] [INFO] Airtable réponse {"http_code":200,"records":5,"error":null,"raw_preview":"{\"records\":[{\"id\":\"recCWyXh0NLw7zBfB\",\"createdTime\":\"2026-05-21T08:59:51.000Z\",\"fields\":{\"GoogleCalendarId\":\"a4f7a1684f155203185ea0459877db39f3df2778c6c563d3bdf0241fa90d7dd8@group.calendar.google.com\",\"Color\":\"#4f46e5\",\"MeetingTypes\":[\"rec45V8lwzABhzxnj\",\"reccrUdSb62CwjgdQ\",\"rec6UyAv7rbmTvmHo\"],\"WorkEnd\":18,\"Active\":true,\"WorkDays\":[\"0\",\"1\",\"2\",\"3\",\"4\",\"5\",\"6\"],\"WorkStart\":9,\"Email\":\"camillefauvea"}
[2026-06-18 15:18:52] [DEBUG] Champs premier agent brut {"fields":{"GoogleCalendarId":"a4f7a1684f155203185ea0459877db39f3df2778c6c563d3bdf0241fa90d7dd8@group.calendar.google.com","Color":"#4f46e5","MeetingTypes":["rec45V8lwzABhzxnj","reccrUdSb62CwjgdQ","rec6UyAv7rbmTvmHo"],"WorkEnd":18,"Active":true,"WorkDays":["0","1","2","3","4","5","6"],"WorkStart":9,"Email":"camillefauveau.service@gmail.com","Name":"Camille Fauveau","Role":"Ventes & Partenariats","AgentId":"camille"}}
[2026-06-18 15:18:52] [INFO] Agents filtrés {"brut":5,"actifs":3}
[2026-06-18 15:18:52] [INFO] Airtable GET {"url":"https://api.airtable.com/v0/appaugs4hsh3iObQG/tblKwoh1rbbOReA4e"}
[2026-06-18 15:18:52] [INFO] Airtable réponse {"http_code":200,"records":6,"error":null,"raw_preview":"{\"records\":[{\"id\":\"rec45V8lwzABhzxnj\",\"createdTime\":\"2026-05-21T09:00:31.000Z\",\"fields\":{\"AgentId (from AgentsIds)\":[\"camille\"],\"Order\":1,\"TypeId\":\"decouverte\",\"PlanningStatus\":\"Appel de découverte réservé\",\"Questions\":[\"reczBLconKqCBbM7L\",\"recICq5F6bjW3gg4Y\",\"recVI2Xroi3F7gajR\",\"recNk9Zn7CTIQzOyr\",\"receiIq9tYcTjRovz\"],\"AgentsIds\":[\"recCWyXh0NLw7zBfB\"],\"Description\":\"Première prise de contact "}
[2026-06-18 15:18:52] [DEBUG] Champs premier type brut {"fields":{"AgentId (from AgentsIds)":["camille"],"Order":1,"TypeId":"decouverte","PlanningStatus":"Appel de découverte réservé","Questions":["reczBLconKqCBbM7L","recICq5F6bjW3gg4Y","recVI2Xroi3F7gajR","recNk9Zn7CTIQzOyr","receiIq9tYcTjRovz"],"AgentsIds":["recCWyXh0NLw7zBfB"],"Description":"Première prise de contact et analyse de vos besoins","Color":"#7c3aed","Label":"Appel Découverte GuestLucky","Icon":"💬","Duration":30}}
[2026-06-18 15:18:52] [INFO] Types filtrés {"brut":6,"actifs":4}
[2026-06-18 15:18:52] [INFO] Airtable GET {"url":"https://api.airtable.com/v0/appaugs4hsh3iObQG/tbls6HegQyAgFGWIH"}
[2026-06-18 15:18:53] [INFO] Airtable réponse {"http_code":200,"records":20,"error":null,"raw_preview":"{\"records\":[{\"id\":\"rec0H41i2V8jHzPsv\",\"createdTime\":\"2026-05-21T20:46:06.000Z\",\"fields\":{\"Question\":\"Quel outil utilisez-vous actuellement ?\",\"TypeId RecordID\":\"rec0H41i2V8jHzPsv\",\"Required\":true,\"FieldType\":\"single_choice\",\"Order\":2,\"Options\":\"SuperHote, Smoobu, Hostaway, Lodgify, Aucun, Autre\",\"MeetingTypes\":[\"reccrUdSb62CwjgdQ\"],\"TypeId\":[\"demo\"]}},{\"id\":\"rec46qcr9aIeN0kuP\",\"createdTime\":\"2026-"}
[2026-06-18 15:18:53] [INFO] Questions fetch {"count":20}
[2026-06-18 15:18:53] [INFO] Réponse finale {"agents":3,"meetingTypes":4}
[2026-06-18 16:00:35] [INFO] ───── Requête entrante ───── {"method":"GET","origin":"(none)","ip":"213.56.161.199","base_id":"appaugs4hsh3iObQG","tbl_agents":"tblrGsVbuPfuiYOtd","tbl_types":"tblKwoh1rbbOReA4e","token_hint":"patYRHbITQYMjt..."}
[2026-06-18 16:00:35] [INFO] Cache MISS — appel Airtable
[2026-06-18 16:00:35] [INFO] Airtable GET {"url":"https://api.airtable.com/v0/appaugs4hsh3iObQG/tblrGsVbuPfuiYOtd"}
[2026-06-18 16:00:40] [INFO] Airtable réponse {"http_code":200,"records":5,"error":null,"raw_preview":"{\"records\":[{\"id\":\"recCWyXh0NLw7zBfB\",\"createdTime\":\"2026-05-21T08:59:51.000Z\",\"fields\":{\"GoogleCalendarId\":\"a4f7a1684f155203185ea0459877db39f3df2778c6c563d3bdf0241fa90d7dd8@group.calendar.google.com\",\"Color\":\"#4f46e5\",\"MeetingTypes\":[\"rec45V8lwzABhzxnj\",\"reccrUdSb62CwjgdQ\",\"rec6UyAv7rbmTvmHo\"],\"WorkEnd\":18,\"Active\":true,\"WorkDays\":[\"0\",\"1\",\"2\",\"3\",\"4\",\"5\",\"6\"],\"WorkStart\":9,\"Email\":\"camillefauvea"}
[2026-06-18 16:00:40] [DEBUG] Champs premier agent brut {"fields":{"GoogleCalendarId":"a4f7a1684f155203185ea0459877db39f3df2778c6c563d3bdf0241fa90d7dd8@group.calendar.google.com","Color":"#4f46e5","MeetingTypes":["rec45V8lwzABhzxnj","reccrUdSb62CwjgdQ","rec6UyAv7rbmTvmHo"],"WorkEnd":18,"Active":true,"WorkDays":["0","1","2","3","4","5","6"],"WorkStart":9,"Email":"camillefauveau.service@gmail.com","Name":"Camille Fauveau","Role":"Ventes & Partenariats","AgentId":"camille"}}
[2026-06-18 16:00:40] [INFO] Agents filtrés {"brut":5,"actifs":3}
[2026-06-18 16:00:40] [INFO] Airtable GET {"url":"https://api.airtable.com/v0/appaugs4hsh3iObQG/tblKwoh1rbbOReA4e"}
[2026-06-18 16:00:40] [INFO] Airtable réponse {"http_code":200,"records":6,"error":null,"raw_preview":"{\"records\":[{\"id\":\"rec45V8lwzABhzxnj\",\"createdTime\":\"2026-05-21T09:00:31.000Z\",\"fields\":{\"AgentId (from AgentsIds)\":[\"camille\"],\"Order\":1,\"TypeId\":\"decouverte\",\"PlanningStatus\":\"Appel de découverte réservé\",\"Questions\":[\"reczBLconKqCBbM7L\",\"recICq5F6bjW3gg4Y\",\"recVI2Xroi3F7gajR\",\"recNk9Zn7CTIQzOyr\",\"receiIq9tYcTjRovz\"],\"AgentsIds\":[\"recCWyXh0NLw7zBfB\"],\"Description\":\"Première prise de contact "}
[2026-06-18 16:00:40] [DEBUG] Champs premier type brut {"fields":{"AgentId (from AgentsIds)":["camille"],"Order":1,"TypeId":"decouverte","PlanningStatus":"Appel de découverte réservé","Questions":["reczBLconKqCBbM7L","recICq5F6bjW3gg4Y","recVI2Xroi3F7gajR","recNk9Zn7CTIQzOyr","receiIq9tYcTjRovz"],"AgentsIds":["recCWyXh0NLw7zBfB"],"Description":"Première prise de contact et analyse de vos besoins","Color":"#7c3aed","Label":"Appel Découverte GuestLucky","Icon":"💬","Duration":30}}
[2026-06-18 16:00:40] [INFO] Types filtrés {"brut":6,"actifs":4}
[2026-06-18 16:00:40] [INFO] Airtable GET {"url":"https://api.airtable.com/v0/appaugs4hsh3iObQG/tbls6HegQyAgFGWIH"}
[2026-06-18 16:00:41] [INFO] Airtable réponse {"http_code":200,"records":20,"error":null,"raw_preview":"{\"records\":[{\"id\":\"rec0H41i2V8jHzPsv\",\"createdTime\":\"2026-05-21T20:46:06.000Z\",\"fields\":{\"Question\":\"Quel outil utilisez-vous actuellement ?\",\"TypeId RecordID\":\"rec0H41i2V8jHzPsv\",\"Required\":true,\"FieldType\":\"single_choice\",\"Order\":2,\"Options\":\"SuperHote, Smoobu, Hostaway, Lodgify, Aucun, Autre\",\"MeetingTypes\":[\"reccrUdSb62CwjgdQ\"],\"TypeId\":[\"demo\"]}},{\"id\":\"rec46qcr9aIeN0kuP\",\"createdTime\":\"2026-"}
[2026-06-18 16:00:41] [INFO] Questions fetch {"count":20}
[2026-06-18 16:00:41] [INFO] Réponse finale {"agents":3,"meetingTypes":4}
[2026-06-18 16:44:19] [INFO] ───── Requête entrante ───── {"method":"GET","origin":"(none)","ip":"90.125.98.97","base_id":"appaugs4hsh3iObQG","tbl_agents":"tblrGsVbuPfuiYOtd","tbl_types":"tblKwoh1rbbOReA4e","token_hint":"patYRHbITQYMjt..."}
[2026-06-18 16:44:19] [INFO] Cache MISS — appel Airtable
[2026-06-18 16:44:19] [INFO] Airtable GET {"url":"https://api.airtable.com/v0/appaugs4hsh3iObQG/tblrGsVbuPfuiYOtd"}
[2026-06-18 16:44:21] [INFO] Airtable réponse {"http_code":200,"records":5,"error":null,"raw_preview":"{\"records\":[{\"id\":\"recCWyXh0NLw7zBfB\",\"createdTime\":\"2026-05-21T08:59:51.000Z\",\"fields\":{\"GoogleCalendarId\":\"a4f7a1684f155203185ea0459877db39f3df2778c6c563d3bdf0241fa90d7dd8@group.calendar.google.com\",\"Color\":\"#4f46e5\",\"MeetingTypes\":[\"rec45V8lwzABhzxnj\",\"reccrUdSb62CwjgdQ\",\"rec6UyAv7rbmTvmHo\"],\"WorkEnd\":18,\"Active\":true,\"WorkDays\":[\"0\",\"1\",\"2\",\"3\",\"4\",\"5\",\"6\"],\"WorkStart\":9,\"Email\":\"camillefauvea"}
[2026-06-18 16:44:21] [DEBUG] Champs premier agent brut {"fields":{"GoogleCalendarId":"a4f7a1684f155203185ea0459877db39f3df2778c6c563d3bdf0241fa90d7dd8@group.calendar.google.com","Color":"#4f46e5","MeetingTypes":["rec45V8lwzABhzxnj","reccrUdSb62CwjgdQ","rec6UyAv7rbmTvmHo"],"WorkEnd":18,"Active":true,"WorkDays":["0","1","2","3","4","5","6"],"WorkStart":9,"Email":"camillefauveau.service@gmail.com","Name":"Camille Fauveau","Role":"Ventes & Partenariats","AgentId":"camille"}}
[2026-06-18 16:44:21] [INFO] Agents filtrés {"brut":5,"actifs":3}
[2026-06-18 16:44:21] [INFO] Airtable GET {"url":"https://api.airtable.com/v0/appaugs4hsh3iObQG/tblKwoh1rbbOReA4e"}
[2026-06-18 16:44:22] [INFO] Airtable réponse {"http_code":200,"records":6,"error":null,"raw_preview":"{\"records\":[{\"id\":\"rec45V8lwzABhzxnj\",\"createdTime\":\"2026-05-21T09:00:31.000Z\",\"fields\":{\"AgentId (from AgentsIds)\":[\"camille\"],\"Order\":1,\"TypeId\":\"decouverte\",\"PlanningStatus\":\"Appel de découverte réservé\",\"Questions\":[\"reczBLconKqCBbM7L\",\"recICq5F6bjW3gg4Y\",\"recVI2Xroi3F7gajR\",\"recNk9Zn7CTIQzOyr\",\"receiIq9tYcTjRovz\"],\"AgentsIds\":[\"recCWyXh0NLw7zBfB\"],\"Description\":\"Première prise de contact "}
[2026-06-18 16:44:22] [DEBUG] Champs premier type brut {"fields":{"AgentId (from AgentsIds)":["camille"],"Order":1,"TypeId":"decouverte","PlanningStatus":"Appel de découverte réservé","Questions":["reczBLconKqCBbM7L","recICq5F6bjW3gg4Y","recVI2Xroi3F7gajR","recNk9Zn7CTIQzOyr","receiIq9tYcTjRovz"],"AgentsIds":["recCWyXh0NLw7zBfB"],"Description":"Première prise de contact et analyse de vos besoins","Color":"#7c3aed","Label":"Appel Découverte GuestLucky","Icon":"💬","Duration":30}}
[2026-06-18 16:44:22] [INFO] Types filtrés {"brut":6,"actifs":4}
[2026-06-18 16:44:22] [INFO] Airtable GET {"url":"https://api.airtable.com/v0/appaugs4hsh3iObQG/tbls6HegQyAgFGWIH"}
[2026-06-18 16:44:22] [INFO] Airtable réponse {"http_code":200,"records":20,"error":null,"raw_preview":"{\"records\":[{\"id\":\"rec0H41i2V8jHzPsv\",\"createdTime\":\"2026-05-21T20:46:06.000Z\",\"fields\":{\"Question\":\"Quel outil utilisez-vous actuellement ?\",\"TypeId RecordID\":\"rec0H41i2V8jHzPsv\",\"Required\":true,\"FieldType\":\"single_choice\",\"Order\":2,\"Options\":\"SuperHote, Smoobu, Hostaway, Lodgify, Aucun, Autre\",\"MeetingTypes\":[\"reccrUdSb62CwjgdQ\"],\"TypeId\":[\"demo\"]}},{\"id\":\"rec46qcr9aIeN0kuP\",\"createdTime\":\"2026-"}
[2026-06-18 16:44:22] [INFO] Questions fetch {"count":20}
[2026-06-18 16:44:22] [INFO] Réponse finale {"agents":3,"meetingTypes":4}
[2026-06-18 17:16:47] [INFO] ───── Requête entrante ───── {"method":"GET","origin":"(none)","ip":"92.184.140.6","base_id":"appaugs4hsh3iObQG","tbl_agents":"tblrGsVbuPfuiYOtd","tbl_types":"tblKwoh1rbbOReA4e","token_hint":"patYRHbITQYMjt..."}
[2026-06-18 17:16:47] [INFO] Cache MISS — appel Airtable
[2026-06-18 17:16:47] [INFO] Airtable GET {"url":"https://api.airtable.com/v0/appaugs4hsh3iObQG/tblrGsVbuPfuiYOtd"}
[2026-06-18 17:16:49] [INFO] Airtable réponse {"http_code":200,"records":5,"error":null,"raw_preview":"{\"records\":[{\"id\":\"recCWyXh0NLw7zBfB\",\"createdTime\":\"2026-05-21T08:59:51.000Z\",\"fields\":{\"GoogleCalendarId\":\"a4f7a1684f155203185ea0459877db39f3df2778c6c563d3bdf0241fa90d7dd8@group.calendar.google.com\",\"Color\":\"#4f46e5\",\"MeetingTypes\":[\"rec45V8lwzABhzxnj\",\"reccrUdSb62CwjgdQ\",\"rec6UyAv7rbmTvmHo\"],\"WorkEnd\":18,\"Active\":true,\"WorkDays\":[\"0\",\"1\",\"2\",\"3\",\"4\",\"5\",\"6\"],\"WorkStart\":9,\"Email\":\"camillefauvea"}
[2026-06-18 17:16:49] [DEBUG] Champs premier agent brut {"fields":{"GoogleCalendarId":"a4f7a1684f155203185ea0459877db39f3df2778c6c563d3bdf0241fa90d7dd8@group.calendar.google.com","Color":"#4f46e5","MeetingTypes":["rec45V8lwzABhzxnj","reccrUdSb62CwjgdQ","rec6UyAv7rbmTvmHo"],"WorkEnd":18,"Active":true,"WorkDays":["0","1","2","3","4","5","6"],"WorkStart":9,"Email":"camillefauveau.service@gmail.com","Name":"Camille Fauveau","Role":"Ventes & Partenariats","AgentId":"camille"}}
[2026-06-18 17:16:49] [INFO] Agents filtrés {"brut":5,"actifs":3}
[2026-06-18 17:16:49] [INFO] Airtable GET {"url":"https://api.airtable.com/v0/appaugs4hsh3iObQG/tblKwoh1rbbOReA4e"}
[2026-06-18 17:16:49] [INFO] Airtable réponse {"http_code":200,"records":6,"error":null,"raw_preview":"{\"records\":[{\"id\":\"rec45V8lwzABhzxnj\",\"createdTime\":\"2026-05-21T09:00:31.000Z\",\"fields\":{\"AgentId (from AgentsIds)\":[\"camille\"],\"Order\":1,\"TypeId\":\"decouverte\",\"PlanningStatus\":\"Appel de découverte réservé\",\"Questions\":[\"reczBLconKqCBbM7L\",\"recICq5F6bjW3gg4Y\",\"recVI2Xroi3F7gajR\",\"recNk9Zn7CTIQzOyr\",\"receiIq9tYcTjRovz\"],\"AgentsIds\":[\"recCWyXh0NLw7zBfB\"],\"Description\":\"Première prise de contact "}
[2026-06-18 17:16:49] [DEBUG] Champs premier type brut {"fields":{"AgentId (from AgentsIds)":["camille"],"Order":1,"TypeId":"decouverte","PlanningStatus":"Appel de découverte réservé","Questions":["reczBLconKqCBbM7L","recICq5F6bjW3gg4Y","recVI2Xroi3F7gajR","recNk9Zn7CTIQzOyr","receiIq9tYcTjRovz"],"AgentsIds":["recCWyXh0NLw7zBfB"],"Description":"Première prise de contact et analyse de vos besoins","Color":"#7c3aed","Label":"Appel Découverte GuestLucky","Icon":"💬","Duration":30}}
[2026-06-18 17:16:49] [INFO] Types filtrés {"brut":6,"actifs":4}
[2026-06-18 17:16:49] [INFO] Airtable GET {"url":"https://api.airtable.com/v0/appaugs4hsh3iObQG/tbls6HegQyAgFGWIH"}
[2026-06-18 17:16:50] [INFO] Airtable réponse {"http_code":200,"records":20,"error":null,"raw_preview":"{\"records\":[{\"id\":\"rec0H41i2V8jHzPsv\",\"createdTime\":\"2026-05-21T20:46:06.000Z\",\"fields\":{\"Question\":\"Quel outil utilisez-vous actuellement ?\",\"TypeId RecordID\":\"rec0H41i2V8jHzPsv\",\"Required\":true,\"FieldType\":\"single_choice\",\"Order\":2,\"Options\":\"SuperHote, Smoobu, Hostaway, Lodgify, Aucun, Autre\",\"MeetingTypes\":[\"reccrUdSb62CwjgdQ\"],\"TypeId\":[\"demo\"]}},{\"id\":\"rec46qcr9aIeN0kuP\",\"createdTime\":\"2026-"}
[2026-06-18 17:16:50] [INFO] Questions fetch {"count":20}
[2026-06-18 17:16:50] [INFO] Réponse finale {"agents":3,"meetingTypes":4}
[2026-06-18 17:25:24] [INFO] ───── Requête entrante ───── {"method":"GET","origin":"(none)","ip":"66.249.66.45","base_id":"appaugs4hsh3iObQG","tbl_agents":"tblrGsVbuPfuiYOtd","tbl_types":"tblKwoh1rbbOReA4e","token_hint":"patYRHbITQYMjt..."}
[2026-06-18 17:25:24] [INFO] Cache MISS — appel Airtable
[2026-06-18 17:25:24] [INFO] Airtable GET {"url":"https://api.airtable.com/v0/appaugs4hsh3iObQG/tblrGsVbuPfuiYOtd"}
[2026-06-18 17:25:26] [INFO] Airtable réponse {"http_code":200,"records":5,"error":null,"raw_preview":"{\"records\":[{\"id\":\"recCWyXh0NLw7zBfB\",\"createdTime\":\"2026-05-21T08:59:51.000Z\",\"fields\":{\"GoogleCalendarId\":\"a4f7a1684f155203185ea0459877db39f3df2778c6c563d3bdf0241fa90d7dd8@group.calendar.google.com\",\"Color\":\"#4f46e5\",\"MeetingTypes\":[\"rec45V8lwzABhzxnj\",\"reccrUdSb62CwjgdQ\",\"rec6UyAv7rbmTvmHo\"],\"WorkEnd\":18,\"Active\":true,\"WorkDays\":[\"0\",\"1\",\"2\",\"3\",\"4\",\"5\",\"6\"],\"WorkStart\":9,\"Email\":\"camillefauvea"}
[2026-06-18 17:25:26] [DEBUG] Champs premier agent brut {"fields":{"GoogleCalendarId":"a4f7a1684f155203185ea0459877db39f3df2778c6c563d3bdf0241fa90d7dd8@group.calendar.google.com","Color":"#4f46e5","MeetingTypes":["rec45V8lwzABhzxnj","reccrUdSb62CwjgdQ","rec6UyAv7rbmTvmHo"],"WorkEnd":18,"Active":true,"WorkDays":["0","1","2","3","4","5","6"],"WorkStart":9,"Email":"camillefauveau.service@gmail.com","Name":"Camille Fauveau","Role":"Ventes & Partenariats","AgentId":"camille"}}
[2026-06-18 17:25:26] [INFO] Agents filtrés {"brut":5,"actifs":3}
[2026-06-18 17:25:26] [INFO] Airtable GET {"url":"https://api.airtable.com/v0/appaugs4hsh3iObQG/tblKwoh1rbbOReA4e"}
[2026-06-18 17:25:27] [INFO] Airtable réponse {"http_code":200,"records":6,"error":null,"raw_preview":"{\"records\":[{\"id\":\"rec45V8lwzABhzxnj\",\"createdTime\":\"2026-05-21T09:00:31.000Z\",\"fields\":{\"AgentId (from AgentsIds)\":[\"camille\"],\"Order\":1,\"TypeId\":\"decouverte\",\"PlanningStatus\":\"Appel de découverte réservé\",\"Questions\":[\"reczBLconKqCBbM7L\",\"recICq5F6bjW3gg4Y\",\"recVI2Xroi3F7gajR\",\"recNk9Zn7CTIQzOyr\",\"receiIq9tYcTjRovz\"],\"AgentsIds\":[\"recCWyXh0NLw7zBfB\"],\"Description\":\"Première prise de contact "}
[2026-06-18 17:25:27] [DEBUG] Champs premier type brut {"fields":{"AgentId (from AgentsIds)":["camille"],"Order":1,"TypeId":"decouverte","PlanningStatus":"Appel de découverte réservé","Questions":["reczBLconKqCBbM7L","recICq5F6bjW3gg4Y","recVI2Xroi3F7gajR","recNk9Zn7CTIQzOyr","receiIq9tYcTjRovz"],"AgentsIds":["recCWyXh0NLw7zBfB"],"Description":"Première prise de contact et analyse de vos besoins","Color":"#7c3aed","Label":"Appel Découverte GuestLucky","Icon":"💬","Duration":30}}
[2026-06-18 17:25:27] [INFO] Types filtrés {"brut":6,"actifs":4}
[2026-06-18 17:25:27] [INFO] Airtable GET {"url":"https://api.airtable.com/v0/appaugs4hsh3iObQG/tbls6HegQyAgFGWIH"}
[2026-06-18 17:25:27] [INFO] Airtable réponse {"http_code":200,"records":20,"error":null,"raw_preview":"{\"records\":[{\"id\":\"rec0H41i2V8jHzPsv\",\"createdTime\":\"2026-05-21T20:46:06.000Z\",\"fields\":{\"Question\":\"Quel outil utilisez-vous actuellement ?\",\"TypeId RecordID\":\"rec0H41i2V8jHzPsv\",\"Required\":true,\"FieldType\":\"single_choice\",\"Order\":2,\"Options\":\"SuperHote, Smoobu, Hostaway, Lodgify, Aucun, Autre\",\"MeetingTypes\":[\"reccrUdSb62CwjgdQ\"],\"TypeId\":[\"demo\"]}},{\"id\":\"rec46qcr9aIeN0kuP\",\"createdTime\":\"2026-"}
[2026-06-18 17:25:27] [INFO] Questions fetch {"count":20}
[2026-06-18 17:25:27] [INFO] Réponse finale {"agents":3,"meetingTypes":4}
[2026-06-18 17:25:31] [INFO] ───── Requête entrante ───── {"method":"GET","origin":"(none)","ip":"45.152.47.92","base_id":"appaugs4hsh3iObQG","tbl_agents":"tblrGsVbuPfuiYOtd","tbl_types":"tblKwoh1rbbOReA4e","token_hint":"patYRHbITQYMjt..."}
[2026-06-18 17:25:31] [INFO] Cache HIT
[2026-06-18 17:26:36] [INFO] ───── Requête entrante ───── {"method":"GET","origin":"(none)","ip":"66.249.66.162","base_id":"appaugs4hsh3iObQG","tbl_agents":"tblrGsVbuPfuiYOtd","tbl_types":"tblKwoh1rbbOReA4e","token_hint":"patYRHbITQYMjt..."}
[2026-06-18 17:26:36] [INFO] Cache HIT
[2026-06-18 17:26:58] [INFO] ───── Requête entrante ───── {"method":"GET","origin":"(none)","ip":"45.152.47.92","base_id":"appaugs4hsh3iObQG","tbl_agents":"tblrGsVbuPfuiYOtd","tbl_types":"tblKwoh1rbbOReA4e","token_hint":"patYRHbITQYMjt..."}
[2026-06-18 17:26:58] [INFO] Cache HIT
[2026-06-18 17:59:58] [INFO] ───── Requête entrante ───── {"method":"GET","origin":"(none)","ip":"171.6.245.29","base_id":"appaugs4hsh3iObQG","tbl_agents":"tblrGsVbuPfuiYOtd","tbl_types":"tblKwoh1rbbOReA4e","token_hint":"patYRHbITQYMjt..."}
[2026-06-18 17:59:58] [INFO] Cache MISS — appel Airtable
[2026-06-18 17:59:58] [INFO] Airtable GET {"url":"https://api.airtable.com/v0/appaugs4hsh3iObQG/tblrGsVbuPfuiYOtd"}
[2026-06-18 17:59:58] [INFO] ───── Requête entrante ───── {"method":"GET","origin":"(none)","ip":"45.152.47.92","base_id":"appaugs4hsh3iObQG","tbl_agents":"tblrGsVbuPfuiYOtd","tbl_types":"tblKwoh1rbbOReA4e","token_hint":"patYRHbITQYMjt..."}
[2026-06-18 17:59:58] [INFO] Cache MISS — appel Airtable
[2026-06-18 17:59:58] [INFO] Airtable GET {"url":"https://api.airtable.com/v0/appaugs4hsh3iObQG/tblrGsVbuPfuiYOtd"}
[2026-06-18 18:00:00] [INFO] Airtable réponse {"http_code":200,"records":5,"error":null,"raw_preview":"{\"records\":[{\"id\":\"recCWyXh0NLw7zBfB\",\"createdTime\":\"2026-05-21T08:59:51.000Z\",\"fields\":{\"GoogleCalendarId\":\"a4f7a1684f155203185ea0459877db39f3df2778c6c563d3bdf0241fa90d7dd8@group.calendar.google.com\",\"Color\":\"#4f46e5\",\"MeetingTypes\":[\"rec45V8lwzABhzxnj\",\"reccrUdSb62CwjgdQ\",\"rec6UyAv7rbmTvmHo\"],\"WorkEnd\":18,\"Active\":true,\"WorkDays\":[\"0\",\"1\",\"2\",\"3\",\"4\",\"5\",\"6\"],\"WorkStart\":9,\"Email\":\"camillefauvea"}
[2026-06-18 18:00:00] [DEBUG] Champs premier agent brut {"fields":{"GoogleCalendarId":"a4f7a1684f155203185ea0459877db39f3df2778c6c563d3bdf0241fa90d7dd8@group.calendar.google.com","Color":"#4f46e5","MeetingTypes":["rec45V8lwzABhzxnj","reccrUdSb62CwjgdQ","rec6UyAv7rbmTvmHo"],"WorkEnd":18,"Active":true,"WorkDays":["0","1","2","3","4","5","6"],"WorkStart":9,"Email":"camillefauveau.service@gmail.com","Name":"Camille Fauveau","Role":"Ventes & Partenariats","AgentId":"camille"}}
[2026-06-18 18:00:00] [INFO] Agents filtrés {"brut":5,"actifs":3}
[2026-06-18 18:00:00] [INFO] Airtable GET {"url":"https://api.airtable.com/v0/appaugs4hsh3iObQG/tblKwoh1rbbOReA4e"}
[2026-06-18 18:00:00] [INFO] Airtable réponse {"http_code":200,"records":5,"error":null,"raw_preview":"{\"records\":[{\"id\":\"recCWyXh0NLw7zBfB\",\"createdTime\":\"2026-05-21T08:59:51.000Z\",\"fields\":{\"GoogleCalendarId\":\"a4f7a1684f155203185ea0459877db39f3df2778c6c563d3bdf0241fa90d7dd8@group.calendar.google.com\",\"Color\":\"#4f46e5\",\"MeetingTypes\":[\"rec45V8lwzABhzxnj\",\"reccrUdSb62CwjgdQ\",\"rec6UyAv7rbmTvmHo\"],\"WorkEnd\":18,\"Active\":true,\"WorkDays\":[\"0\",\"1\",\"2\",\"3\",\"4\",\"5\",\"6\"],\"WorkStart\":9,\"Email\":\"camillefauvea"}
[2026-06-18 18:00:00] [DEBUG] Champs premier agent brut {"fields":{"GoogleCalendarId":"a4f7a1684f155203185ea0459877db39f3df2778c6c563d3bdf0241fa90d7dd8@group.calendar.google.com","Color":"#4f46e5","MeetingTypes":["rec45V8lwzABhzxnj","reccrUdSb62CwjgdQ","rec6UyAv7rbmTvmHo"],"WorkEnd":18,"Active":true,"WorkDays":["0","1","2","3","4","5","6"],"WorkStart":9,"Email":"camillefauveau.service@gmail.com","Name":"Camille Fauveau","Role":"Ventes & Partenariats","AgentId":"camille"}}
[2026-06-18 18:00:00] [INFO] Agents filtrés {"brut":5,"actifs":3}
[2026-06-18 18:00:00] [INFO] Airtable GET {"url":"https://api.airtable.com/v0/appaugs4hsh3iObQG/tblKwoh1rbbOReA4e"}
[2026-06-18 18:00:01] [INFO] Airtable réponse {"http_code":200,"records":6,"error":null,"raw_preview":"{\"records\":[{\"id\":\"rec45V8lwzABhzxnj\",\"createdTime\":\"2026-05-21T09:00:31.000Z\",\"fields\":{\"AgentId (from AgentsIds)\":[\"camille\"],\"Order\":1,\"TypeId\":\"decouverte\",\"PlanningStatus\":\"Appel de découverte réservé\",\"Questions\":[\"reczBLconKqCBbM7L\",\"recICq5F6bjW3gg4Y\",\"recVI2Xroi3F7gajR\",\"recNk9Zn7CTIQzOyr\",\"receiIq9tYcTjRovz\"],\"AgentsIds\":[\"recCWyXh0NLw7zBfB\"],\"Description\":\"Première prise de contact "}
[2026-06-18 18:00:01] [DEBUG] Champs premier type brut {"fields":{"AgentId (from AgentsIds)":["camille"],"Order":1,"TypeId":"decouverte","PlanningStatus":"Appel de découverte réservé","Questions":["reczBLconKqCBbM7L","recICq5F6bjW3gg4Y","recVI2Xroi3F7gajR","recNk9Zn7CTIQzOyr","receiIq9tYcTjRovz"],"AgentsIds":["recCWyXh0NLw7zBfB"],"Description":"Première prise de contact et analyse de vos besoins","Color":"#7c3aed","Label":"Appel Découverte GuestLucky","Icon":"💬","Duration":30}}
[2026-06-18 18:00:01] [INFO] Types filtrés {"brut":6,"actifs":4}
[2026-06-18 18:00:01] [INFO] Airtable GET {"url":"https://api.airtable.com/v0/appaugs4hsh3iObQG/tbls6HegQyAgFGWIH"}
[2026-06-18 18:00:01] [INFO] Airtable réponse {"http_code":200,"records":6,"error":null,"raw_preview":"{\"records\":[{\"id\":\"rec45V8lwzABhzxnj\",\"createdTime\":\"2026-05-21T09:00:31.000Z\",\"fields\":{\"AgentId (from AgentsIds)\":[\"camille\"],\"Order\":1,\"TypeId\":\"decouverte\",\"PlanningStatus\":\"Appel de découverte réservé\",\"Questions\":[\"reczBLconKqCBbM7L\",\"recICq5F6bjW3gg4Y\",\"recVI2Xroi3F7gajR\",\"recNk9Zn7CTIQzOyr\",\"receiIq9tYcTjRovz\"],\"AgentsIds\":[\"recCWyXh0NLw7zBfB\"],\"Description\":\"Première prise de contact "}
[2026-06-18 18:00:01] [DEBUG] Champs premier type brut {"fields":{"AgentId (from AgentsIds)":["camille"],"Order":1,"TypeId":"decouverte","PlanningStatus":"Appel de découverte réservé","Questions":["reczBLconKqCBbM7L","recICq5F6bjW3gg4Y","recVI2Xroi3F7gajR","recNk9Zn7CTIQzOyr","receiIq9tYcTjRovz"],"AgentsIds":["recCWyXh0NLw7zBfB"],"Description":"Première prise de contact et analyse de vos besoins","Color":"#7c3aed","Label":"Appel Découverte GuestLucky","Icon":"💬","Duration":30}}
[2026-06-18 18:00:01] [INFO] Types filtrés {"brut":6,"actifs":4}
[2026-06-18 18:00:01] [INFO] Airtable GET {"url":"https://api.airtable.com/v0/appaugs4hsh3iObQG/tbls6HegQyAgFGWIH"}
[2026-06-18 18:00:01] [INFO] Airtable réponse {"http_code":200,"records":20,"error":null,"raw_preview":"{\"records\":[{\"id\":\"rec0H41i2V8jHzPsv\",\"createdTime\":\"2026-05-21T20:46:06.000Z\",\"fields\":{\"Question\":\"Quel outil utilisez-vous actuellement ?\",\"TypeId RecordID\":\"rec0H41i2V8jHzPsv\",\"Required\":true,\"FieldType\":\"single_choice\",\"Order\":2,\"Options\":\"SuperHote, Smoobu, Hostaway, Lodgify, Aucun, Autre\",\"MeetingTypes\":[\"reccrUdSb62CwjgdQ\"],\"TypeId\":[\"demo\"]}},{\"id\":\"rec46qcr9aIeN0kuP\",\"createdTime\":\"2026-"}
[2026-06-18 18:00:01] [INFO] Questions fetch {"count":20}
[2026-06-18 18:00:01] [INFO] Réponse finale {"agents":3,"meetingTypes":4}
[2026-06-18 18:00:01] [INFO] Airtable réponse {"http_code":200,"records":20,"error":null,"raw_preview":"{\"records\":[{\"id\":\"rec0H41i2V8jHzPsv\",\"createdTime\":\"2026-05-21T20:46:06.000Z\",\"fields\":{\"Question\":\"Quel outil utilisez-vous actuellement ?\",\"TypeId RecordID\":\"rec0H41i2V8jHzPsv\",\"Required\":true,\"FieldType\":\"single_choice\",\"Order\":2,\"Options\":\"SuperHote, Smoobu, Hostaway, Lodgify, Aucun, Autre\",\"MeetingTypes\":[\"reccrUdSb62CwjgdQ\"],\"TypeId\":[\"demo\"]}},{\"id\":\"rec46qcr9aIeN0kuP\",\"createdTime\":\"2026-"}
[2026-06-18 18:00:01] [INFO] Questions fetch {"count":20}
[2026-06-18 18:00:01] [INFO] Réponse finale {"agents":3,"meetingTypes":4}
[2026-06-18 18:00:08] [INFO] ───── Requête entrante ───── {"method":"GET","origin":"(none)","ip":"45.152.47.92","base_id":"appaugs4hsh3iObQG","tbl_agents":"tblrGsVbuPfuiYOtd","tbl_types":"tblKwoh1rbbOReA4e","token_hint":"patYRHbITQYMjt..."}
[2026-06-18 18:00:08] [INFO] Cache HIT
[2026-06-18 18:08:59] [INFO] ───── Requête entrante ───── {"method":"GET","origin":"(none)","ip":"45.152.47.92","base_id":"appaugs4hsh3iObQG","tbl_agents":"tblrGsVbuPfuiYOtd","tbl_types":"tblKwoh1rbbOReA4e","token_hint":"patYRHbITQYMjt..."}
[2026-06-18 18:08:59] [INFO] Cache MISS — appel Airtable
[2026-06-18 18:08:59] [INFO] Airtable GET {"url":"https://api.airtable.com/v0/appaugs4hsh3iObQG/tblrGsVbuPfuiYOtd"}
[2026-06-18 18:09:02] [INFO] Airtable réponse {"http_code":200,"records":5,"error":null,"raw_preview":"{\"records\":[{\"id\":\"recCWyXh0NLw7zBfB\",\"createdTime\":\"2026-05-21T08:59:51.000Z\",\"fields\":{\"GoogleCalendarId\":\"a4f7a1684f155203185ea0459877db39f3df2778c6c563d3bdf0241fa90d7dd8@group.calendar.google.com\",\"Color\":\"#4f46e5\",\"MeetingTypes\":[\"rec45V8lwzABhzxnj\",\"reccrUdSb62CwjgdQ\",\"rec6UyAv7rbmTvmHo\"],\"WorkEnd\":18,\"Active\":true,\"WorkDays\":[\"0\",\"1\",\"2\",\"3\",\"4\",\"5\",\"6\"],\"WorkStart\":9,\"Email\":\"camillefauvea"}
[2026-06-18 18:09:02] [DEBUG] Champs premier agent brut {"fields":{"GoogleCalendarId":"a4f7a1684f155203185ea0459877db39f3df2778c6c563d3bdf0241fa90d7dd8@group.calendar.google.com","Color":"#4f46e5","MeetingTypes":["rec45V8lwzABhzxnj","reccrUdSb62CwjgdQ","rec6UyAv7rbmTvmHo"],"WorkEnd":18,"Active":true,"WorkDays":["0","1","2","3","4","5","6"],"WorkStart":9,"Email":"camillefauveau.service@gmail.com","Name":"Camille Fauveau","Role":"Ventes & Partenariats","AgentId":"camille"}}
[2026-06-18 18:09:02] [INFO] Agents filtrés {"brut":5,"actifs":3}
[2026-06-18 18:09:02] [INFO] Airtable GET {"url":"https://api.airtable.com/v0/appaugs4hsh3iObQG/tblKwoh1rbbOReA4e"}
[2026-06-18 18:09:03] [INFO] Airtable réponse {"http_code":200,"records":6,"error":null,"raw_preview":"{\"records\":[{\"id\":\"rec45V8lwzABhzxnj\",\"createdTime\":\"2026-05-21T09:00:31.000Z\",\"fields\":{\"AgentId (from AgentsIds)\":[\"camille\"],\"Order\":1,\"TypeId\":\"decouverte\",\"PlanningStatus\":\"Appel de découverte réservé\",\"Questions\":[\"reczBLconKqCBbM7L\",\"recICq5F6bjW3gg4Y\",\"recVI2Xroi3F7gajR\",\"recNk9Zn7CTIQzOyr\",\"receiIq9tYcTjRovz\"],\"AgentsIds\":[\"recCWyXh0NLw7zBfB\"],\"Description\":\"Première prise de contact "}
[2026-06-18 18:09:03] [DEBUG] Champs premier type brut {"fields":{"AgentId (from AgentsIds)":["camille"],"Order":1,"TypeId":"decouverte","PlanningStatus":"Appel de découverte réservé","Questions":["reczBLconKqCBbM7L","recICq5F6bjW3gg4Y","recVI2Xroi3F7gajR","recNk9Zn7CTIQzOyr","receiIq9tYcTjRovz"],"AgentsIds":["recCWyXh0NLw7zBfB"],"Description":"Première prise de contact et analyse de vos besoins","Color":"#7c3aed","Label":"Appel Découverte GuestLucky","Icon":"💬","Duration":30}}
[2026-06-18 18:09:03] [INFO] Types filtrés {"brut":6,"actifs":4}
[2026-06-18 18:09:03] [INFO] Airtable GET {"url":"https://api.airtable.com/v0/appaugs4hsh3iObQG/tbls6HegQyAgFGWIH"}
[2026-06-18 18:09:03] [INFO] Airtable réponse {"http_code":200,"records":20,"error":null,"raw_preview":"{\"records\":[{\"id\":\"rec0H41i2V8jHzPsv\",\"createdTime\":\"2026-05-21T20:46:06.000Z\",\"fields\":{\"Question\":\"Quel outil utilisez-vous actuellement ?\",\"TypeId RecordID\":\"rec0H41i2V8jHzPsv\",\"Required\":true,\"FieldType\":\"single_choice\",\"Order\":2,\"Options\":\"SuperHote, Smoobu, Hostaway, Lodgify, Aucun, Autre\",\"MeetingTypes\":[\"reccrUdSb62CwjgdQ\"],\"TypeId\":[\"demo\"]}},{\"id\":\"rec46qcr9aIeN0kuP\",\"createdTime\":\"2026-"}
[2026-06-18 18:09:03] [INFO] Questions fetch {"count":20}
[2026-06-18 18:09:03] [INFO] Réponse finale {"agents":3,"meetingTypes":4}
[2026-06-18 18:26:12] [INFO] ───── Requête entrante ───── {"method":"GET","origin":"(none)","ip":"171.6.245.29","base_id":"appaugs4hsh3iObQG","tbl_agents":"tblrGsVbuPfuiYOtd","tbl_types":"tblKwoh1rbbOReA4e","token_hint":"patYRHbITQYMjt..."}
[2026-06-18 18:26:12] [INFO] Cache MISS — appel Airtable
[2026-06-18 18:26:12] [INFO] Airtable GET {"url":"https://api.airtable.com/v0/appaugs4hsh3iObQG/tblrGsVbuPfuiYOtd"}
[2026-06-18 18:26:14] [INFO] Airtable réponse {"http_code":200,"records":5,"error":null,"raw_preview":"{\"records\":[{\"id\":\"recCWyXh0NLw7zBfB\",\"createdTime\":\"2026-05-21T08:59:51.000Z\",\"fields\":{\"GoogleCalendarId\":\"a4f7a1684f155203185ea0459877db39f3df2778c6c563d3bdf0241fa90d7dd8@group.calendar.google.com\",\"Color\":\"#4f46e5\",\"MeetingTypes\":[\"rec45V8lwzABhzxnj\",\"reccrUdSb62CwjgdQ\",\"rec6UyAv7rbmTvmHo\"],\"WorkEnd\":18,\"Active\":true,\"WorkDays\":[\"0\",\"1\",\"2\",\"3\",\"4\",\"5\",\"6\"],\"WorkStart\":9,\"Email\":\"camillefauvea"}
[2026-06-18 18:26:14] [DEBUG] Champs premier agent brut {"fields":{"GoogleCalendarId":"a4f7a1684f155203185ea0459877db39f3df2778c6c563d3bdf0241fa90d7dd8@group.calendar.google.com","Color":"#4f46e5","MeetingTypes":["rec45V8lwzABhzxnj","reccrUdSb62CwjgdQ","rec6UyAv7rbmTvmHo"],"WorkEnd":18,"Active":true,"WorkDays":["0","1","2","3","4","5","6"],"WorkStart":9,"Email":"camillefauveau.service@gmail.com","Name":"Camille Fauveau","Role":"Ventes & Partenariats","AgentId":"camille"}}
[2026-06-18 18:26:14] [INFO] Agents filtrés {"brut":5,"actifs":3}
[2026-06-18 18:26:14] [INFO] Airtable GET {"url":"https://api.airtable.com/v0/appaugs4hsh3iObQG/tblKwoh1rbbOReA4e"}
[2026-06-18 18:26:15] [INFO] Airtable réponse {"http_code":200,"records":6,"error":null,"raw_preview":"{\"records\":[{\"id\":\"rec45V8lwzABhzxnj\",\"createdTime\":\"2026-05-21T09:00:31.000Z\",\"fields\":{\"AgentId (from AgentsIds)\":[\"camille\"],\"Order\":1,\"TypeId\":\"decouverte\",\"PlanningStatus\":\"Appel de découverte réservé\",\"Questions\":[\"reczBLconKqCBbM7L\",\"recICq5F6bjW3gg4Y\",\"recVI2Xroi3F7gajR\",\"recNk9Zn7CTIQzOyr\",\"receiIq9tYcTjRovz\"],\"AgentsIds\":[\"recCWyXh0NLw7zBfB\"],\"Description\":\"Première prise de contact "}
[2026-06-18 18:26:15] [DEBUG] Champs premier type brut {"fields":{"AgentId (from AgentsIds)":["camille"],"Order":1,"TypeId":"decouverte","PlanningStatus":"Appel de découverte réservé","Questions":["reczBLconKqCBbM7L","recICq5F6bjW3gg4Y","recVI2Xroi3F7gajR","recNk9Zn7CTIQzOyr","receiIq9tYcTjRovz"],"AgentsIds":["recCWyXh0NLw7zBfB"],"Description":"Première prise de contact et analyse de vos besoins","Color":"#7c3aed","Label":"Appel Découverte GuestLucky","Icon":"💬","Duration":30}}
[2026-06-18 18:26:15] [INFO] Types filtrés {"brut":6,"actifs":4}
[2026-06-18 18:26:15] [INFO] Airtable GET {"url":"https://api.airtable.com/v0/appaugs4hsh3iObQG/tbls6HegQyAgFGWIH"}
[2026-06-18 18:26:15] [INFO] Airtable réponse {"http_code":200,"records":20,"error":null,"raw_preview":"{\"records\":[{\"id\":\"rec0H41i2V8jHzPsv\",\"createdTime\":\"2026-05-21T20:46:06.000Z\",\"fields\":{\"Question\":\"Quel outil utilisez-vous actuellement ?\",\"TypeId RecordID\":\"rec0H41i2V8jHzPsv\",\"Required\":true,\"FieldType\":\"single_choice\",\"Order\":2,\"Options\":\"SuperHote, Smoobu, Hostaway, Lodgify, Aucun, Autre\",\"MeetingTypes\":[\"reccrUdSb62CwjgdQ\"],\"TypeId\":[\"demo\"]}},{\"id\":\"rec46qcr9aIeN0kuP\",\"createdTime\":\"2026-"}
[2026-06-18 18:26:15] [INFO] Questions fetch {"count":20}
[2026-06-18 18:26:15] [INFO] Réponse finale {"agents":3,"meetingTypes":4}
[2026-06-18 18:27:23] [INFO] ───── Requête entrante ───── {"method":"GET","origin":"(none)","ip":"89.89.51.13","base_id":"appaugs4hsh3iObQG","tbl_agents":"tblrGsVbuPfuiYOtd","tbl_types":"tblKwoh1rbbOReA4e","token_hint":"patYRHbITQYMjt..."}
[2026-06-18 18:27:23] [INFO] Cache HIT
[2026-06-18 18:43:29] [INFO] ───── Requête entrante ───── {"method":"GET","origin":"(none)","ip":"45.152.47.92","base_id":"appaugs4hsh3iObQG","tbl_agents":"tblrGsVbuPfuiYOtd","tbl_types":"tblKwoh1rbbOReA4e","token_hint":"patYRHbITQYMjt..."}
[2026-06-18 18:43:29] [INFO] Cache MISS — appel Airtable
[2026-06-18 18:43:29] [INFO] Airtable GET {"url":"https://api.airtable.com/v0/appaugs4hsh3iObQG/tblrGsVbuPfuiYOtd"}
[2026-06-18 18:43:31] [INFO] Airtable réponse {"http_code":200,"records":5,"error":null,"raw_preview":"{\"records\":[{\"id\":\"recCWyXh0NLw7zBfB\",\"createdTime\":\"2026-05-21T08:59:51.000Z\",\"fields\":{\"GoogleCalendarId\":\"a4f7a1684f155203185ea0459877db39f3df2778c6c563d3bdf0241fa90d7dd8@group.calendar.google.com\",\"Color\":\"#4f46e5\",\"MeetingTypes\":[\"rec45V8lwzABhzxnj\",\"reccrUdSb62CwjgdQ\",\"rec6UyAv7rbmTvmHo\"],\"WorkEnd\":18,\"Active\":true,\"WorkDays\":[\"0\",\"1\",\"2\",\"3\",\"4\",\"5\",\"6\"],\"WorkStart\":9,\"Email\":\"camillefauvea"}
[2026-06-18 18:43:31] [DEBUG] Champs premier agent brut {"fields":{"GoogleCalendarId":"a4f7a1684f155203185ea0459877db39f3df2778c6c563d3bdf0241fa90d7dd8@group.calendar.google.com","Color":"#4f46e5","MeetingTypes":["rec45V8lwzABhzxnj","reccrUdSb62CwjgdQ","rec6UyAv7rbmTvmHo"],"WorkEnd":18,"Active":true,"WorkDays":["0","1","2","3","4","5","6"],"WorkStart":9,"Email":"camillefauveau.service@gmail.com","Name":"Camille Fauveau","Role":"Ventes & Partenariats","AgentId":"camille"}}
[2026-06-18 18:43:31] [INFO] Agents filtrés {"brut":5,"actifs":3}
[2026-06-18 18:43:31] [INFO] Airtable GET {"url":"https://api.airtable.com/v0/appaugs4hsh3iObQG/tblKwoh1rbbOReA4e"}
[2026-06-18 18:43:32] [INFO] Airtable réponse {"http_code":200,"records":6,"error":null,"raw_preview":"{\"records\":[{\"id\":\"rec45V8lwzABhzxnj\",\"createdTime\":\"2026-05-21T09:00:31.000Z\",\"fields\":{\"AgentId (from AgentsIds)\":[\"camille\"],\"Order\":1,\"TypeId\":\"decouverte\",\"PlanningStatus\":\"Appel de découverte réservé\",\"Questions\":[\"reczBLconKqCBbM7L\",\"recICq5F6bjW3gg4Y\",\"recVI2Xroi3F7gajR\",\"recNk9Zn7CTIQzOyr\",\"receiIq9tYcTjRovz\"],\"AgentsIds\":[\"recCWyXh0NLw7zBfB\"],\"Description\":\"Première prise de contact "}
[2026-06-18 18:43:32] [DEBUG] Champs premier type brut {"fields":{"AgentId (from AgentsIds)":["camille"],"Order":1,"TypeId":"decouverte","PlanningStatus":"Appel de découverte réservé","Questions":["reczBLconKqCBbM7L","recICq5F6bjW3gg4Y","recVI2Xroi3F7gajR","recNk9Zn7CTIQzOyr","receiIq9tYcTjRovz"],"AgentsIds":["recCWyXh0NLw7zBfB"],"Description":"Première prise de contact et analyse de vos besoins","Color":"#7c3aed","Label":"Appel Découverte GuestLucky","Icon":"💬","Duration":30}}
[2026-06-18 18:43:32] [INFO] Types filtrés {"brut":6,"actifs":4}
[2026-06-18 18:43:32] [INFO] Airtable GET {"url":"https://api.airtable.com/v0/appaugs4hsh3iObQG/tbls6HegQyAgFGWIH"}
[2026-06-18 18:43:32] [INFO] Airtable réponse {"http_code":200,"records":20,"error":null,"raw_preview":"{\"records\":[{\"id\":\"rec0H41i2V8jHzPsv\",\"createdTime\":\"2026-05-21T20:46:06.000Z\",\"fields\":{\"Question\":\"Quel outil utilisez-vous actuellement ?\",\"TypeId RecordID\":\"rec0H41i2V8jHzPsv\",\"Required\":true,\"FieldType\":\"single_choice\",\"Order\":2,\"Options\":\"SuperHote, Smoobu, Hostaway, Lodgify, Aucun, Autre\",\"MeetingTypes\":[\"reccrUdSb62CwjgdQ\"],\"TypeId\":[\"demo\"]}},{\"id\":\"rec46qcr9aIeN0kuP\",\"createdTime\":\"2026-"}
[2026-06-18 18:43:32] [INFO] Questions fetch {"count":20}
[2026-06-18 18:43:32] [INFO] Réponse finale {"agents":3,"meetingTypes":4}
[2026-06-18 18:43:34] [INFO] ───── Requête entrante ───── {"method":"GET","origin":"(none)","ip":"45.152.47.92","base_id":"appaugs4hsh3iObQG","tbl_agents":"tblrGsVbuPfuiYOtd","tbl_types":"tblKwoh1rbbOReA4e","token_hint":"patYRHbITQYMjt..."}
[2026-06-18 18:43:34] [INFO] Cache HIT
[2026-06-18 18:50:15] [INFO] ───── Requête entrante ───── {"method":"GET","origin":"(none)","ip":"37.67.182.176","base_id":"appaugs4hsh3iObQG","tbl_agents":"tblrGsVbuPfuiYOtd","tbl_types":"tblKwoh1rbbOReA4e","token_hint":"patYRHbITQYMjt..."}
[2026-06-18 18:50:15] [INFO] Cache MISS — appel Airtable
[2026-06-18 18:50:15] [INFO] Airtable GET {"url":"https://api.airtable.com/v0/appaugs4hsh3iObQG/tblrGsVbuPfuiYOtd"}
[2026-06-18 18:50:17] [INFO] Airtable réponse {"http_code":200,"records":5,"error":null,"raw_preview":"{\"records\":[{\"id\":\"recCWyXh0NLw7zBfB\",\"createdTime\":\"2026-05-21T08:59:51.000Z\",\"fields\":{\"GoogleCalendarId\":\"a4f7a1684f155203185ea0459877db39f3df2778c6c563d3bdf0241fa90d7dd8@group.calendar.google.com\",\"Color\":\"#4f46e5\",\"MeetingTypes\":[\"rec45V8lwzABhzxnj\",\"reccrUdSb62CwjgdQ\",\"rec6UyAv7rbmTvmHo\"],\"WorkEnd\":18,\"Active\":true,\"WorkDays\":[\"0\",\"1\",\"2\",\"3\",\"4\",\"5\",\"6\"],\"WorkStart\":9,\"Email\":\"camillefauvea"}
[2026-06-18 18:50:17] [DEBUG] Champs premier agent brut {"fields":{"GoogleCalendarId":"a4f7a1684f155203185ea0459877db39f3df2778c6c563d3bdf0241fa90d7dd8@group.calendar.google.com","Color":"#4f46e5","MeetingTypes":["rec45V8lwzABhzxnj","reccrUdSb62CwjgdQ","rec6UyAv7rbmTvmHo"],"WorkEnd":18,"Active":true,"WorkDays":["0","1","2","3","4","5","6"],"WorkStart":9,"Email":"camillefauveau.service@gmail.com","Name":"Camille Fauveau","Role":"Ventes & Partenariats","AgentId":"camille"}}
[2026-06-18 18:50:17] [INFO] Agents filtrés {"brut":5,"actifs":3}
[2026-06-18 18:50:17] [INFO] Airtable GET {"url":"https://api.airtable.com/v0/appaugs4hsh3iObQG/tblKwoh1rbbOReA4e"}
[2026-06-18 18:50:17] [INFO] Airtable réponse {"http_code":200,"records":6,"error":null,"raw_preview":"{\"records\":[{\"id\":\"rec45V8lwzABhzxnj\",\"createdTime\":\"2026-05-21T09:00:31.000Z\",\"fields\":{\"AgentId (from AgentsIds)\":[\"camille\"],\"Order\":1,\"TypeId\":\"decouverte\",\"PlanningStatus\":\"Appel de découverte réservé\",\"Questions\":[\"reczBLconKqCBbM7L\",\"recICq5F6bjW3gg4Y\",\"recVI2Xroi3F7gajR\",\"recNk9Zn7CTIQzOyr\",\"receiIq9tYcTjRovz\"],\"AgentsIds\":[\"recCWyXh0NLw7zBfB\"],\"Description\":\"Première prise de contact "}
[2026-06-18 18:50:17] [DEBUG] Champs premier type brut {"fields":{"AgentId (from AgentsIds)":["camille"],"Order":1,"TypeId":"decouverte","PlanningStatus":"Appel de découverte réservé","Questions":["reczBLconKqCBbM7L","recICq5F6bjW3gg4Y","recVI2Xroi3F7gajR","recNk9Zn7CTIQzOyr","receiIq9tYcTjRovz"],"AgentsIds":["recCWyXh0NLw7zBfB"],"Description":"Première prise de contact et analyse de vos besoins","Color":"#7c3aed","Label":"Appel Découverte GuestLucky","Icon":"💬","Duration":30}}
[2026-06-18 18:50:17] [INFO] Types filtrés {"brut":6,"actifs":4}
[2026-06-18 18:50:17] [INFO] Airtable GET {"url":"https://api.airtable.com/v0/appaugs4hsh3iObQG/tbls6HegQyAgFGWIH"}
[2026-06-18 18:50:18] [INFO] Airtable réponse {"http_code":200,"records":20,"error":null,"raw_preview":"{\"records\":[{\"id\":\"rec0H41i2V8jHzPsv\",\"createdTime\":\"2026-05-21T20:46:06.000Z\",\"fields\":{\"Question\":\"Quel outil utilisez-vous actuellement ?\",\"TypeId RecordID\":\"rec0H41i2V8jHzPsv\",\"Required\":true,\"FieldType\":\"single_choice\",\"Order\":2,\"Options\":\"SuperHote, Smoobu, Hostaway, Lodgify, Aucun, Autre\",\"MeetingTypes\":[\"reccrUdSb62CwjgdQ\"],\"TypeId\":[\"demo\"]}},{\"id\":\"rec46qcr9aIeN0kuP\",\"createdTime\":\"2026-"}
[2026-06-18 18:50:18] [INFO] Questions fetch {"count":20}
[2026-06-18 18:50:18] [INFO] Réponse finale {"agents":3,"meetingTypes":4}
[2026-06-18 18:56:11] [INFO] ───── Requête entrante ───── {"method":"GET","origin":"(none)","ip":"85.69.103.147","base_id":"appaugs4hsh3iObQG","tbl_agents":"tblrGsVbuPfuiYOtd","tbl_types":"tblKwoh1rbbOReA4e","token_hint":"patYRHbITQYMjt..."}
[2026-06-18 18:56:11] [INFO] Cache MISS — appel Airtable
[2026-06-18 18:56:11] [INFO] Airtable GET {"url":"https://api.airtable.com/v0/appaugs4hsh3iObQG/tblrGsVbuPfuiYOtd"}
[2026-06-18 18:56:14] [INFO] Airtable réponse {"http_code":200,"records":5,"error":null,"raw_preview":"{\"records\":[{\"id\":\"recCWyXh0NLw7zBfB\",\"createdTime\":\"2026-05-21T08:59:51.000Z\",\"fields\":{\"GoogleCalendarId\":\"a4f7a1684f155203185ea0459877db39f3df2778c6c563d3bdf0241fa90d7dd8@group.calendar.google.com\",\"Color\":\"#4f46e5\",\"MeetingTypes\":[\"rec45V8lwzABhzxnj\",\"reccrUdSb62CwjgdQ\",\"rec6UyAv7rbmTvmHo\"],\"WorkEnd\":18,\"Active\":true,\"WorkDays\":[\"0\",\"1\",\"2\",\"3\",\"4\",\"5\",\"6\"],\"WorkStart\":9,\"Email\":\"camillefauvea"}
[2026-06-18 18:56:14] [DEBUG] Champs premier agent brut {"fields":{"GoogleCalendarId":"a4f7a1684f155203185ea0459877db39f3df2778c6c563d3bdf0241fa90d7dd8@group.calendar.google.com","Color":"#4f46e5","MeetingTypes":["rec45V8lwzABhzxnj","reccrUdSb62CwjgdQ","rec6UyAv7rbmTvmHo"],"WorkEnd":18,"Active":true,"WorkDays":["0","1","2","3","4","5","6"],"WorkStart":9,"Email":"camillefauveau.service@gmail.com","Name":"Camille Fauveau","Role":"Ventes & Partenariats","AgentId":"camille"}}
[2026-06-18 18:56:14] [INFO] Agents filtrés {"brut":5,"actifs":3}
[2026-06-18 18:56:14] [INFO] Airtable GET {"url":"https://api.airtable.com/v0/appaugs4hsh3iObQG/tblKwoh1rbbOReA4e"}
[2026-06-18 18:56:14] [INFO] Airtable réponse {"http_code":200,"records":6,"error":null,"raw_preview":"{\"records\":[{\"id\":\"rec45V8lwzABhzxnj\",\"createdTime\":\"2026-05-21T09:00:31.000Z\",\"fields\":{\"AgentId (from AgentsIds)\":[\"camille\"],\"Order\":1,\"TypeId\":\"decouverte\",\"PlanningStatus\":\"Appel de découverte réservé\",\"Questions\":[\"reczBLconKqCBbM7L\",\"recICq5F6bjW3gg4Y\",\"recVI2Xroi3F7gajR\",\"recNk9Zn7CTIQzOyr\",\"receiIq9tYcTjRovz\"],\"AgentsIds\":[\"recCWyXh0NLw7zBfB\"],\"Description\":\"Première prise de contact "}
[2026-06-18 18:56:14] [DEBUG] Champs premier type brut {"fields":{"AgentId (from AgentsIds)":["camille"],"Order":1,"TypeId":"decouverte","PlanningStatus":"Appel de découverte réservé","Questions":["reczBLconKqCBbM7L","recICq5F6bjW3gg4Y","recVI2Xroi3F7gajR","recNk9Zn7CTIQzOyr","receiIq9tYcTjRovz"],"AgentsIds":["recCWyXh0NLw7zBfB"],"Description":"Première prise de contact et analyse de vos besoins","Color":"#7c3aed","Label":"Appel Découverte GuestLucky","Icon":"💬","Duration":30}}
[2026-06-18 18:56:14] [INFO] Types filtrés {"brut":6,"actifs":4}
[2026-06-18 18:56:14] [INFO] Airtable GET {"url":"https://api.airtable.com/v0/appaugs4hsh3iObQG/tbls6HegQyAgFGWIH"}
[2026-06-18 18:56:15] [INFO] Airtable réponse {"http_code":200,"records":20,"error":null,"raw_preview":"{\"records\":[{\"id\":\"rec0H41i2V8jHzPsv\",\"createdTime\":\"2026-05-21T20:46:06.000Z\",\"fields\":{\"Question\":\"Quel outil utilisez-vous actuellement ?\",\"TypeId RecordID\":\"rec0H41i2V8jHzPsv\",\"Required\":true,\"FieldType\":\"single_choice\",\"Order\":2,\"Options\":\"SuperHote, Smoobu, Hostaway, Lodgify, Aucun, Autre\",\"MeetingTypes\":[\"reccrUdSb62CwjgdQ\"],\"TypeId\":[\"demo\"]}},{\"id\":\"rec46qcr9aIeN0kuP\",\"createdTime\":\"2026-"}
[2026-06-18 18:56:15] [INFO] Questions fetch {"count":20}
[2026-06-18 18:56:15] [INFO] Réponse finale {"agents":3,"meetingTypes":4}
[2026-06-18 18:57:47] [INFO] ───── Requête entrante ───── {"method":"GET","origin":"(none)","ip":"176.146.18.25","base_id":"appaugs4hsh3iObQG","tbl_agents":"tblrGsVbuPfuiYOtd","tbl_types":"tblKwoh1rbbOReA4e","token_hint":"patYRHbITQYMjt..."}
[2026-06-18 18:57:47] [INFO] Cache HIT
[2026-06-18 19:08:09] [INFO] ───── Requête entrante ───── {"method":"GET","origin":"(none)","ip":"176.146.18.25","base_id":"appaugs4hsh3iObQG","tbl_agents":"tblrGsVbuPfuiYOtd","tbl_types":"tblKwoh1rbbOReA4e","token_hint":"patYRHbITQYMjt..."}
[2026-06-18 19:08:09] [INFO] Cache MISS — appel Airtable
[2026-06-18 19:08:09] [INFO] Airtable GET {"url":"https://api.airtable.com/v0/appaugs4hsh3iObQG/tblrGsVbuPfuiYOtd"}
[2026-06-18 19:08:11] [INFO] Airtable réponse {"http_code":200,"records":5,"error":null,"raw_preview":"{\"records\":[{\"id\":\"recCWyXh0NLw7zBfB\",\"createdTime\":\"2026-05-21T08:59:51.000Z\",\"fields\":{\"GoogleCalendarId\":\"a4f7a1684f155203185ea0459877db39f3df2778c6c563d3bdf0241fa90d7dd8@group.calendar.google.com\",\"Color\":\"#4f46e5\",\"MeetingTypes\":[\"rec45V8lwzABhzxnj\",\"reccrUdSb62CwjgdQ\",\"rec6UyAv7rbmTvmHo\"],\"WorkEnd\":18,\"Active\":true,\"WorkDays\":[\"0\",\"1\",\"2\",\"3\",\"4\",\"5\",\"6\"],\"WorkStart\":9,\"Email\":\"camillefauvea"}
[2026-06-18 19:08:11] [DEBUG] Champs premier agent brut {"fields":{"GoogleCalendarId":"a4f7a1684f155203185ea0459877db39f3df2778c6c563d3bdf0241fa90d7dd8@group.calendar.google.com","Color":"#4f46e5","MeetingTypes":["rec45V8lwzABhzxnj","reccrUdSb62CwjgdQ","rec6UyAv7rbmTvmHo"],"WorkEnd":18,"Active":true,"WorkDays":["0","1","2","3","4","5","6"],"WorkStart":9,"Email":"camillefauveau.service@gmail.com","Name":"Camille Fauveau","Role":"Ventes & Partenariats","AgentId":"camille"}}
[2026-06-18 19:08:11] [INFO] Agents filtrés {"brut":5,"actifs":3}
[2026-06-18 19:08:11] [INFO] Airtable GET {"url":"https://api.airtable.com/v0/appaugs4hsh3iObQG/tblKwoh1rbbOReA4e"}
[2026-06-18 19:08:11] [INFO] Airtable réponse {"http_code":200,"records":6,"error":null,"raw_preview":"{\"records\":[{\"id\":\"rec45V8lwzABhzxnj\",\"createdTime\":\"2026-05-21T09:00:31.000Z\",\"fields\":{\"AgentId (from AgentsIds)\":[\"camille\"],\"Order\":1,\"TypeId\":\"decouverte\",\"PlanningStatus\":\"Appel de découverte réservé\",\"Questions\":[\"reczBLconKqCBbM7L\",\"recICq5F6bjW3gg4Y\",\"recVI2Xroi3F7gajR\",\"recNk9Zn7CTIQzOyr\",\"receiIq9tYcTjRovz\"],\"AgentsIds\":[\"recCWyXh0NLw7zBfB\"],\"Description\":\"Première prise de contact "}
[2026-06-18 19:08:11] [DEBUG] Champs premier type brut {"fields":{"AgentId (from AgentsIds)":["camille"],"Order":1,"TypeId":"decouverte","PlanningStatus":"Appel de découverte réservé","Questions":["reczBLconKqCBbM7L","recICq5F6bjW3gg4Y","recVI2Xroi3F7gajR","recNk9Zn7CTIQzOyr","receiIq9tYcTjRovz"],"AgentsIds":["recCWyXh0NLw7zBfB"],"Description":"Première prise de contact et analyse de vos besoins","Color":"#7c3aed","Label":"Appel Découverte GuestLucky","Icon":"💬","Duration":30}}
[2026-06-18 19:08:11] [INFO] Types filtrés {"brut":6,"actifs":4}
[2026-06-18 19:08:11] [INFO] Airtable GET {"url":"https://api.airtable.com/v0/appaugs4hsh3iObQG/tbls6HegQyAgFGWIH"}
[2026-06-18 19:08:12] [INFO] Airtable réponse {"http_code":200,"records":20,"error":null,"raw_preview":"{\"records\":[{\"id\":\"rec0H41i2V8jHzPsv\",\"createdTime\":\"2026-05-21T20:46:06.000Z\",\"fields\":{\"Question\":\"Quel outil utilisez-vous actuellement ?\",\"TypeId RecordID\":\"rec0H41i2V8jHzPsv\",\"Required\":true,\"FieldType\":\"single_choice\",\"Order\":2,\"Options\":\"SuperHote, Smoobu, Hostaway, Lodgify, Aucun, Autre\",\"MeetingTypes\":[\"reccrUdSb62CwjgdQ\"],\"TypeId\":[\"demo\"]}},{\"id\":\"rec46qcr9aIeN0kuP\",\"createdTime\":\"2026-"}
[2026-06-18 19:08:12] [INFO] Questions fetch {"count":20}
[2026-06-18 19:08:12] [INFO] Réponse finale {"agents":3,"meetingTypes":4}
[2026-06-18 19:14:21] [INFO] ───── Requête entrante ───── {"method":"GET","origin":"(none)","ip":"37.67.182.176","base_id":"appaugs4hsh3iObQG","tbl_agents":"tblrGsVbuPfuiYOtd","tbl_types":"tblKwoh1rbbOReA4e","token_hint":"patYRHbITQYMjt..."}
[2026-06-18 19:14:21] [INFO] Cache MISS — appel Airtable
[2026-06-18 19:14:21] [INFO] Airtable GET {"url":"https://api.airtable.com/v0/appaugs4hsh3iObQG/tblrGsVbuPfuiYOtd"}
[2026-06-18 19:14:23] [INFO] Airtable réponse {"http_code":200,"records":5,"error":null,"raw_preview":"{\"records\":[{\"id\":\"recCWyXh0NLw7zBfB\",\"createdTime\":\"2026-05-21T08:59:51.000Z\",\"fields\":{\"GoogleCalendarId\":\"a4f7a1684f155203185ea0459877db39f3df2778c6c563d3bdf0241fa90d7dd8@group.calendar.google.com\",\"Color\":\"#4f46e5\",\"MeetingTypes\":[\"rec45V8lwzABhzxnj\",\"reccrUdSb62CwjgdQ\",\"rec6UyAv7rbmTvmHo\"],\"WorkEnd\":18,\"Active\":true,\"WorkDays\":[\"0\",\"1\",\"2\",\"3\",\"4\",\"5\",\"6\"],\"WorkStart\":9,\"Email\":\"camillefauvea"}
[2026-06-18 19:14:23] [DEBUG] Champs premier agent brut {"fields":{"GoogleCalendarId":"a4f7a1684f155203185ea0459877db39f3df2778c6c563d3bdf0241fa90d7dd8@group.calendar.google.com","Color":"#4f46e5","MeetingTypes":["rec45V8lwzABhzxnj","reccrUdSb62CwjgdQ","rec6UyAv7rbmTvmHo"],"WorkEnd":18,"Active":true,"WorkDays":["0","1","2","3","4","5","6"],"WorkStart":9,"Email":"camillefauveau.service@gmail.com","Name":"Camille Fauveau","Role":"Ventes & Partenariats","AgentId":"camille"}}
[2026-06-18 19:14:23] [INFO] Agents filtrés {"brut":5,"actifs":3}
[2026-06-18 19:14:23] [INFO] Airtable GET {"url":"https://api.airtable.com/v0/appaugs4hsh3iObQG/tblKwoh1rbbOReA4e"}
[2026-06-18 19:14:24] [INFO] Airtable réponse {"http_code":200,"records":6,"error":null,"raw_preview":"{\"records\":[{\"id\":\"rec45V8lwzABhzxnj\",\"createdTime\":\"2026-05-21T09:00:31.000Z\",\"fields\":{\"AgentId (from AgentsIds)\":[\"camille\"],\"Order\":1,\"TypeId\":\"decouverte\",\"PlanningStatus\":\"Appel de découverte réservé\",\"Questions\":[\"reczBLconKqCBbM7L\",\"recICq5F6bjW3gg4Y\",\"recVI2Xroi3F7gajR\",\"recNk9Zn7CTIQzOyr\",\"receiIq9tYcTjRovz\"],\"AgentsIds\":[\"recCWyXh0NLw7zBfB\"],\"Description\":\"Première prise de contact "}
[2026-06-18 19:14:24] [DEBUG] Champs premier type brut {"fields":{"AgentId (from AgentsIds)":["camille"],"Order":1,"TypeId":"decouverte","PlanningStatus":"Appel de découverte réservé","Questions":["reczBLconKqCBbM7L","recICq5F6bjW3gg4Y","recVI2Xroi3F7gajR","recNk9Zn7CTIQzOyr","receiIq9tYcTjRovz"],"AgentsIds":["recCWyXh0NLw7zBfB"],"Description":"Première prise de contact et analyse de vos besoins","Color":"#7c3aed","Label":"Appel Découverte GuestLucky","Icon":"💬","Duration":30}}
[2026-06-18 19:14:24] [INFO] Types filtrés {"brut":6,"actifs":4}
[2026-06-18 19:14:24] [INFO] Airtable GET {"url":"https://api.airtable.com/v0/appaugs4hsh3iObQG/tbls6HegQyAgFGWIH"}
[2026-06-18 19:14:24] [INFO] Airtable réponse {"http_code":200,"records":20,"error":null,"raw_preview":"{\"records\":[{\"id\":\"rec0H41i2V8jHzPsv\",\"createdTime\":\"2026-05-21T20:46:06.000Z\",\"fields\":{\"Question\":\"Quel outil utilisez-vous actuellement ?\",\"TypeId RecordID\":\"rec0H41i2V8jHzPsv\",\"Required\":true,\"FieldType\":\"single_choice\",\"Order\":2,\"Options\":\"SuperHote, Smoobu, Hostaway, Lodgify, Aucun, Autre\",\"MeetingTypes\":[\"reccrUdSb62CwjgdQ\"],\"TypeId\":[\"demo\"]}},{\"id\":\"rec46qcr9aIeN0kuP\",\"createdTime\":\"2026-"}
[2026-06-18 19:14:24] [INFO] Questions fetch {"count":20}
[2026-06-18 19:14:24] [INFO] Réponse finale {"agents":3,"meetingTypes":4}
[2026-06-18 19:14:40] [INFO] ───── Requête entrante ───── {"method":"GET","origin":"(none)","ip":"31.37.72.45","base_id":"appaugs4hsh3iObQG","tbl_agents":"tblrGsVbuPfuiYOtd","tbl_types":"tblKwoh1rbbOReA4e","token_hint":"patYRHbITQYMjt..."}
[2026-06-18 19:14:40] [INFO] Cache HIT
[2026-06-18 19:15:58] [INFO] ───── Requête entrante ───── {"method":"GET","origin":"(none)","ip":"171.6.245.29","base_id":"appaugs4hsh3iObQG","tbl_agents":"tblrGsVbuPfuiYOtd","tbl_types":"tblKwoh1rbbOReA4e","token_hint":"patYRHbITQYMjt..."}
[2026-06-18 19:15:58] [INFO] Cache HIT
[2026-06-18 19:25:25] [INFO] ───── Requête entrante ───── {"method":"GET","origin":"(none)","ip":"171.6.245.29","base_id":"appaugs4hsh3iObQG","tbl_agents":"tblrGsVbuPfuiYOtd","tbl_types":"tblKwoh1rbbOReA4e","token_hint":"patYRHbITQYMjt..."}
[2026-06-18 19:25:25] [INFO] Cache MISS — appel Airtable
[2026-06-18 19:25:25] [INFO] Airtable GET {"url":"https://api.airtable.com/v0/appaugs4hsh3iObQG/tblrGsVbuPfuiYOtd"}
[2026-06-18 19:25:27] [INFO] Airtable réponse {"http_code":200,"records":5,"error":null,"raw_preview":"{\"records\":[{\"id\":\"recCWyXh0NLw7zBfB\",\"createdTime\":\"2026-05-21T08:59:51.000Z\",\"fields\":{\"GoogleCalendarId\":\"a4f7a1684f155203185ea0459877db39f3df2778c6c563d3bdf0241fa90d7dd8@group.calendar.google.com\",\"Color\":\"#4f46e5\",\"MeetingTypes\":[\"rec45V8lwzABhzxnj\",\"reccrUdSb62CwjgdQ\",\"rec6UyAv7rbmTvmHo\"],\"WorkEnd\":18,\"Active\":true,\"WorkDays\":[\"0\",\"1\",\"2\",\"3\",\"4\",\"5\",\"6\"],\"WorkStart\":9,\"Email\":\"camillefauvea"}
[2026-06-18 19:25:27] [DEBUG] Champs premier agent brut {"fields":{"GoogleCalendarId":"a4f7a1684f155203185ea0459877db39f3df2778c6c563d3bdf0241fa90d7dd8@group.calendar.google.com","Color":"#4f46e5","MeetingTypes":["rec45V8lwzABhzxnj","reccrUdSb62CwjgdQ","rec6UyAv7rbmTvmHo"],"WorkEnd":18,"Active":true,"WorkDays":["0","1","2","3","4","5","6"],"WorkStart":9,"Email":"camillefauveau.service@gmail.com","Name":"Camille Fauveau","Role":"Ventes & Partenariats","AgentId":"camille"}}
[2026-06-18 19:25:27] [INFO] Agents filtrés {"brut":5,"actifs":3}
[2026-06-18 19:25:27] [INFO] Airtable GET {"url":"https://api.airtable.com/v0/appaugs4hsh3iObQG/tblKwoh1rbbOReA4e"}
[2026-06-18 19:25:27] [INFO] Airtable réponse {"http_code":200,"records":6,"error":null,"raw_preview":"{\"records\":[{\"id\":\"rec45V8lwzABhzxnj\",\"createdTime\":\"2026-05-21T09:00:31.000Z\",\"fields\":{\"AgentId (from AgentsIds)\":[\"camille\"],\"Order\":1,\"TypeId\":\"decouverte\",\"PlanningStatus\":\"Appel de découverte réservé\",\"Questions\":[\"reczBLconKqCBbM7L\",\"recICq5F6bjW3gg4Y\",\"recVI2Xroi3F7gajR\",\"recNk9Zn7CTIQzOyr\",\"receiIq9tYcTjRovz\"],\"AgentsIds\":[\"recCWyXh0NLw7zBfB\"],\"Description\":\"Première prise de contact "}
[2026-06-18 19:25:27] [DEBUG] Champs premier type brut {"fields":{"AgentId (from AgentsIds)":["camille"],"Order":1,"TypeId":"decouverte","PlanningStatus":"Appel de découverte réservé","Questions":["reczBLconKqCBbM7L","recICq5F6bjW3gg4Y","recVI2Xroi3F7gajR","recNk9Zn7CTIQzOyr","receiIq9tYcTjRovz"],"AgentsIds":["recCWyXh0NLw7zBfB"],"Description":"Première prise de contact et analyse de vos besoins","Color":"#7c3aed","Label":"Appel Découverte GuestLucky","Icon":"💬","Duration":30}}
[2026-06-18 19:25:27] [INFO] Types filtrés {"brut":6,"actifs":4}
[2026-06-18 19:25:27] [INFO] Airtable GET {"url":"https://api.airtable.com/v0/appaugs4hsh3iObQG/tbls6HegQyAgFGWIH"}
[2026-06-18 19:25:28] [INFO] Airtable réponse {"http_code":200,"records":20,"error":null,"raw_preview":"{\"records\":[{\"id\":\"rec0H41i2V8jHzPsv\",\"createdTime\":\"2026-05-21T20:46:06.000Z\",\"fields\":{\"Question\":\"Quel outil utilisez-vous actuellement ?\",\"TypeId RecordID\":\"rec0H41i2V8jHzPsv\",\"Required\":true,\"FieldType\":\"single_choice\",\"Order\":2,\"Options\":\"SuperHote, Smoobu, Hostaway, Lodgify, Aucun, Autre\",\"MeetingTypes\":[\"reccrUdSb62CwjgdQ\"],\"TypeId\":[\"demo\"]}},{\"id\":\"rec46qcr9aIeN0kuP\",\"createdTime\":\"2026-"}
[2026-06-18 19:25:28] [INFO] Questions fetch {"count":20}
[2026-06-18 19:25:28] [INFO] Réponse finale {"agents":3,"meetingTypes":4}
[2026-06-18 19:29:02] [INFO] ───── Requête entrante ───── {"method":"GET","origin":"(none)","ip":"176.181.44.81","base_id":"appaugs4hsh3iObQG","tbl_agents":"tblrGsVbuPfuiYOtd","tbl_types":"tblKwoh1rbbOReA4e","token_hint":"patYRHbITQYMjt..."}
[2026-06-18 19:29:02] [INFO] Cache HIT
[2026-06-18 19:33:24] [INFO] ───── Requête entrante ───── {"method":"GET","origin":"(none)","ip":"86.216.199.58","base_id":"appaugs4hsh3iObQG","tbl_agents":"tblrGsVbuPfuiYOtd","tbl_types":"tblKwoh1rbbOReA4e","token_hint":"patYRHbITQYMjt..."}
[2026-06-18 19:33:24] [INFO] Cache MISS — appel Airtable
[2026-06-18 19:33:24] [INFO] Airtable GET {"url":"https://api.airtable.com/v0/appaugs4hsh3iObQG/tblrGsVbuPfuiYOtd"}
[2026-06-18 19:33:25] [INFO] Airtable réponse {"http_code":200,"records":5,"error":null,"raw_preview":"{\"records\":[{\"id\":\"recCWyXh0NLw7zBfB\",\"createdTime\":\"2026-05-21T08:59:51.000Z\",\"fields\":{\"GoogleCalendarId\":\"a4f7a1684f155203185ea0459877db39f3df2778c6c563d3bdf0241fa90d7dd8@group.calendar.google.com\",\"Color\":\"#4f46e5\",\"MeetingTypes\":[\"rec45V8lwzABhzxnj\",\"reccrUdSb62CwjgdQ\",\"rec6UyAv7rbmTvmHo\"],\"WorkEnd\":18,\"Active\":true,\"WorkDays\":[\"0\",\"1\",\"2\",\"3\",\"4\",\"5\",\"6\"],\"WorkStart\":9,\"Email\":\"camillefauvea"}
[2026-06-18 19:33:25] [DEBUG] Champs premier agent brut {"fields":{"GoogleCalendarId":"a4f7a1684f155203185ea0459877db39f3df2778c6c563d3bdf0241fa90d7dd8@group.calendar.google.com","Color":"#4f46e5","MeetingTypes":["rec45V8lwzABhzxnj","reccrUdSb62CwjgdQ","rec6UyAv7rbmTvmHo"],"WorkEnd":18,"Active":true,"WorkDays":["0","1","2","3","4","5","6"],"WorkStart":9,"Email":"camillefauveau.service@gmail.com","Name":"Camille Fauveau","Role":"Ventes & Partenariats","AgentId":"camille"}}
[2026-06-18 19:33:25] [INFO] Agents filtrés {"brut":5,"actifs":3}
[2026-06-18 19:33:25] [INFO] Airtable GET {"url":"https://api.airtable.com/v0/appaugs4hsh3iObQG/tblKwoh1rbbOReA4e"}
[2026-06-18 19:33:25] [INFO] Airtable réponse {"http_code":200,"records":6,"error":null,"raw_preview":"{\"records\":[{\"id\":\"rec45V8lwzABhzxnj\",\"createdTime\":\"2026-05-21T09:00:31.000Z\",\"fields\":{\"AgentId (from AgentsIds)\":[\"camille\"],\"Order\":1,\"TypeId\":\"decouverte\",\"PlanningStatus\":\"Appel de découverte réservé\",\"Questions\":[\"reczBLconKqCBbM7L\",\"recICq5F6bjW3gg4Y\",\"recVI2Xroi3F7gajR\",\"recNk9Zn7CTIQzOyr\",\"receiIq9tYcTjRovz\"],\"AgentsIds\":[\"recCWyXh0NLw7zBfB\"],\"Description\":\"Première prise de contact "}
[2026-06-18 19:33:25] [DEBUG] Champs premier type brut {"fields":{"AgentId (from AgentsIds)":["camille"],"Order":1,"TypeId":"decouverte","PlanningStatus":"Appel de découverte réservé","Questions":["reczBLconKqCBbM7L","recICq5F6bjW3gg4Y","recVI2Xroi3F7gajR","recNk9Zn7CTIQzOyr","receiIq9tYcTjRovz"],"AgentsIds":["recCWyXh0NLw7zBfB"],"Description":"Première prise de contact et analyse de vos besoins","Color":"#7c3aed","Label":"Appel Découverte GuestLucky","Icon":"💬","Duration":30}}
[2026-06-18 19:33:25] [INFO] Types filtrés {"brut":6,"actifs":4}
[2026-06-18 19:33:25] [INFO] Airtable GET {"url":"https://api.airtable.com/v0/appaugs4hsh3iObQG/tbls6HegQyAgFGWIH"}
[2026-06-18 19:33:25] [INFO] Airtable réponse {"http_code":200,"records":20,"error":null,"raw_preview":"{\"records\":[{\"id\":\"rec0H41i2V8jHzPsv\",\"createdTime\":\"2026-05-21T20:46:06.000Z\",\"fields\":{\"Question\":\"Quel outil utilisez-vous actuellement ?\",\"TypeId RecordID\":\"rec0H41i2V8jHzPsv\",\"Required\":true,\"FieldType\":\"single_choice\",\"Order\":2,\"Options\":\"SuperHote, Smoobu, Hostaway, Lodgify, Aucun, Autre\",\"MeetingTypes\":[\"reccrUdSb62CwjgdQ\"],\"TypeId\":[\"demo\"]}},{\"id\":\"rec46qcr9aIeN0kuP\",\"createdTime\":\"2026-"}
[2026-06-18 19:33:25] [INFO] Questions fetch {"count":20}
[2026-06-18 19:33:25] [INFO] Réponse finale {"agents":3,"meetingTypes":4}
[2026-06-18 21:35:49] [INFO] ───── Requête entrante ───── {"method":"GET","origin":"(none)","ip":"92.132.124.95","base_id":"appaugs4hsh3iObQG","tbl_agents":"tblrGsVbuPfuiYOtd","tbl_types":"tblKwoh1rbbOReA4e","token_hint":"patYRHbITQYMjt..."}
[2026-06-18 21:35:49] [INFO] Cache MISS — appel Airtable
[2026-06-18 21:35:49] [INFO] Airtable GET {"url":"https://api.airtable.com/v0/appaugs4hsh3iObQG/tblrGsVbuPfuiYOtd"}
[2026-06-18 21:35:51] [INFO] Airtable réponse {"http_code":200,"records":5,"error":null,"raw_preview":"{\"records\":[{\"id\":\"recCWyXh0NLw7zBfB\",\"createdTime\":\"2026-05-21T08:59:51.000Z\",\"fields\":{\"GoogleCalendarId\":\"a4f7a1684f155203185ea0459877db39f3df2778c6c563d3bdf0241fa90d7dd8@group.calendar.google.com\",\"Color\":\"#4f46e5\",\"MeetingTypes\":[\"rec45V8lwzABhzxnj\",\"reccrUdSb62CwjgdQ\",\"rec6UyAv7rbmTvmHo\"],\"WorkEnd\":18,\"Active\":true,\"WorkDays\":[\"0\",\"1\",\"2\",\"3\",\"4\",\"5\",\"6\"],\"WorkStart\":9,\"Email\":\"camillefauvea"}
[2026-06-18 21:35:51] [DEBUG] Champs premier agent brut {"fields":{"GoogleCalendarId":"a4f7a1684f155203185ea0459877db39f3df2778c6c563d3bdf0241fa90d7dd8@group.calendar.google.com","Color":"#4f46e5","MeetingTypes":["rec45V8lwzABhzxnj","reccrUdSb62CwjgdQ","rec6UyAv7rbmTvmHo"],"WorkEnd":18,"Active":true,"WorkDays":["0","1","2","3","4","5","6"],"WorkStart":9,"Email":"camillefauveau.service@gmail.com","Name":"Camille Fauveau","Role":"Ventes & Partenariats","AgentId":"camille"}}
[2026-06-18 21:35:51] [INFO] Agents filtrés {"brut":5,"actifs":3}
[2026-06-18 21:35:51] [INFO] Airtable GET {"url":"https://api.airtable.com/v0/appaugs4hsh3iObQG/tblKwoh1rbbOReA4e"}
[2026-06-18 21:35:52] [INFO] Airtable réponse {"http_code":200,"records":6,"error":null,"raw_preview":"{\"records\":[{\"id\":\"rec45V8lwzABhzxnj\",\"createdTime\":\"2026-05-21T09:00:31.000Z\",\"fields\":{\"AgentId (from AgentsIds)\":[\"camille\"],\"Order\":1,\"TypeId\":\"decouverte\",\"PlanningStatus\":\"Appel de découverte réservé\",\"Questions\":[\"reczBLconKqCBbM7L\",\"recICq5F6bjW3gg4Y\",\"recVI2Xroi3F7gajR\",\"recNk9Zn7CTIQzOyr\",\"receiIq9tYcTjRovz\"],\"AgentsIds\":[\"recCWyXh0NLw7zBfB\"],\"Description\":\"Première prise de contact "}
[2026-06-18 21:35:52] [DEBUG] Champs premier type brut {"fields":{"AgentId (from AgentsIds)":["camille"],"Order":1,"TypeId":"decouverte","PlanningStatus":"Appel de découverte réservé","Questions":["reczBLconKqCBbM7L","recICq5F6bjW3gg4Y","recVI2Xroi3F7gajR","recNk9Zn7CTIQzOyr","receiIq9tYcTjRovz"],"AgentsIds":["recCWyXh0NLw7zBfB"],"Description":"Première prise de contact et analyse de vos besoins","Color":"#7c3aed","Label":"Appel Découverte GuestLucky","Icon":"💬","Duration":30}}
[2026-06-18 21:35:52] [INFO] Types filtrés {"brut":6,"actifs":4}
[2026-06-18 21:35:52] [INFO] Airtable GET {"url":"https://api.airtable.com/v0/appaugs4hsh3iObQG/tbls6HegQyAgFGWIH"}
[2026-06-18 21:35:52] [INFO] Airtable réponse {"http_code":200,"records":20,"error":null,"raw_preview":"{\"records\":[{\"id\":\"rec0H41i2V8jHzPsv\",\"createdTime\":\"2026-05-21T20:46:06.000Z\",\"fields\":{\"Question\":\"Quel outil utilisez-vous actuellement ?\",\"TypeId RecordID\":\"rec0H41i2V8jHzPsv\",\"Required\":true,\"FieldType\":\"single_choice\",\"Order\":2,\"Options\":\"SuperHote, Smoobu, Hostaway, Lodgify, Aucun, Autre\",\"MeetingTypes\":[\"reccrUdSb62CwjgdQ\"],\"TypeId\":[\"demo\"]}},{\"id\":\"rec46qcr9aIeN0kuP\",\"createdTime\":\"2026-"}
[2026-06-18 21:35:52] [INFO] Questions fetch {"count":20}
[2026-06-18 21:35:52] [INFO] Réponse finale {"agents":3,"meetingTypes":4}
[2026-06-18 22:12:51] [INFO] ───── Requête entrante ───── {"method":"GET","origin":"(none)","ip":"74.7.228.200","base_id":"appaugs4hsh3iObQG","tbl_agents":"tblrGsVbuPfuiYOtd","tbl_types":"tblKwoh1rbbOReA4e","token_hint":"patYRHbITQYMjt..."}
[2026-06-18 22:12:51] [INFO] Cache MISS — appel Airtable
[2026-06-18 22:12:51] [INFO] Airtable GET {"url":"https://api.airtable.com/v0/appaugs4hsh3iObQG/tblrGsVbuPfuiYOtd"}
[2026-06-18 22:12:53] [INFO] Airtable réponse {"http_code":200,"records":5,"error":null,"raw_preview":"{\"records\":[{\"id\":\"recCWyXh0NLw7zBfB\",\"createdTime\":\"2026-05-21T08:59:51.000Z\",\"fields\":{\"GoogleCalendarId\":\"a4f7a1684f155203185ea0459877db39f3df2778c6c563d3bdf0241fa90d7dd8@group.calendar.google.com\",\"Color\":\"#4f46e5\",\"MeetingTypes\":[\"rec45V8lwzABhzxnj\",\"reccrUdSb62CwjgdQ\",\"rec6UyAv7rbmTvmHo\"],\"WorkEnd\":18,\"Active\":true,\"WorkDays\":[\"0\",\"1\",\"2\",\"3\",\"4\",\"5\",\"6\"],\"WorkStart\":9,\"Email\":\"camillefauvea"}
[2026-06-18 22:12:53] [DEBUG] Champs premier agent brut {"fields":{"GoogleCalendarId":"a4f7a1684f155203185ea0459877db39f3df2778c6c563d3bdf0241fa90d7dd8@group.calendar.google.com","Color":"#4f46e5","MeetingTypes":["rec45V8lwzABhzxnj","reccrUdSb62CwjgdQ","rec6UyAv7rbmTvmHo"],"WorkEnd":18,"Active":true,"WorkDays":["0","1","2","3","4","5","6"],"WorkStart":9,"Email":"camillefauveau.service@gmail.com","Name":"Camille Fauveau","Role":"Ventes & Partenariats","AgentId":"camille"}}
[2026-06-18 22:12:53] [INFO] Agents filtrés {"brut":5,"actifs":3}
[2026-06-18 22:12:53] [INFO] Airtable GET {"url":"https://api.airtable.com/v0/appaugs4hsh3iObQG/tblKwoh1rbbOReA4e"}
[2026-06-18 22:12:54] [INFO] Airtable réponse {"http_code":200,"records":6,"error":null,"raw_preview":"{\"records\":[{\"id\":\"rec45V8lwzABhzxnj\",\"createdTime\":\"2026-05-21T09:00:31.000Z\",\"fields\":{\"AgentId (from AgentsIds)\":[\"camille\"],\"Order\":1,\"TypeId\":\"decouverte\",\"PlanningStatus\":\"Appel de découverte réservé\",\"Questions\":[\"reczBLconKqCBbM7L\",\"recICq5F6bjW3gg4Y\",\"recVI2Xroi3F7gajR\",\"recNk9Zn7CTIQzOyr\",\"receiIq9tYcTjRovz\"],\"AgentsIds\":[\"recCWyXh0NLw7zBfB\"],\"Description\":\"Première prise de contact "}
[2026-06-18 22:12:54] [DEBUG] Champs premier type brut {"fields":{"AgentId (from AgentsIds)":["camille"],"Order":1,"TypeId":"decouverte","PlanningStatus":"Appel de découverte réservé","Questions":["reczBLconKqCBbM7L","recICq5F6bjW3gg4Y","recVI2Xroi3F7gajR","recNk9Zn7CTIQzOyr","receiIq9tYcTjRovz"],"AgentsIds":["recCWyXh0NLw7zBfB"],"Description":"Première prise de contact et analyse de vos besoins","Color":"#7c3aed","Label":"Appel Découverte GuestLucky","Icon":"💬","Duration":30}}
[2026-06-18 22:12:54] [INFO] Types filtrés {"brut":6,"actifs":4}
[2026-06-18 22:12:54] [INFO] Airtable GET {"url":"https://api.airtable.com/v0/appaugs4hsh3iObQG/tbls6HegQyAgFGWIH"}
[2026-06-18 22:12:54] [INFO] Airtable réponse {"http_code":200,"records":20,"error":null,"raw_preview":"{\"records\":[{\"id\":\"rec0H41i2V8jHzPsv\",\"createdTime\":\"2026-05-21T20:46:06.000Z\",\"fields\":{\"Question\":\"Quel outil utilisez-vous actuellement ?\",\"TypeId RecordID\":\"rec0H41i2V8jHzPsv\",\"Required\":true,\"FieldType\":\"single_choice\",\"Order\":2,\"Options\":\"SuperHote, Smoobu, Hostaway, Lodgify, Aucun, Autre\",\"MeetingTypes\":[\"reccrUdSb62CwjgdQ\"],\"TypeId\":[\"demo\"]}},{\"id\":\"rec46qcr9aIeN0kuP\",\"createdTime\":\"2026-"}
[2026-06-18 22:12:54] [INFO] Questions fetch {"count":20}
[2026-06-18 22:12:54] [INFO] Réponse finale {"agents":3,"meetingTypes":4}
[2026-06-18 23:23:18] [INFO] ───── Requête entrante ───── {"method":"GET","origin":"(none)","ip":"66.249.92.41","base_id":"appaugs4hsh3iObQG","tbl_agents":"tblrGsVbuPfuiYOtd","tbl_types":"tblKwoh1rbbOReA4e","token_hint":"patYRHbITQYMjt..."}
[2026-06-18 23:23:18] [INFO] Cache MISS — appel Airtable
[2026-06-18 23:23:18] [INFO] Airtable GET {"url":"https://api.airtable.com/v0/appaugs4hsh3iObQG/tblrGsVbuPfuiYOtd"}
[2026-06-18 23:23:21] [INFO] Airtable réponse {"http_code":200,"records":5,"error":null,"raw_preview":"{\"records\":[{\"id\":\"recCWyXh0NLw7zBfB\",\"createdTime\":\"2026-05-21T08:59:51.000Z\",\"fields\":{\"GoogleCalendarId\":\"a4f7a1684f155203185ea0459877db39f3df2778c6c563d3bdf0241fa90d7dd8@group.calendar.google.com\",\"Color\":\"#4f46e5\",\"MeetingTypes\":[\"rec45V8lwzABhzxnj\",\"reccrUdSb62CwjgdQ\",\"rec6UyAv7rbmTvmHo\"],\"WorkEnd\":18,\"Active\":true,\"WorkDays\":[\"0\",\"1\",\"2\",\"3\",\"4\",\"5\",\"6\"],\"WorkStart\":9,\"Email\":\"camillefauvea"}
[2026-06-18 23:23:21] [DEBUG] Champs premier agent brut {"fields":{"GoogleCalendarId":"a4f7a1684f155203185ea0459877db39f3df2778c6c563d3bdf0241fa90d7dd8@group.calendar.google.com","Color":"#4f46e5","MeetingTypes":["rec45V8lwzABhzxnj","reccrUdSb62CwjgdQ","rec6UyAv7rbmTvmHo"],"WorkEnd":18,"Active":true,"WorkDays":["0","1","2","3","4","5","6"],"WorkStart":9,"Email":"camillefauveau.service@gmail.com","Name":"Camille Fauveau","Role":"Ventes & Partenariats","AgentId":"camille"}}
[2026-06-18 23:23:21] [INFO] Agents filtrés {"brut":5,"actifs":3}
[2026-06-18 23:23:21] [INFO] Airtable GET {"url":"https://api.airtable.com/v0/appaugs4hsh3iObQG/tblKwoh1rbbOReA4e"}
[2026-06-18 23:23:21] [INFO] Airtable réponse {"http_code":200,"records":6,"error":null,"raw_preview":"{\"records\":[{\"id\":\"rec45V8lwzABhzxnj\",\"createdTime\":\"2026-05-21T09:00:31.000Z\",\"fields\":{\"AgentId (from AgentsIds)\":[\"camille\"],\"Order\":1,\"TypeId\":\"decouverte\",\"PlanningStatus\":\"Appel de découverte réservé\",\"Questions\":[\"reczBLconKqCBbM7L\",\"recICq5F6bjW3gg4Y\",\"recVI2Xroi3F7gajR\",\"recNk9Zn7CTIQzOyr\",\"receiIq9tYcTjRovz\"],\"AgentsIds\":[\"recCWyXh0NLw7zBfB\"],\"Description\":\"Première prise de contact "}
[2026-06-18 23:23:21] [DEBUG] Champs premier type brut {"fields":{"AgentId (from AgentsIds)":["camille"],"Order":1,"TypeId":"decouverte","PlanningStatus":"Appel de découverte réservé","Questions":["reczBLconKqCBbM7L","recICq5F6bjW3gg4Y","recVI2Xroi3F7gajR","recNk9Zn7CTIQzOyr","receiIq9tYcTjRovz"],"AgentsIds":["recCWyXh0NLw7zBfB"],"Description":"Première prise de contact et analyse de vos besoins","Color":"#7c3aed","Label":"Appel Découverte GuestLucky","Icon":"💬","Duration":30}}
[2026-06-18 23:23:21] [INFO] Types filtrés {"brut":6,"actifs":4}
[2026-06-18 23:23:21] [INFO] Airtable GET {"url":"https://api.airtable.com/v0/appaugs4hsh3iObQG/tbls6HegQyAgFGWIH"}
[2026-06-18 23:23:21] [INFO] Airtable réponse {"http_code":200,"records":20,"error":null,"raw_preview":"{\"records\":[{\"id\":\"rec0H41i2V8jHzPsv\",\"createdTime\":\"2026-05-21T20:46:06.000Z\",\"fields\":{\"Question\":\"Quel outil utilisez-vous actuellement ?\",\"TypeId RecordID\":\"rec0H41i2V8jHzPsv\",\"Required\":true,\"FieldType\":\"single_choice\",\"Order\":2,\"Options\":\"SuperHote, Smoobu, Hostaway, Lodgify, Aucun, Autre\",\"MeetingTypes\":[\"reccrUdSb62CwjgdQ\"],\"TypeId\":[\"demo\"]}},{\"id\":\"rec46qcr9aIeN0kuP\",\"createdTime\":\"2026-"}
[2026-06-18 23:23:21] [INFO] Questions fetch {"count":20}
[2026-06-18 23:23:21] [INFO] Réponse finale {"agents":3,"meetingTypes":4}
[2026-06-19 00:44:25] [INFO] ───── Requête entrante ───── {"method":"GET","origin":"(none)","ip":"89.89.51.13","base_id":"appaugs4hsh3iObQG","tbl_agents":"tblrGsVbuPfuiYOtd","tbl_types":"tblKwoh1rbbOReA4e","token_hint":"patYRHbITQYMjt..."}
[2026-06-19 00:44:25] [INFO] Cache MISS — appel Airtable
[2026-06-19 00:44:25] [INFO] Airtable GET {"url":"https://api.airtable.com/v0/appaugs4hsh3iObQG/tblrGsVbuPfuiYOtd"}
[2026-06-19 00:44:27] [INFO] Airtable réponse {"http_code":200,"records":5,"error":null,"raw_preview":"{\"records\":[{\"id\":\"recCWyXh0NLw7zBfB\",\"createdTime\":\"2026-05-21T08:59:51.000Z\",\"fields\":{\"GoogleCalendarId\":\"a4f7a1684f155203185ea0459877db39f3df2778c6c563d3bdf0241fa90d7dd8@group.calendar.google.com\",\"Color\":\"#4f46e5\",\"MeetingTypes\":[\"rec45V8lwzABhzxnj\",\"reccrUdSb62CwjgdQ\",\"rec6UyAv7rbmTvmHo\"],\"WorkEnd\":18,\"Active\":true,\"WorkDays\":[\"0\",\"1\",\"2\",\"3\",\"4\",\"5\",\"6\"],\"WorkStart\":9,\"Email\":\"camillefauvea"}
[2026-06-19 00:44:27] [DEBUG] Champs premier agent brut {"fields":{"GoogleCalendarId":"a4f7a1684f155203185ea0459877db39f3df2778c6c563d3bdf0241fa90d7dd8@group.calendar.google.com","Color":"#4f46e5","MeetingTypes":["rec45V8lwzABhzxnj","reccrUdSb62CwjgdQ","rec6UyAv7rbmTvmHo"],"WorkEnd":18,"Active":true,"WorkDays":["0","1","2","3","4","5","6"],"WorkStart":9,"Email":"camillefauveau.service@gmail.com","Name":"Camille Fauveau","Role":"Ventes & Partenariats","AgentId":"camille"}}
[2026-06-19 00:44:27] [INFO] Agents filtrés {"brut":5,"actifs":3}
[2026-06-19 00:44:27] [INFO] Airtable GET {"url":"https://api.airtable.com/v0/appaugs4hsh3iObQG/tblKwoh1rbbOReA4e"}
[2026-06-19 00:44:27] [INFO] Airtable réponse {"http_code":200,"records":6,"error":null,"raw_preview":"{\"records\":[{\"id\":\"rec45V8lwzABhzxnj\",\"createdTime\":\"2026-05-21T09:00:31.000Z\",\"fields\":{\"AgentId (from AgentsIds)\":[\"camille\"],\"Order\":1,\"TypeId\":\"decouverte\",\"PlanningStatus\":\"Appel de découverte réservé\",\"Questions\":[\"reczBLconKqCBbM7L\",\"recICq5F6bjW3gg4Y\",\"recVI2Xroi3F7gajR\",\"recNk9Zn7CTIQzOyr\",\"receiIq9tYcTjRovz\"],\"AgentsIds\":[\"recCWyXh0NLw7zBfB\"],\"Description\":\"Première prise de contact "}
[2026-06-19 00:44:27] [DEBUG] Champs premier type brut {"fields":{"AgentId (from AgentsIds)":["camille"],"Order":1,"TypeId":"decouverte","PlanningStatus":"Appel de découverte réservé","Questions":["reczBLconKqCBbM7L","recICq5F6bjW3gg4Y","recVI2Xroi3F7gajR","recNk9Zn7CTIQzOyr","receiIq9tYcTjRovz"],"AgentsIds":["recCWyXh0NLw7zBfB"],"Description":"Première prise de contact et analyse de vos besoins","Color":"#7c3aed","Label":"Appel Découverte GuestLucky","Icon":"💬","Duration":30}}
[2026-06-19 00:44:27] [INFO] Types filtrés {"brut":6,"actifs":4}
[2026-06-19 00:44:27] [INFO] Airtable GET {"url":"https://api.airtable.com/v0/appaugs4hsh3iObQG/tbls6HegQyAgFGWIH"}
[2026-06-19 00:44:28] [INFO] Airtable réponse {"http_code":200,"records":20,"error":null,"raw_preview":"{\"records\":[{\"id\":\"rec0H41i2V8jHzPsv\",\"createdTime\":\"2026-05-21T20:46:06.000Z\",\"fields\":{\"Question\":\"Quel outil utilisez-vous actuellement ?\",\"TypeId RecordID\":\"rec0H41i2V8jHzPsv\",\"Required\":true,\"FieldType\":\"single_choice\",\"Order\":2,\"Options\":\"SuperHote, Smoobu, Hostaway, Lodgify, Aucun, Autre\",\"MeetingTypes\":[\"reccrUdSb62CwjgdQ\"],\"TypeId\":[\"demo\"]}},{\"id\":\"rec46qcr9aIeN0kuP\",\"createdTime\":\"2026-"}
[2026-06-19 00:44:28] [INFO] Questions fetch {"count":20}
[2026-06-19 00:44:28] [INFO] Réponse finale {"agents":3,"meetingTypes":4}
[2026-06-19 06:17:31] [INFO] ───── Requête entrante ───── {"method":"GET","origin":"(none)","ip":"213.55.196.174","base_id":"appaugs4hsh3iObQG","tbl_agents":"tblrGsVbuPfuiYOtd","tbl_types":"tblKwoh1rbbOReA4e","token_hint":"patYRHbITQYMjt..."}
[2026-06-19 06:17:31] [INFO] Cache MISS — appel Airtable
[2026-06-19 06:17:31] [INFO] Airtable GET {"url":"https://api.airtable.com/v0/appaugs4hsh3iObQG/tblrGsVbuPfuiYOtd"}
[2026-06-19 06:17:34] [INFO] Airtable réponse {"http_code":200,"records":5,"error":null,"raw_preview":"{\"records\":[{\"id\":\"recCWyXh0NLw7zBfB\",\"createdTime\":\"2026-05-21T08:59:51.000Z\",\"fields\":{\"GoogleCalendarId\":\"a4f7a1684f155203185ea0459877db39f3df2778c6c563d3bdf0241fa90d7dd8@group.calendar.google.com\",\"Color\":\"#4f46e5\",\"MeetingTypes\":[\"rec45V8lwzABhzxnj\",\"reccrUdSb62CwjgdQ\",\"rec6UyAv7rbmTvmHo\"],\"WorkEnd\":18,\"Active\":true,\"WorkDays\":[\"0\",\"1\",\"2\",\"3\",\"4\",\"5\",\"6\"],\"WorkStart\":9,\"Email\":\"camillefauvea"}
[2026-06-19 06:17:34] [DEBUG] Champs premier agent brut {"fields":{"GoogleCalendarId":"a4f7a1684f155203185ea0459877db39f3df2778c6c563d3bdf0241fa90d7dd8@group.calendar.google.com","Color":"#4f46e5","MeetingTypes":["rec45V8lwzABhzxnj","reccrUdSb62CwjgdQ","rec6UyAv7rbmTvmHo"],"WorkEnd":18,"Active":true,"WorkDays":["0","1","2","3","4","5","6"],"WorkStart":9,"Email":"camillefauveau.service@gmail.com","Name":"Camille Fauveau","Role":"Ventes & Partenariats","AgentId":"camille"}}
[2026-06-19 06:17:34] [INFO] Agents filtrés {"brut":5,"actifs":3}
[2026-06-19 06:17:34] [INFO] Airtable GET {"url":"https://api.airtable.com/v0/appaugs4hsh3iObQG/tblKwoh1rbbOReA4e"}
[2026-06-19 06:17:34] [INFO] Airtable réponse {"http_code":200,"records":6,"error":null,"raw_preview":"{\"records\":[{\"id\":\"rec45V8lwzABhzxnj\",\"createdTime\":\"2026-05-21T09:00:31.000Z\",\"fields\":{\"AgentId (from AgentsIds)\":[\"camille\"],\"Order\":1,\"TypeId\":\"decouverte\",\"PlanningStatus\":\"Appel de découverte réservé\",\"Questions\":[\"reczBLconKqCBbM7L\",\"recICq5F6bjW3gg4Y\",\"recVI2Xroi3F7gajR\",\"recNk9Zn7CTIQzOyr\",\"receiIq9tYcTjRovz\"],\"AgentsIds\":[\"recCWyXh0NLw7zBfB\"],\"Description\":\"Première prise de contact "}
[2026-06-19 06:17:34] [DEBUG] Champs premier type brut {"fields":{"AgentId (from AgentsIds)":["camille"],"Order":1,"TypeId":"decouverte","PlanningStatus":"Appel de découverte réservé","Questions":["reczBLconKqCBbM7L","recICq5F6bjW3gg4Y","recVI2Xroi3F7gajR","recNk9Zn7CTIQzOyr","receiIq9tYcTjRovz"],"AgentsIds":["recCWyXh0NLw7zBfB"],"Description":"Première prise de contact et analyse de vos besoins","Color":"#7c3aed","Label":"Appel Découverte GuestLucky","Icon":"💬","Duration":30}}
[2026-06-19 06:17:34] [INFO] Types filtrés {"brut":6,"actifs":4}
[2026-06-19 06:17:34] [INFO] Airtable GET {"url":"https://api.airtable.com/v0/appaugs4hsh3iObQG/tbls6HegQyAgFGWIH"}
[2026-06-19 06:17:34] [INFO] Airtable réponse {"http_code":200,"records":20,"error":null,"raw_preview":"{\"records\":[{\"id\":\"rec0H41i2V8jHzPsv\",\"createdTime\":\"2026-05-21T20:46:06.000Z\",\"fields\":{\"Question\":\"Quel outil utilisez-vous actuellement ?\",\"TypeId RecordID\":\"rec0H41i2V8jHzPsv\",\"Required\":true,\"FieldType\":\"single_choice\",\"Order\":2,\"Options\":\"SuperHote, Smoobu, Hostaway, Lodgify, Aucun, Autre\",\"MeetingTypes\":[\"reccrUdSb62CwjgdQ\"],\"TypeId\":[\"demo\"]}},{\"id\":\"rec46qcr9aIeN0kuP\",\"createdTime\":\"2026-"}
[2026-06-19 06:17:34] [INFO] Questions fetch {"count":20}
[2026-06-19 06:17:34] [INFO] Réponse finale {"agents":3,"meetingTypes":4}
[2026-06-19 06:33:11] [INFO] ───── Requête entrante ───── {"method":"GET","origin":"(none)","ip":"37.8.161.129","base_id":"appaugs4hsh3iObQG","tbl_agents":"tblrGsVbuPfuiYOtd","tbl_types":"tblKwoh1rbbOReA4e","token_hint":"patYRHbITQYMjt..."}
[2026-06-19 06:33:11] [INFO] Cache MISS — appel Airtable
[2026-06-19 06:33:11] [INFO] Airtable GET {"url":"https://api.airtable.com/v0/appaugs4hsh3iObQG/tblrGsVbuPfuiYOtd"}
[2026-06-19 06:33:14] [INFO] Airtable réponse {"http_code":200,"records":5,"error":null,"raw_preview":"{\"records\":[{\"id\":\"recCWyXh0NLw7zBfB\",\"createdTime\":\"2026-05-21T08:59:51.000Z\",\"fields\":{\"GoogleCalendarId\":\"a4f7a1684f155203185ea0459877db39f3df2778c6c563d3bdf0241fa90d7dd8@group.calendar.google.com\",\"Color\":\"#4f46e5\",\"MeetingTypes\":[\"rec45V8lwzABhzxnj\",\"reccrUdSb62CwjgdQ\",\"rec6UyAv7rbmTvmHo\"],\"WorkEnd\":18,\"Active\":true,\"WorkDays\":[\"0\",\"1\",\"2\",\"3\",\"4\",\"5\",\"6\"],\"WorkStart\":9,\"Email\":\"camillefauvea"}
[2026-06-19 06:33:14] [DEBUG] Champs premier agent brut {"fields":{"GoogleCalendarId":"a4f7a1684f155203185ea0459877db39f3df2778c6c563d3bdf0241fa90d7dd8@group.calendar.google.com","Color":"#4f46e5","MeetingTypes":["rec45V8lwzABhzxnj","reccrUdSb62CwjgdQ","rec6UyAv7rbmTvmHo"],"WorkEnd":18,"Active":true,"WorkDays":["0","1","2","3","4","5","6"],"WorkStart":9,"Email":"camillefauveau.service@gmail.com","Name":"Camille Fauveau","Role":"Ventes & Partenariats","AgentId":"camille"}}
[2026-06-19 06:33:14] [INFO] Agents filtrés {"brut":5,"actifs":3}
[2026-06-19 06:33:14] [INFO] Airtable GET {"url":"https://api.airtable.com/v0/appaugs4hsh3iObQG/tblKwoh1rbbOReA4e"}
[2026-06-19 06:33:14] [INFO] Airtable réponse {"http_code":200,"records":6,"error":null,"raw_preview":"{\"records\":[{\"id\":\"rec45V8lwzABhzxnj\",\"createdTime\":\"2026-05-21T09:00:31.000Z\",\"fields\":{\"AgentId (from AgentsIds)\":[\"camille\"],\"Order\":1,\"TypeId\":\"decouverte\",\"PlanningStatus\":\"Appel de découverte réservé\",\"Questions\":[\"reczBLconKqCBbM7L\",\"recICq5F6bjW3gg4Y\",\"recVI2Xroi3F7gajR\",\"recNk9Zn7CTIQzOyr\",\"receiIq9tYcTjRovz\"],\"AgentsIds\":[\"recCWyXh0NLw7zBfB\"],\"Description\":\"Première prise de contact "}
[2026-06-19 06:33:14] [DEBUG] Champs premier type brut {"fields":{"AgentId (from AgentsIds)":["camille"],"Order":1,"TypeId":"decouverte","PlanningStatus":"Appel de découverte réservé","Questions":["reczBLconKqCBbM7L","recICq5F6bjW3gg4Y","recVI2Xroi3F7gajR","recNk9Zn7CTIQzOyr","receiIq9tYcTjRovz"],"AgentsIds":["recCWyXh0NLw7zBfB"],"Description":"Première prise de contact et analyse de vos besoins","Color":"#7c3aed","Label":"Appel Découverte GuestLucky","Icon":"💬","Duration":30}}
[2026-06-19 06:33:14] [INFO] Types filtrés {"brut":6,"actifs":4}
[2026-06-19 06:33:14] [INFO] Airtable GET {"url":"https://api.airtable.com/v0/appaugs4hsh3iObQG/tbls6HegQyAgFGWIH"}
[2026-06-19 06:33:14] [INFO] Airtable réponse {"http_code":200,"records":20,"error":null,"raw_preview":"{\"records\":[{\"id\":\"rec0H41i2V8jHzPsv\",\"createdTime\":\"2026-05-21T20:46:06.000Z\",\"fields\":{\"Question\":\"Quel outil utilisez-vous actuellement ?\",\"TypeId RecordID\":\"rec0H41i2V8jHzPsv\",\"Required\":true,\"FieldType\":\"single_choice\",\"Order\":2,\"Options\":\"SuperHote, Smoobu, Hostaway, Lodgify, Aucun, Autre\",\"MeetingTypes\":[\"reccrUdSb62CwjgdQ\"],\"TypeId\":[\"demo\"]}},{\"id\":\"rec46qcr9aIeN0kuP\",\"createdTime\":\"2026-"}
[2026-06-19 06:33:14] [INFO] Questions fetch {"count":20}
[2026-06-19 06:33:14] [INFO] Réponse finale {"agents":3,"meetingTypes":4}
[2026-06-19 07:24:29] [INFO] ───── Requête entrante ───── {"method":"GET","origin":"(none)","ip":"45.152.47.87","base_id":"appaugs4hsh3iObQG","tbl_agents":"tblrGsVbuPfuiYOtd","tbl_types":"tblKwoh1rbbOReA4e","token_hint":"patYRHbITQYMjt..."}
[2026-06-19 07:24:29] [INFO] Cache MISS — appel Airtable
[2026-06-19 07:24:29] [INFO] Airtable GET {"url":"https://api.airtable.com/v0/appaugs4hsh3iObQG/tblrGsVbuPfuiYOtd"}
[2026-06-19 07:24:31] [INFO] Airtable réponse {"http_code":200,"records":5,"error":null,"raw_preview":"{\"records\":[{\"id\":\"recCWyXh0NLw7zBfB\",\"createdTime\":\"2026-05-21T08:59:51.000Z\",\"fields\":{\"GoogleCalendarId\":\"a4f7a1684f155203185ea0459877db39f3df2778c6c563d3bdf0241fa90d7dd8@group.calendar.google.com\",\"Color\":\"#4f46e5\",\"MeetingTypes\":[\"rec45V8lwzABhzxnj\",\"reccrUdSb62CwjgdQ\",\"rec6UyAv7rbmTvmHo\"],\"WorkEnd\":18,\"Active\":true,\"WorkDays\":[\"0\",\"1\",\"2\",\"3\",\"4\",\"5\",\"6\"],\"WorkStart\":9,\"Email\":\"camillefauvea"}
[2026-06-19 07:24:31] [DEBUG] Champs premier agent brut {"fields":{"GoogleCalendarId":"a4f7a1684f155203185ea0459877db39f3df2778c6c563d3bdf0241fa90d7dd8@group.calendar.google.com","Color":"#4f46e5","MeetingTypes":["rec45V8lwzABhzxnj","reccrUdSb62CwjgdQ","rec6UyAv7rbmTvmHo"],"WorkEnd":18,"Active":true,"WorkDays":["0","1","2","3","4","5","6"],"WorkStart":9,"Email":"camillefauveau.service@gmail.com","Name":"Camille Fauveau","Role":"Ventes & Partenariats","AgentId":"camille"}}
[2026-06-19 07:24:31] [INFO] Agents filtrés {"brut":5,"actifs":3}
[2026-06-19 07:24:31] [INFO] Airtable GET {"url":"https://api.airtable.com/v0/appaugs4hsh3iObQG/tblKwoh1rbbOReA4e"}
[2026-06-19 07:24:32] [INFO] Airtable réponse {"http_code":200,"records":6,"error":null,"raw_preview":"{\"records\":[{\"id\":\"rec45V8lwzABhzxnj\",\"createdTime\":\"2026-05-21T09:00:31.000Z\",\"fields\":{\"AgentId (from AgentsIds)\":[\"camille\"],\"Order\":1,\"TypeId\":\"decouverte\",\"PlanningStatus\":\"Appel de découverte réservé\",\"Questions\":[\"reczBLconKqCBbM7L\",\"recICq5F6bjW3gg4Y\",\"recVI2Xroi3F7gajR\",\"recNk9Zn7CTIQzOyr\",\"receiIq9tYcTjRovz\"],\"AgentsIds\":[\"recCWyXh0NLw7zBfB\"],\"Description\":\"Première prise de contact "}
[2026-06-19 07:24:32] [DEBUG] Champs premier type brut {"fields":{"AgentId (from AgentsIds)":["camille"],"Order":1,"TypeId":"decouverte","PlanningStatus":"Appel de découverte réservé","Questions":["reczBLconKqCBbM7L","recICq5F6bjW3gg4Y","recVI2Xroi3F7gajR","recNk9Zn7CTIQzOyr","receiIq9tYcTjRovz"],"AgentsIds":["recCWyXh0NLw7zBfB"],"Description":"Première prise de contact et analyse de vos besoins","Color":"#7c3aed","Label":"Appel Découverte GuestLucky","Icon":"💬","Duration":30}}
[2026-06-19 07:24:32] [INFO] Types filtrés {"brut":6,"actifs":4}
[2026-06-19 07:24:32] [INFO] Airtable GET {"url":"https://api.airtable.com/v0/appaugs4hsh3iObQG/tbls6HegQyAgFGWIH"}
[2026-06-19 07:24:32] [INFO] Airtable réponse {"http_code":200,"records":20,"error":null,"raw_preview":"{\"records\":[{\"id\":\"rec0H41i2V8jHzPsv\",\"createdTime\":\"2026-05-21T20:46:06.000Z\",\"fields\":{\"Question\":\"Quel outil utilisez-vous actuellement ?\",\"TypeId RecordID\":\"rec0H41i2V8jHzPsv\",\"Required\":true,\"FieldType\":\"single_choice\",\"Order\":2,\"Options\":\"SuperHote, Smoobu, Hostaway, Lodgify, Aucun, Autre\",\"MeetingTypes\":[\"reccrUdSb62CwjgdQ\"],\"TypeId\":[\"demo\"]}},{\"id\":\"rec46qcr9aIeN0kuP\",\"createdTime\":\"2026-"}
[2026-06-19 07:24:32] [INFO] Questions fetch {"count":20}
[2026-06-19 07:24:32] [INFO] Réponse finale {"agents":3,"meetingTypes":4}
[2026-06-19 08:28:57] [INFO] ───── Requête entrante ───── {"method":"GET","origin":"(none)","ip":"45.152.47.91","base_id":"appaugs4hsh3iObQG","tbl_agents":"tblrGsVbuPfuiYOtd","tbl_types":"tblKwoh1rbbOReA4e","token_hint":"patYRHbITQYMjt..."}
[2026-06-19 08:28:57] [INFO] Cache MISS — appel Airtable
[2026-06-19 08:28:57] [INFO] Airtable GET {"url":"https://api.airtable.com/v0/appaugs4hsh3iObQG/tblrGsVbuPfuiYOtd"}
[2026-06-19 08:28:59] [INFO] Airtable réponse {"http_code":200,"records":5,"error":null,"raw_preview":"{\"records\":[{\"id\":\"recCWyXh0NLw7zBfB\",\"createdTime\":\"2026-05-21T08:59:51.000Z\",\"fields\":{\"GoogleCalendarId\":\"a4f7a1684f155203185ea0459877db39f3df2778c6c563d3bdf0241fa90d7dd8@group.calendar.google.com\",\"Color\":\"#4f46e5\",\"MeetingTypes\":[\"rec45V8lwzABhzxnj\",\"reccrUdSb62CwjgdQ\",\"rec6UyAv7rbmTvmHo\"],\"WorkEnd\":18,\"Active\":true,\"WorkDays\":[\"0\",\"1\",\"2\",\"3\",\"4\",\"5\",\"6\"],\"WorkStart\":9,\"Email\":\"camillefauvea"}
[2026-06-19 08:28:59] [DEBUG] Champs premier agent brut {"fields":{"GoogleCalendarId":"a4f7a1684f155203185ea0459877db39f3df2778c6c563d3bdf0241fa90d7dd8@group.calendar.google.com","Color":"#4f46e5","MeetingTypes":["rec45V8lwzABhzxnj","reccrUdSb62CwjgdQ","rec6UyAv7rbmTvmHo"],"WorkEnd":18,"Active":true,"WorkDays":["0","1","2","3","4","5","6"],"WorkStart":9,"Email":"camillefauveau.service@gmail.com","Name":"Camille Fauveau","Role":"Ventes & Partenariats","AgentId":"camille"}}
[2026-06-19 08:28:59] [INFO] Agents filtrés {"brut":5,"actifs":3}
[2026-06-19 08:28:59] [INFO] Airtable GET {"url":"https://api.airtable.com/v0/appaugs4hsh3iObQG/tblKwoh1rbbOReA4e"}
[2026-06-19 08:29:00] [INFO] Airtable réponse {"http_code":200,"records":6,"error":null,"raw_preview":"{\"records\":[{\"id\":\"rec45V8lwzABhzxnj\",\"createdTime\":\"2026-05-21T09:00:31.000Z\",\"fields\":{\"AgentId (from AgentsIds)\":[\"camille\"],\"Order\":1,\"TypeId\":\"decouverte\",\"PlanningStatus\":\"Appel de découverte réservé\",\"Questions\":[\"reczBLconKqCBbM7L\",\"recICq5F6bjW3gg4Y\",\"recVI2Xroi3F7gajR\",\"recNk9Zn7CTIQzOyr\",\"receiIq9tYcTjRovz\"],\"AgentsIds\":[\"recCWyXh0NLw7zBfB\"],\"Description\":\"Première prise de contact "}
[2026-06-19 08:29:00] [DEBUG] Champs premier type brut {"fields":{"AgentId (from AgentsIds)":["camille"],"Order":1,"TypeId":"decouverte","PlanningStatus":"Appel de découverte réservé","Questions":["reczBLconKqCBbM7L","recICq5F6bjW3gg4Y","recVI2Xroi3F7gajR","recNk9Zn7CTIQzOyr","receiIq9tYcTjRovz"],"AgentsIds":["recCWyXh0NLw7zBfB"],"Description":"Première prise de contact et analyse de vos besoins","Color":"#7c3aed","Label":"Appel Découverte GuestLucky","Icon":"💬","Duration":30}}
[2026-06-19 08:29:00] [INFO] Types filtrés {"brut":6,"actifs":4}
[2026-06-19 08:29:00] [INFO] Airtable GET {"url":"https://api.airtable.com/v0/appaugs4hsh3iObQG/tbls6HegQyAgFGWIH"}
[2026-06-19 08:29:00] [INFO] Airtable réponse {"http_code":200,"records":20,"error":null,"raw_preview":"{\"records\":[{\"id\":\"rec0H41i2V8jHzPsv\",\"createdTime\":\"2026-05-21T20:46:06.000Z\",\"fields\":{\"Question\":\"Quel outil utilisez-vous actuellement ?\",\"TypeId RecordID\":\"rec0H41i2V8jHzPsv\",\"Required\":true,\"FieldType\":\"single_choice\",\"Order\":2,\"Options\":\"SuperHote, Smoobu, Hostaway, Lodgify, Aucun, Autre\",\"MeetingTypes\":[\"reccrUdSb62CwjgdQ\"],\"TypeId\":[\"demo\"]}},{\"id\":\"rec46qcr9aIeN0kuP\",\"createdTime\":\"2026-"}
[2026-06-19 08:29:00] [INFO] Questions fetch {"count":20}
[2026-06-19 08:29:00] [INFO] Réponse finale {"agents":3,"meetingTypes":4}
[2026-06-19 09:27:46] [INFO] ───── Requête entrante ───── {"method":"GET","origin":"(none)","ip":"45.152.47.89","base_id":"appaugs4hsh3iObQG","tbl_agents":"tblrGsVbuPfuiYOtd","tbl_types":"tblKwoh1rbbOReA4e","token_hint":"patYRHbITQYMjt..."}
[2026-06-19 09:27:46] [INFO] Cache MISS — appel Airtable
[2026-06-19 09:27:46] [INFO] Airtable GET {"url":"https://api.airtable.com/v0/appaugs4hsh3iObQG/tblrGsVbuPfuiYOtd"}
[2026-06-19 09:27:49] [INFO] Airtable réponse {"http_code":200,"records":5,"error":null,"raw_preview":"{\"records\":[{\"id\":\"recCWyXh0NLw7zBfB\",\"createdTime\":\"2026-05-21T08:59:51.000Z\",\"fields\":{\"GoogleCalendarId\":\"a4f7a1684f155203185ea0459877db39f3df2778c6c563d3bdf0241fa90d7dd8@group.calendar.google.com\",\"Color\":\"#4f46e5\",\"MeetingTypes\":[\"rec45V8lwzABhzxnj\",\"reccrUdSb62CwjgdQ\",\"rec6UyAv7rbmTvmHo\"],\"WorkEnd\":18,\"Active\":true,\"WorkDays\":[\"0\",\"1\",\"2\",\"3\",\"4\",\"5\",\"6\"],\"WorkStart\":9,\"Email\":\"camillefauvea"}
[2026-06-19 09:27:49] [DEBUG] Champs premier agent brut {"fields":{"GoogleCalendarId":"a4f7a1684f155203185ea0459877db39f3df2778c6c563d3bdf0241fa90d7dd8@group.calendar.google.com","Color":"#4f46e5","MeetingTypes":["rec45V8lwzABhzxnj","reccrUdSb62CwjgdQ","rec6UyAv7rbmTvmHo"],"WorkEnd":18,"Active":true,"WorkDays":["0","1","2","3","4","5","6"],"WorkStart":9,"Email":"camillefauveau.service@gmail.com","Name":"Camille Fauveau","Role":"Ventes & Partenariats","AgentId":"camille"}}
[2026-06-19 09:27:49] [INFO] Agents filtrés {"brut":5,"actifs":3}
[2026-06-19 09:27:49] [INFO] Airtable GET {"url":"https://api.airtable.com/v0/appaugs4hsh3iObQG/tblKwoh1rbbOReA4e"}
[2026-06-19 09:27:49] [INFO] Airtable réponse {"http_code":200,"records":6,"error":null,"raw_preview":"{\"records\":[{\"id\":\"rec45V8lwzABhzxnj\",\"createdTime\":\"2026-05-21T09:00:31.000Z\",\"fields\":{\"AgentId (from AgentsIds)\":[\"camille\"],\"Order\":1,\"TypeId\":\"decouverte\",\"PlanningStatus\":\"Appel de découverte réservé\",\"Questions\":[\"reczBLconKqCBbM7L\",\"recICq5F6bjW3gg4Y\",\"recVI2Xroi3F7gajR\",\"recNk9Zn7CTIQzOyr\",\"receiIq9tYcTjRovz\"],\"AgentsIds\":[\"recCWyXh0NLw7zBfB\"],\"Description\":\"Première prise de contact "}
[2026-06-19 09:27:49] [DEBUG] Champs premier type brut {"fields":{"AgentId (from AgentsIds)":["camille"],"Order":1,"TypeId":"decouverte","PlanningStatus":"Appel de découverte réservé","Questions":["reczBLconKqCBbM7L","recICq5F6bjW3gg4Y","recVI2Xroi3F7gajR","recNk9Zn7CTIQzOyr","receiIq9tYcTjRovz"],"AgentsIds":["recCWyXh0NLw7zBfB"],"Description":"Première prise de contact et analyse de vos besoins","Color":"#7c3aed","Label":"Appel Découverte GuestLucky","Icon":"💬","Duration":30}}
[2026-06-19 09:27:49] [INFO] Types filtrés {"brut":6,"actifs":4}
[2026-06-19 09:27:49] [INFO] Airtable GET {"url":"https://api.airtable.com/v0/appaugs4hsh3iObQG/tbls6HegQyAgFGWIH"}
[2026-06-19 09:27:50] [INFO] Airtable réponse {"http_code":200,"records":20,"error":null,"raw_preview":"{\"records\":[{\"id\":\"rec0H41i2V8jHzPsv\",\"createdTime\":\"2026-05-21T20:46:06.000Z\",\"fields\":{\"Question\":\"Quel outil utilisez-vous actuellement ?\",\"TypeId RecordID\":\"rec0H41i2V8jHzPsv\",\"Required\":true,\"FieldType\":\"single_choice\",\"Order\":2,\"Options\":\"SuperHote, Smoobu, Hostaway, Lodgify, Aucun, Autre\",\"MeetingTypes\":[\"reccrUdSb62CwjgdQ\"],\"TypeId\":[\"demo\"]}},{\"id\":\"rec46qcr9aIeN0kuP\",\"createdTime\":\"2026-"}
[2026-06-19 09:27:50] [INFO] Questions fetch {"count":20}
[2026-06-19 09:27:50] [INFO] Réponse finale {"agents":3,"meetingTypes":4}
[2026-06-19 12:29:51] [INFO] ───── Requête entrante ───── {"method":"GET","origin":"(none)","ip":"90.78.172.246","base_id":"appaugs4hsh3iObQG","tbl_agents":"tblrGsVbuPfuiYOtd","tbl_types":"tblKwoh1rbbOReA4e","token_hint":"patYRHbITQYMjt..."}
[2026-06-19 12:29:51] [INFO] Cache MISS — appel Airtable
[2026-06-19 12:29:51] [INFO] Airtable GET {"url":"https://api.airtable.com/v0/appaugs4hsh3iObQG/tblrGsVbuPfuiYOtd"}
[2026-06-19 12:29:53] [INFO] Airtable réponse {"http_code":200,"records":5,"error":null,"raw_preview":"{\"records\":[{\"id\":\"recCWyXh0NLw7zBfB\",\"createdTime\":\"2026-05-21T08:59:51.000Z\",\"fields\":{\"GoogleCalendarId\":\"a4f7a1684f155203185ea0459877db39f3df2778c6c563d3bdf0241fa90d7dd8@group.calendar.google.com\",\"Color\":\"#4f46e5\",\"MeetingTypes\":[\"rec45V8lwzABhzxnj\",\"reccrUdSb62CwjgdQ\",\"rec6UyAv7rbmTvmHo\"],\"WorkEnd\":18,\"Active\":true,\"WorkDays\":[\"0\",\"1\",\"2\",\"3\",\"4\",\"5\",\"6\"],\"WorkStart\":9,\"Email\":\"camillefauvea"}
[2026-06-19 12:29:53] [DEBUG] Champs premier agent brut {"fields":{"GoogleCalendarId":"a4f7a1684f155203185ea0459877db39f3df2778c6c563d3bdf0241fa90d7dd8@group.calendar.google.com","Color":"#4f46e5","MeetingTypes":["rec45V8lwzABhzxnj","reccrUdSb62CwjgdQ","rec6UyAv7rbmTvmHo"],"WorkEnd":18,"Active":true,"WorkDays":["0","1","2","3","4","5","6"],"WorkStart":9,"Email":"camillefauveau.service@gmail.com","Name":"Camille Fauveau","Role":"Ventes & Partenariats","AgentId":"camille"}}
[2026-06-19 12:29:53] [INFO] Agents filtrés {"brut":5,"actifs":3}
[2026-06-19 12:29:53] [INFO] Airtable GET {"url":"https://api.airtable.com/v0/appaugs4hsh3iObQG/tblKwoh1rbbOReA4e"}
[2026-06-19 12:29:54] [INFO] Airtable réponse {"http_code":200,"records":6,"error":null,"raw_preview":"{\"records\":[{\"id\":\"rec45V8lwzABhzxnj\",\"createdTime\":\"2026-05-21T09:00:31.000Z\",\"fields\":{\"AgentId (from AgentsIds)\":[\"camille\"],\"Order\":1,\"TypeId\":\"decouverte\",\"PlanningStatus\":\"Appel de découverte réservé\",\"Questions\":[\"reczBLconKqCBbM7L\",\"recICq5F6bjW3gg4Y\",\"recVI2Xroi3F7gajR\",\"recNk9Zn7CTIQzOyr\",\"receiIq9tYcTjRovz\"],\"AgentsIds\":[\"recCWyXh0NLw7zBfB\"],\"Description\":\"Première prise de contact "}
[2026-06-19 12:29:54] [DEBUG] Champs premier type brut {"fields":{"AgentId (from AgentsIds)":["camille"],"Order":1,"TypeId":"decouverte","PlanningStatus":"Appel de découverte réservé","Questions":["reczBLconKqCBbM7L","recICq5F6bjW3gg4Y","recVI2Xroi3F7gajR","recNk9Zn7CTIQzOyr","receiIq9tYcTjRovz"],"AgentsIds":["recCWyXh0NLw7zBfB"],"Description":"Première prise de contact et analyse de vos besoins","Color":"#7c3aed","Label":"Appel Découverte GuestLucky","Icon":"💬","Duration":30}}
[2026-06-19 12:29:54] [INFO] Types filtrés {"brut":6,"actifs":4}
[2026-06-19 12:29:54] [INFO] Airtable GET {"url":"https://api.airtable.com/v0/appaugs4hsh3iObQG/tbls6HegQyAgFGWIH"}
[2026-06-19 12:29:54] [INFO] Airtable réponse {"http_code":200,"records":20,"error":null,"raw_preview":"{\"records\":[{\"id\":\"rec0H41i2V8jHzPsv\",\"createdTime\":\"2026-05-21T20:46:06.000Z\",\"fields\":{\"Question\":\"Quel outil utilisez-vous actuellement ?\",\"TypeId RecordID\":\"rec0H41i2V8jHzPsv\",\"Required\":true,\"FieldType\":\"single_choice\",\"Order\":2,\"Options\":\"SuperHote, Smoobu, Hostaway, Lodgify, Aucun, Autre\",\"MeetingTypes\":[\"reccrUdSb62CwjgdQ\"],\"TypeId\":[\"demo\"]}},{\"id\":\"rec46qcr9aIeN0kuP\",\"createdTime\":\"2026-"}
[2026-06-19 12:29:54] [INFO] Questions fetch {"count":20}
[2026-06-19 12:29:54] [INFO] Réponse finale {"agents":3,"meetingTypes":4}
[2026-06-19 13:40:49] [INFO] ───── Requête entrante ───── {"method":"GET","origin":"(none)","ip":"90.78.172.246","base_id":"appaugs4hsh3iObQG","tbl_agents":"tblrGsVbuPfuiYOtd","tbl_types":"tblKwoh1rbbOReA4e","token_hint":"patYRHbITQYMjt..."}
[2026-06-19 13:40:49] [INFO] Cache MISS — appel Airtable
[2026-06-19 13:40:49] [INFO] Airtable GET {"url":"https://api.airtable.com/v0/appaugs4hsh3iObQG/tblrGsVbuPfuiYOtd"}
[2026-06-19 13:40:51] [INFO] Airtable réponse {"http_code":200,"records":5,"error":null,"raw_preview":"{\"records\":[{\"id\":\"recCWyXh0NLw7zBfB\",\"createdTime\":\"2026-05-21T08:59:51.000Z\",\"fields\":{\"GoogleCalendarId\":\"a4f7a1684f155203185ea0459877db39f3df2778c6c563d3bdf0241fa90d7dd8@group.calendar.google.com\",\"Color\":\"#4f46e5\",\"MeetingTypes\":[\"rec45V8lwzABhzxnj\",\"reccrUdSb62CwjgdQ\",\"rec6UyAv7rbmTvmHo\"],\"WorkEnd\":18,\"Active\":true,\"WorkDays\":[\"0\",\"1\",\"2\",\"3\",\"4\",\"5\",\"6\"],\"WorkStart\":9,\"Email\":\"camillefauvea"}
[2026-06-19 13:40:51] [DEBUG] Champs premier agent brut {"fields":{"GoogleCalendarId":"a4f7a1684f155203185ea0459877db39f3df2778c6c563d3bdf0241fa90d7dd8@group.calendar.google.com","Color":"#4f46e5","MeetingTypes":["rec45V8lwzABhzxnj","reccrUdSb62CwjgdQ","rec6UyAv7rbmTvmHo"],"WorkEnd":18,"Active":true,"WorkDays":["0","1","2","3","4","5","6"],"WorkStart":9,"Email":"camillefauveau.service@gmail.com","Name":"Camille Fauveau","Role":"Ventes & Partenariats","AgentId":"camille"}}
[2026-06-19 13:40:51] [INFO] Agents filtrés {"brut":5,"actifs":3}
[2026-06-19 13:40:51] [INFO] Airtable GET {"url":"https://api.airtable.com/v0/appaugs4hsh3iObQG/tblKwoh1rbbOReA4e"}
[2026-06-19 13:40:52] [INFO] Airtable réponse {"http_code":200,"records":6,"error":null,"raw_preview":"{\"records\":[{\"id\":\"rec45V8lwzABhzxnj\",\"createdTime\":\"2026-05-21T09:00:31.000Z\",\"fields\":{\"AgentId (from AgentsIds)\":[\"camille\"],\"Order\":1,\"TypeId\":\"decouverte\",\"PlanningStatus\":\"Appel de découverte réservé\",\"Questions\":[\"reczBLconKqCBbM7L\",\"recICq5F6bjW3gg4Y\",\"recVI2Xroi3F7gajR\",\"recNk9Zn7CTIQzOyr\",\"receiIq9tYcTjRovz\"],\"AgentsIds\":[\"recCWyXh0NLw7zBfB\"],\"Description\":\"Première prise de contact "}
[2026-06-19 13:40:52] [DEBUG] Champs premier type brut {"fields":{"AgentId (from AgentsIds)":["camille"],"Order":1,"TypeId":"decouverte","PlanningStatus":"Appel de découverte réservé","Questions":["reczBLconKqCBbM7L","recICq5F6bjW3gg4Y","recVI2Xroi3F7gajR","recNk9Zn7CTIQzOyr","receiIq9tYcTjRovz"],"AgentsIds":["recCWyXh0NLw7zBfB"],"Description":"Première prise de contact et analyse de vos besoins","Color":"#7c3aed","Label":"Appel Découverte GuestLucky","Icon":"💬","Duration":30}}
[2026-06-19 13:40:52] [INFO] Types filtrés {"brut":6,"actifs":4}
[2026-06-19 13:40:52] [INFO] Airtable GET {"url":"https://api.airtable.com/v0/appaugs4hsh3iObQG/tbls6HegQyAgFGWIH"}
[2026-06-19 13:40:52] [INFO] Airtable réponse {"http_code":200,"records":20,"error":null,"raw_preview":"{\"records\":[{\"id\":\"rec0H41i2V8jHzPsv\",\"createdTime\":\"2026-05-21T20:46:06.000Z\",\"fields\":{\"Question\":\"Quel outil utilisez-vous actuellement ?\",\"TypeId RecordID\":\"rec0H41i2V8jHzPsv\",\"Required\":true,\"FieldType\":\"single_choice\",\"Order\":2,\"Options\":\"SuperHote, Smoobu, Hostaway, Lodgify, Aucun, Autre\",\"MeetingTypes\":[\"reccrUdSb62CwjgdQ\"],\"TypeId\":[\"demo\"]}},{\"id\":\"rec46qcr9aIeN0kuP\",\"createdTime\":\"2026-"}
[2026-06-19 13:40:52] [INFO] Questions fetch {"count":20}
[2026-06-19 13:40:52] [INFO] Réponse finale {"agents":3,"meetingTypes":4}
[2026-06-19 13:55:38] [INFO] ───── Requête entrante ───── {"method":"GET","origin":"(none)","ip":"45.152.47.89","base_id":"appaugs4hsh3iObQG","tbl_agents":"tblrGsVbuPfuiYOtd","tbl_types":"tblKwoh1rbbOReA4e","token_hint":"patYRHbITQYMjt..."}
[2026-06-19 13:55:38] [INFO] Cache MISS — appel Airtable
[2026-06-19 13:55:38] [INFO] Airtable GET {"url":"https://api.airtable.com/v0/appaugs4hsh3iObQG/tblrGsVbuPfuiYOtd"}
[2026-06-19 13:55:41] [INFO] Airtable réponse {"http_code":200,"records":5,"error":null,"raw_preview":"{\"records\":[{\"id\":\"recCWyXh0NLw7zBfB\",\"createdTime\":\"2026-05-21T08:59:51.000Z\",\"fields\":{\"GoogleCalendarId\":\"a4f7a1684f155203185ea0459877db39f3df2778c6c563d3bdf0241fa90d7dd8@group.calendar.google.com\",\"Color\":\"#4f46e5\",\"MeetingTypes\":[\"rec45V8lwzABhzxnj\",\"reccrUdSb62CwjgdQ\",\"rec6UyAv7rbmTvmHo\"],\"WorkEnd\":18,\"Active\":true,\"WorkDays\":[\"0\",\"1\",\"2\",\"3\",\"4\",\"5\",\"6\"],\"WorkStart\":9,\"Email\":\"camillefauvea"}
[2026-06-19 13:55:41] [DEBUG] Champs premier agent brut {"fields":{"GoogleCalendarId":"a4f7a1684f155203185ea0459877db39f3df2778c6c563d3bdf0241fa90d7dd8@group.calendar.google.com","Color":"#4f46e5","MeetingTypes":["rec45V8lwzABhzxnj","reccrUdSb62CwjgdQ","rec6UyAv7rbmTvmHo"],"WorkEnd":18,"Active":true,"WorkDays":["0","1","2","3","4","5","6"],"WorkStart":9,"Email":"camillefauveau.service@gmail.com","Name":"Camille Fauveau","Role":"Ventes & Partenariats","AgentId":"camille"}}
[2026-06-19 13:55:41] [INFO] Agents filtrés {"brut":5,"actifs":3}
[2026-06-19 13:55:41] [INFO] Airtable GET {"url":"https://api.airtable.com/v0/appaugs4hsh3iObQG/tblKwoh1rbbOReA4e"}
[2026-06-19 13:55:41] [INFO] Airtable réponse {"http_code":200,"records":6,"error":null,"raw_preview":"{\"records\":[{\"id\":\"rec45V8lwzABhzxnj\",\"createdTime\":\"2026-05-21T09:00:31.000Z\",\"fields\":{\"AgentId (from AgentsIds)\":[\"camille\"],\"Order\":1,\"TypeId\":\"decouverte\",\"PlanningStatus\":\"Appel de découverte réservé\",\"Questions\":[\"reczBLconKqCBbM7L\",\"recICq5F6bjW3gg4Y\",\"recVI2Xroi3F7gajR\",\"recNk9Zn7CTIQzOyr\",\"receiIq9tYcTjRovz\"],\"AgentsIds\":[\"recCWyXh0NLw7zBfB\"],\"Description\":\"Première prise de contact "}
[2026-06-19 13:55:41] [DEBUG] Champs premier type brut {"fields":{"AgentId (from AgentsIds)":["camille"],"Order":1,"TypeId":"decouverte","PlanningStatus":"Appel de découverte réservé","Questions":["reczBLconKqCBbM7L","recICq5F6bjW3gg4Y","recVI2Xroi3F7gajR","recNk9Zn7CTIQzOyr","receiIq9tYcTjRovz"],"AgentsIds":["recCWyXh0NLw7zBfB"],"Description":"Première prise de contact et analyse de vos besoins","Color":"#7c3aed","Label":"Appel Découverte GuestLucky","Icon":"💬","Duration":30}}
[2026-06-19 13:55:41] [INFO] Types filtrés {"brut":6,"actifs":4}
[2026-06-19 13:55:41] [INFO] Airtable GET {"url":"https://api.airtable.com/v0/appaugs4hsh3iObQG/tbls6HegQyAgFGWIH"}
[2026-06-19 13:55:42] [INFO] Airtable réponse {"http_code":200,"records":20,"error":null,"raw_preview":"{\"records\":[{\"id\":\"rec0H41i2V8jHzPsv\",\"createdTime\":\"2026-05-21T20:46:06.000Z\",\"fields\":{\"Question\":\"Quel outil utilisez-vous actuellement ?\",\"TypeId RecordID\":\"rec0H41i2V8jHzPsv\",\"Required\":true,\"FieldType\":\"single_choice\",\"Order\":2,\"Options\":\"SuperHote, Smoobu, Hostaway, Lodgify, Aucun, Autre\",\"MeetingTypes\":[\"reccrUdSb62CwjgdQ\"],\"TypeId\":[\"demo\"]}},{\"id\":\"rec46qcr9aIeN0kuP\",\"createdTime\":\"2026-"}
[2026-06-19 13:55:42] [INFO] Questions fetch {"count":20}
[2026-06-19 13:55:42] [INFO] Réponse finale {"agents":3,"meetingTypes":4}
[2026-06-19 15:23:32] [INFO] ───── Requête entrante ───── {"method":"GET","origin":"(none)","ip":"202.8.41.241","base_id":"appaugs4hsh3iObQG","tbl_agents":"tblrGsVbuPfuiYOtd","tbl_types":"tblKwoh1rbbOReA4e","token_hint":"patYRHbITQYMjt..."}
[2026-06-19 15:23:32] [INFO] Cache MISS — appel Airtable
[2026-06-19 15:23:32] [INFO] Airtable GET {"url":"https://api.airtable.com/v0/appaugs4hsh3iObQG/tblrGsVbuPfuiYOtd"}
[2026-06-19 15:23:35] [INFO] Airtable réponse {"http_code":200,"records":5,"error":null,"raw_preview":"{\"records\":[{\"id\":\"recCWyXh0NLw7zBfB\",\"createdTime\":\"2026-05-21T08:59:51.000Z\",\"fields\":{\"GoogleCalendarId\":\"a4f7a1684f155203185ea0459877db39f3df2778c6c563d3bdf0241fa90d7dd8@group.calendar.google.com\",\"Color\":\"#4f46e5\",\"MeetingTypes\":[\"rec45V8lwzABhzxnj\",\"reccrUdSb62CwjgdQ\",\"rec6UyAv7rbmTvmHo\"],\"WorkEnd\":18,\"Active\":true,\"WorkDays\":[\"0\",\"1\",\"2\",\"3\",\"4\",\"5\",\"6\"],\"WorkStart\":9,\"Email\":\"camillefauvea"}
[2026-06-19 15:23:35] [DEBUG] Champs premier agent brut {"fields":{"GoogleCalendarId":"a4f7a1684f155203185ea0459877db39f3df2778c6c563d3bdf0241fa90d7dd8@group.calendar.google.com","Color":"#4f46e5","MeetingTypes":["rec45V8lwzABhzxnj","reccrUdSb62CwjgdQ","rec6UyAv7rbmTvmHo"],"WorkEnd":18,"Active":true,"WorkDays":["0","1","2","3","4","5","6"],"WorkStart":9,"Email":"camillefauveau.service@gmail.com","Name":"Camille Fauveau","Role":"Ventes & Partenariats","AgentId":"camille"}}
[2026-06-19 15:23:35] [INFO] Agents filtrés {"brut":5,"actifs":3}
[2026-06-19 15:23:35] [INFO] Airtable GET {"url":"https://api.airtable.com/v0/appaugs4hsh3iObQG/tblKwoh1rbbOReA4e"}
[2026-06-19 15:23:35] [INFO] Airtable réponse {"http_code":200,"records":6,"error":null,"raw_preview":"{\"records\":[{\"id\":\"rec45V8lwzABhzxnj\",\"createdTime\":\"2026-05-21T09:00:31.000Z\",\"fields\":{\"AgentId (from AgentsIds)\":[\"camille\"],\"Order\":1,\"TypeId\":\"decouverte\",\"PlanningStatus\":\"Appel de découverte réservé\",\"Questions\":[\"reczBLconKqCBbM7L\",\"recICq5F6bjW3gg4Y\",\"recVI2Xroi3F7gajR\",\"recNk9Zn7CTIQzOyr\",\"receiIq9tYcTjRovz\"],\"AgentsIds\":[\"recCWyXh0NLw7zBfB\"],\"Description\":\"Première prise de contact "}
[2026-06-19 15:23:35] [DEBUG] Champs premier type brut {"fields":{"AgentId (from AgentsIds)":["camille"],"Order":1,"TypeId":"decouverte","PlanningStatus":"Appel de découverte réservé","Questions":["reczBLconKqCBbM7L","recICq5F6bjW3gg4Y","recVI2Xroi3F7gajR","recNk9Zn7CTIQzOyr","receiIq9tYcTjRovz"],"AgentsIds":["recCWyXh0NLw7zBfB"],"Description":"Première prise de contact et analyse de vos besoins","Color":"#7c3aed","Label":"Appel Découverte GuestLucky","Icon":"💬","Duration":30}}
[2026-06-19 15:23:35] [INFO] Types filtrés {"brut":6,"actifs":4}
[2026-06-19 15:23:35] [INFO] Airtable GET {"url":"https://api.airtable.com/v0/appaugs4hsh3iObQG/tbls6HegQyAgFGWIH"}
[2026-06-19 15:23:36] [INFO] Airtable réponse {"http_code":200,"records":20,"error":null,"raw_preview":"{\"records\":[{\"id\":\"rec0H41i2V8jHzPsv\",\"createdTime\":\"2026-05-21T20:46:06.000Z\",\"fields\":{\"Question\":\"Quel outil utilisez-vous actuellement ?\",\"TypeId RecordID\":\"rec0H41i2V8jHzPsv\",\"Required\":true,\"FieldType\":\"single_choice\",\"Order\":2,\"Options\":\"SuperHote, Smoobu, Hostaway, Lodgify, Aucun, Autre\",\"MeetingTypes\":[\"reccrUdSb62CwjgdQ\"],\"TypeId\":[\"demo\"]}},{\"id\":\"rec46qcr9aIeN0kuP\",\"createdTime\":\"2026-"}
[2026-06-19 15:23:36] [INFO] Questions fetch {"count":20}
[2026-06-19 15:23:36] [INFO] Réponse finale {"agents":3,"meetingTypes":4}
[2026-06-19 16:00:41] [INFO] ───── Requête entrante ───── {"method":"GET","origin":"(none)","ip":"82.225.193.61","base_id":"appaugs4hsh3iObQG","tbl_agents":"tblrGsVbuPfuiYOtd","tbl_types":"tblKwoh1rbbOReA4e","token_hint":"patYRHbITQYMjt..."}
[2026-06-19 16:00:41] [INFO] Cache MISS — appel Airtable
[2026-06-19 16:00:41] [INFO] Airtable GET {"url":"https://api.airtable.com/v0/appaugs4hsh3iObQG/tblrGsVbuPfuiYOtd"}
[2026-06-19 16:00:44] [INFO] Airtable réponse {"http_code":200,"records":5,"error":null,"raw_preview":"{\"records\":[{\"id\":\"recCWyXh0NLw7zBfB\",\"createdTime\":\"2026-05-21T08:59:51.000Z\",\"fields\":{\"GoogleCalendarId\":\"a4f7a1684f155203185ea0459877db39f3df2778c6c563d3bdf0241fa90d7dd8@group.calendar.google.com\",\"Color\":\"#4f46e5\",\"MeetingTypes\":[\"rec45V8lwzABhzxnj\",\"reccrUdSb62CwjgdQ\",\"rec6UyAv7rbmTvmHo\"],\"WorkEnd\":18,\"Active\":true,\"WorkDays\":[\"0\",\"1\",\"2\",\"3\",\"4\",\"5\",\"6\"],\"WorkStart\":9,\"Email\":\"camillefauvea"}
[2026-06-19 16:00:44] [DEBUG] Champs premier agent brut {"fields":{"GoogleCalendarId":"a4f7a1684f155203185ea0459877db39f3df2778c6c563d3bdf0241fa90d7dd8@group.calendar.google.com","Color":"#4f46e5","MeetingTypes":["rec45V8lwzABhzxnj","reccrUdSb62CwjgdQ","rec6UyAv7rbmTvmHo"],"WorkEnd":18,"Active":true,"WorkDays":["0","1","2","3","4","5","6"],"WorkStart":9,"Email":"camillefauveau.service@gmail.com","Name":"Camille Fauveau","Role":"Ventes & Partenariats","AgentId":"camille"}}
[2026-06-19 16:00:44] [INFO] Agents filtrés {"brut":5,"actifs":3}
[2026-06-19 16:00:44] [INFO] Airtable GET {"url":"https://api.airtable.com/v0/appaugs4hsh3iObQG/tblKwoh1rbbOReA4e"}
[2026-06-19 16:00:44] [INFO] Airtable réponse {"http_code":200,"records":6,"error":null,"raw_preview":"{\"records\":[{\"id\":\"rec45V8lwzABhzxnj\",\"createdTime\":\"2026-05-21T09:00:31.000Z\",\"fields\":{\"AgentId (from AgentsIds)\":[\"camille\"],\"Order\":1,\"TypeId\":\"decouverte\",\"PlanningStatus\":\"Appel de découverte réservé\",\"Questions\":[\"reczBLconKqCBbM7L\",\"recICq5F6bjW3gg4Y\",\"recVI2Xroi3F7gajR\",\"recNk9Zn7CTIQzOyr\",\"receiIq9tYcTjRovz\"],\"AgentsIds\":[\"recCWyXh0NLw7zBfB\"],\"Description\":\"Première prise de contact "}
[2026-06-19 16:00:44] [DEBUG] Champs premier type brut {"fields":{"AgentId (from AgentsIds)":["camille"],"Order":1,"TypeId":"decouverte","PlanningStatus":"Appel de découverte réservé","Questions":["reczBLconKqCBbM7L","recICq5F6bjW3gg4Y","recVI2Xroi3F7gajR","recNk9Zn7CTIQzOyr","receiIq9tYcTjRovz"],"AgentsIds":["recCWyXh0NLw7zBfB"],"Description":"Première prise de contact et analyse de vos besoins","Color":"#7c3aed","Label":"Appel Découverte GuestLucky","Icon":"💬","Duration":30}}
[2026-06-19 16:00:44] [INFO] Types filtrés {"brut":6,"actifs":4}
[2026-06-19 16:00:44] [INFO] Airtable GET {"url":"https://api.airtable.com/v0/appaugs4hsh3iObQG/tbls6HegQyAgFGWIH"}
[2026-06-19 16:00:45] [INFO] Airtable réponse {"http_code":200,"records":20,"error":null,"raw_preview":"{\"records\":[{\"id\":\"rec0H41i2V8jHzPsv\",\"createdTime\":\"2026-05-21T20:46:06.000Z\",\"fields\":{\"Question\":\"Quel outil utilisez-vous actuellement ?\",\"TypeId RecordID\":\"rec0H41i2V8jHzPsv\",\"Required\":true,\"FieldType\":\"single_choice\",\"Order\":2,\"Options\":\"SuperHote, Smoobu, Hostaway, Lodgify, Aucun, Autre\",\"MeetingTypes\":[\"reccrUdSb62CwjgdQ\"],\"TypeId\":[\"demo\"]}},{\"id\":\"rec46qcr9aIeN0kuP\",\"createdTime\":\"2026-"}
[2026-06-19 16:00:45] [INFO] Questions fetch {"count":20}
[2026-06-19 16:00:45] [INFO] Réponse finale {"agents":3,"meetingTypes":4}
[2026-06-19 16:47:06] [INFO] ───── Requête entrante ───── {"method":"GET","origin":"(none)","ip":"88.187.129.232","base_id":"appaugs4hsh3iObQG","tbl_agents":"tblrGsVbuPfuiYOtd","tbl_types":"tblKwoh1rbbOReA4e","token_hint":"patYRHbITQYMjt..."}
[2026-06-19 16:47:06] [INFO] Cache MISS — appel Airtable
[2026-06-19 16:47:06] [INFO] Airtable GET {"url":"https://api.airtable.com/v0/appaugs4hsh3iObQG/tblrGsVbuPfuiYOtd"}
[2026-06-19 16:47:09] [INFO] Airtable réponse {"http_code":200,"records":5,"error":null,"raw_preview":"{\"records\":[{\"id\":\"recCWyXh0NLw7zBfB\",\"createdTime\":\"2026-05-21T08:59:51.000Z\",\"fields\":{\"GoogleCalendarId\":\"a4f7a1684f155203185ea0459877db39f3df2778c6c563d3bdf0241fa90d7dd8@group.calendar.google.com\",\"Color\":\"#4f46e5\",\"MeetingTypes\":[\"rec45V8lwzABhzxnj\",\"reccrUdSb62CwjgdQ\",\"rec6UyAv7rbmTvmHo\"],\"WorkEnd\":18,\"Active\":true,\"WorkDays\":[\"0\",\"1\",\"2\",\"3\",\"4\",\"5\",\"6\"],\"WorkStart\":9,\"Email\":\"camillefauvea"}
[2026-06-19 16:47:09] [DEBUG] Champs premier agent brut {"fields":{"GoogleCalendarId":"a4f7a1684f155203185ea0459877db39f3df2778c6c563d3bdf0241fa90d7dd8@group.calendar.google.com","Color":"#4f46e5","MeetingTypes":["rec45V8lwzABhzxnj","reccrUdSb62CwjgdQ","rec6UyAv7rbmTvmHo"],"WorkEnd":18,"Active":true,"WorkDays":["0","1","2","3","4","5","6"],"WorkStart":9,"Email":"camillefauveau.service@gmail.com","Name":"Camille Fauveau","Role":"Ventes & Partenariats","AgentId":"camille"}}
[2026-06-19 16:47:09] [INFO] Agents filtrés {"brut":5,"actifs":3}
[2026-06-19 16:47:09] [INFO] Airtable GET {"url":"https://api.airtable.com/v0/appaugs4hsh3iObQG/tblKwoh1rbbOReA4e"}
[2026-06-19 16:47:09] [INFO] Airtable réponse {"http_code":200,"records":6,"error":null,"raw_preview":"{\"records\":[{\"id\":\"rec45V8lwzABhzxnj\",\"createdTime\":\"2026-05-21T09:00:31.000Z\",\"fields\":{\"AgentId (from AgentsIds)\":[\"camille\"],\"Order\":1,\"TypeId\":\"decouverte\",\"PlanningStatus\":\"Appel de découverte réservé\",\"Questions\":[\"reczBLconKqCBbM7L\",\"recICq5F6bjW3gg4Y\",\"recVI2Xroi3F7gajR\",\"recNk9Zn7CTIQzOyr\",\"receiIq9tYcTjRovz\"],\"AgentsIds\":[\"recCWyXh0NLw7zBfB\"],\"Description\":\"Première prise de contact "}
[2026-06-19 16:47:09] [DEBUG] Champs premier type brut {"fields":{"AgentId (from AgentsIds)":["camille"],"Order":1,"TypeId":"decouverte","PlanningStatus":"Appel de découverte réservé","Questions":["reczBLconKqCBbM7L","recICq5F6bjW3gg4Y","recVI2Xroi3F7gajR","recNk9Zn7CTIQzOyr","receiIq9tYcTjRovz"],"AgentsIds":["recCWyXh0NLw7zBfB"],"Description":"Première prise de contact et analyse de vos besoins","Color":"#7c3aed","Label":"Appel Découverte GuestLucky","Icon":"💬","Duration":30}}
[2026-06-19 16:47:09] [INFO] Types filtrés {"brut":6,"actifs":4}
[2026-06-19 16:47:09] [INFO] Airtable GET {"url":"https://api.airtable.com/v0/appaugs4hsh3iObQG/tbls6HegQyAgFGWIH"}
[2026-06-19 16:47:10] [INFO] Airtable réponse {"http_code":200,"records":20,"error":null,"raw_preview":"{\"records\":[{\"id\":\"rec0H41i2V8jHzPsv\",\"createdTime\":\"2026-05-21T20:46:06.000Z\",\"fields\":{\"Question\":\"Quel outil utilisez-vous actuellement ?\",\"TypeId RecordID\":\"rec0H41i2V8jHzPsv\",\"Required\":true,\"FieldType\":\"single_choice\",\"Order\":2,\"Options\":\"SuperHote, Smoobu, Hostaway, Lodgify, Aucun, Autre\",\"MeetingTypes\":[\"reccrUdSb62CwjgdQ\"],\"TypeId\":[\"demo\"]}},{\"id\":\"rec46qcr9aIeN0kuP\",\"createdTime\":\"2026-"}
[2026-06-19 16:47:10] [INFO] Questions fetch {"count":20}
[2026-06-19 16:47:10] [INFO] Réponse finale {"agents":3,"meetingTypes":4}
[2026-06-19 17:14:12] [INFO] ───── Requête entrante ───── {"method":"GET","origin":"(none)","ip":"81.65.181.224","base_id":"appaugs4hsh3iObQG","tbl_agents":"tblrGsVbuPfuiYOtd","tbl_types":"tblKwoh1rbbOReA4e","token_hint":"patYRHbITQYMjt..."}
[2026-06-19 17:14:12] [INFO] Cache MISS — appel Airtable
[2026-06-19 17:14:12] [INFO] Airtable GET {"url":"https://api.airtable.com/v0/appaugs4hsh3iObQG/tblrGsVbuPfuiYOtd"}
[2026-06-19 17:14:14] [INFO] Airtable réponse {"http_code":200,"records":5,"error":null,"raw_preview":"{\"records\":[{\"id\":\"recCWyXh0NLw7zBfB\",\"createdTime\":\"2026-05-21T08:59:51.000Z\",\"fields\":{\"GoogleCalendarId\":\"a4f7a1684f155203185ea0459877db39f3df2778c6c563d3bdf0241fa90d7dd8@group.calendar.google.com\",\"Color\":\"#4f46e5\",\"MeetingTypes\":[\"rec45V8lwzABhzxnj\",\"reccrUdSb62CwjgdQ\",\"rec6UyAv7rbmTvmHo\"],\"WorkEnd\":18,\"Active\":true,\"WorkDays\":[\"0\",\"1\",\"2\",\"3\",\"4\",\"5\",\"6\"],\"WorkStart\":9,\"Email\":\"camillefauvea"}
[2026-06-19 17:14:14] [DEBUG] Champs premier agent brut {"fields":{"GoogleCalendarId":"a4f7a1684f155203185ea0459877db39f3df2778c6c563d3bdf0241fa90d7dd8@group.calendar.google.com","Color":"#4f46e5","MeetingTypes":["rec45V8lwzABhzxnj","reccrUdSb62CwjgdQ","rec6UyAv7rbmTvmHo"],"WorkEnd":18,"Active":true,"WorkDays":["0","1","2","3","4","5","6"],"WorkStart":9,"Email":"camillefauveau.service@gmail.com","Name":"Camille Fauveau","Role":"Ventes & Partenariats","AgentId":"camille"}}
[2026-06-19 17:14:14] [INFO] Agents filtrés {"brut":5,"actifs":3}
[2026-06-19 17:14:14] [INFO] Airtable GET {"url":"https://api.airtable.com/v0/appaugs4hsh3iObQG/tblKwoh1rbbOReA4e"}
[2026-06-19 17:14:14] [INFO] Airtable réponse {"http_code":200,"records":6,"error":null,"raw_preview":"{\"records\":[{\"id\":\"rec45V8lwzABhzxnj\",\"createdTime\":\"2026-05-21T09:00:31.000Z\",\"fields\":{\"AgentId (from AgentsIds)\":[\"camille\"],\"Order\":1,\"TypeId\":\"decouverte\",\"PlanningStatus\":\"Appel de découverte réservé\",\"Questions\":[\"reczBLconKqCBbM7L\",\"recICq5F6bjW3gg4Y\",\"recVI2Xroi3F7gajR\",\"recNk9Zn7CTIQzOyr\",\"receiIq9tYcTjRovz\"],\"AgentsIds\":[\"recCWyXh0NLw7zBfB\"],\"Description\":\"Première prise de contact "}
[2026-06-19 17:14:14] [DEBUG] Champs premier type brut {"fields":{"AgentId (from AgentsIds)":["camille"],"Order":1,"TypeId":"decouverte","PlanningStatus":"Appel de découverte réservé","Questions":["reczBLconKqCBbM7L","recICq5F6bjW3gg4Y","recVI2Xroi3F7gajR","recNk9Zn7CTIQzOyr","receiIq9tYcTjRovz"],"AgentsIds":["recCWyXh0NLw7zBfB"],"Description":"Première prise de contact et analyse de vos besoins","Color":"#7c3aed","Label":"Appel Découverte GuestLucky","Icon":"💬","Duration":30}}
[2026-06-19 17:14:14] [INFO] Types filtrés {"brut":6,"actifs":4}
[2026-06-19 17:14:14] [INFO] Airtable GET {"url":"https://api.airtable.com/v0/appaugs4hsh3iObQG/tbls6HegQyAgFGWIH"}
[2026-06-19 17:14:15] [INFO] Airtable réponse {"http_code":200,"records":20,"error":null,"raw_preview":"{\"records\":[{\"id\":\"rec0H41i2V8jHzPsv\",\"createdTime\":\"2026-05-21T20:46:06.000Z\",\"fields\":{\"Question\":\"Quel outil utilisez-vous actuellement ?\",\"TypeId RecordID\":\"rec0H41i2V8jHzPsv\",\"Required\":true,\"FieldType\":\"single_choice\",\"Order\":2,\"Options\":\"SuperHote, Smoobu, Hostaway, Lodgify, Aucun, Autre\",\"MeetingTypes\":[\"reccrUdSb62CwjgdQ\"],\"TypeId\":[\"demo\"]}},{\"id\":\"rec46qcr9aIeN0kuP\",\"createdTime\":\"2026-"}
[2026-06-19 17:14:15] [INFO] Questions fetch {"count":20}
[2026-06-19 17:14:15] [INFO] Réponse finale {"agents":3,"meetingTypes":4}
[2026-06-19 17:31:17] [INFO] ───── Requête entrante ───── {"method":"GET","origin":"(none)","ip":"66.249.66.35","base_id":"appaugs4hsh3iObQG","tbl_agents":"tblrGsVbuPfuiYOtd","tbl_types":"tblKwoh1rbbOReA4e","token_hint":"patYRHbITQYMjt..."}
[2026-06-19 17:31:17] [INFO] Cache MISS — appel Airtable
[2026-06-19 17:31:17] [INFO] Airtable GET {"url":"https://api.airtable.com/v0/appaugs4hsh3iObQG/tblrGsVbuPfuiYOtd"}
[2026-06-19 17:31:20] [INFO] Airtable réponse {"http_code":200,"records":5,"error":null,"raw_preview":"{\"records\":[{\"id\":\"recCWyXh0NLw7zBfB\",\"createdTime\":\"2026-05-21T08:59:51.000Z\",\"fields\":{\"GoogleCalendarId\":\"a4f7a1684f155203185ea0459877db39f3df2778c6c563d3bdf0241fa90d7dd8@group.calendar.google.com\",\"Color\":\"#4f46e5\",\"MeetingTypes\":[\"rec45V8lwzABhzxnj\",\"reccrUdSb62CwjgdQ\",\"rec6UyAv7rbmTvmHo\"],\"WorkEnd\":18,\"Active\":true,\"WorkDays\":[\"0\",\"1\",\"2\",\"3\",\"4\",\"5\",\"6\"],\"WorkStart\":9,\"Email\":\"camillefauvea"}
[2026-06-19 17:31:20] [DEBUG] Champs premier agent brut {"fields":{"GoogleCalendarId":"a4f7a1684f155203185ea0459877db39f3df2778c6c563d3bdf0241fa90d7dd8@group.calendar.google.com","Color":"#4f46e5","MeetingTypes":["rec45V8lwzABhzxnj","reccrUdSb62CwjgdQ","rec6UyAv7rbmTvmHo"],"WorkEnd":18,"Active":true,"WorkDays":["0","1","2","3","4","5","6"],"WorkStart":9,"Email":"camillefauveau.service@gmail.com","Name":"Camille Fauveau","Role":"Ventes & Partenariats","AgentId":"camille"}}
[2026-06-19 17:31:20] [INFO] Agents filtrés {"brut":5,"actifs":3}
[2026-06-19 17:31:20] [INFO] Airtable GET {"url":"https://api.airtable.com/v0/appaugs4hsh3iObQG/tblKwoh1rbbOReA4e"}
[2026-06-19 17:31:20] [INFO] Airtable réponse {"http_code":200,"records":6,"error":null,"raw_preview":"{\"records\":[{\"id\":\"rec45V8lwzABhzxnj\",\"createdTime\":\"2026-05-21T09:00:31.000Z\",\"fields\":{\"AgentId (from AgentsIds)\":[\"camille\"],\"Order\":1,\"TypeId\":\"decouverte\",\"PlanningStatus\":\"Appel de découverte réservé\",\"Questions\":[\"reczBLconKqCBbM7L\",\"recICq5F6bjW3gg4Y\",\"recVI2Xroi3F7gajR\",\"recNk9Zn7CTIQzOyr\",\"receiIq9tYcTjRovz\"],\"AgentsIds\":[\"recCWyXh0NLw7zBfB\"],\"Description\":\"Première prise de contact "}
[2026-06-19 17:31:20] [DEBUG] Champs premier type brut {"fields":{"AgentId (from AgentsIds)":["camille"],"Order":1,"TypeId":"decouverte","PlanningStatus":"Appel de découverte réservé","Questions":["reczBLconKqCBbM7L","recICq5F6bjW3gg4Y","recVI2Xroi3F7gajR","recNk9Zn7CTIQzOyr","receiIq9tYcTjRovz"],"AgentsIds":["recCWyXh0NLw7zBfB"],"Description":"Première prise de contact et analyse de vos besoins","Color":"#7c3aed","Label":"Appel Découverte GuestLucky","Icon":"💬","Duration":30}}
[2026-06-19 17:31:20] [INFO] Types filtrés {"brut":6,"actifs":4}
[2026-06-19 17:31:20] [INFO] Airtable GET {"url":"https://api.airtable.com/v0/appaugs4hsh3iObQG/tbls6HegQyAgFGWIH"}
[2026-06-19 17:31:21] [INFO] Airtable réponse {"http_code":200,"records":20,"error":null,"raw_preview":"{\"records\":[{\"id\":\"rec0H41i2V8jHzPsv\",\"createdTime\":\"2026-05-21T20:46:06.000Z\",\"fields\":{\"Question\":\"Quel outil utilisez-vous actuellement ?\",\"TypeId RecordID\":\"rec0H41i2V8jHzPsv\",\"Required\":true,\"FieldType\":\"single_choice\",\"Order\":2,\"Options\":\"SuperHote, Smoobu, Hostaway, Lodgify, Aucun, Autre\",\"MeetingTypes\":[\"reccrUdSb62CwjgdQ\"],\"TypeId\":[\"demo\"]}},{\"id\":\"rec46qcr9aIeN0kuP\",\"createdTime\":\"2026-"}
[2026-06-19 17:31:21] [INFO] Questions fetch {"count":20}
[2026-06-19 17:31:21] [INFO] Réponse finale {"agents":3,"meetingTypes":4}
[2026-06-19 17:41:58] [INFO] ───── Requête entrante ───── {"method":"GET","origin":"(none)","ip":"109.219.214.34","base_id":"appaugs4hsh3iObQG","tbl_agents":"tblrGsVbuPfuiYOtd","tbl_types":"tblKwoh1rbbOReA4e","token_hint":"patYRHbITQYMjt..."}
[2026-06-19 17:41:58] [INFO] Cache MISS — appel Airtable
[2026-06-19 17:41:58] [INFO] Airtable GET {"url":"https://api.airtable.com/v0/appaugs4hsh3iObQG/tblrGsVbuPfuiYOtd"}
[2026-06-19 17:42:00] [INFO] Airtable réponse {"http_code":200,"records":5,"error":null,"raw_preview":"{\"records\":[{\"id\":\"recCWyXh0NLw7zBfB\",\"createdTime\":\"2026-05-21T08:59:51.000Z\",\"fields\":{\"GoogleCalendarId\":\"a4f7a1684f155203185ea0459877db39f3df2778c6c563d3bdf0241fa90d7dd8@group.calendar.google.com\",\"Color\":\"#4f46e5\",\"MeetingTypes\":[\"rec45V8lwzABhzxnj\",\"reccrUdSb62CwjgdQ\",\"rec6UyAv7rbmTvmHo\"],\"WorkEnd\":18,\"Active\":true,\"WorkDays\":[\"0\",\"1\",\"2\",\"3\",\"4\",\"5\",\"6\"],\"WorkStart\":9,\"Email\":\"camillefauvea"}
[2026-06-19 17:42:00] [DEBUG] Champs premier agent brut {"fields":{"GoogleCalendarId":"a4f7a1684f155203185ea0459877db39f3df2778c6c563d3bdf0241fa90d7dd8@group.calendar.google.com","Color":"#4f46e5","MeetingTypes":["rec45V8lwzABhzxnj","reccrUdSb62CwjgdQ","rec6UyAv7rbmTvmHo"],"WorkEnd":18,"Active":true,"WorkDays":["0","1","2","3","4","5","6"],"WorkStart":9,"Email":"camillefauveau.service@gmail.com","Name":"Camille Fauveau","Role":"Ventes & Partenariats","AgentId":"camille"}}
[2026-06-19 17:42:00] [INFO] Agents filtrés {"brut":5,"actifs":3}
[2026-06-19 17:42:00] [INFO] Airtable GET {"url":"https://api.airtable.com/v0/appaugs4hsh3iObQG/tblKwoh1rbbOReA4e"}
[2026-06-19 17:42:01] [INFO] Airtable réponse {"http_code":200,"records":6,"error":null,"raw_preview":"{\"records\":[{\"id\":\"rec45V8lwzABhzxnj\",\"createdTime\":\"2026-05-21T09:00:31.000Z\",\"fields\":{\"AgentId (from AgentsIds)\":[\"camille\"],\"Order\":1,\"TypeId\":\"decouverte\",\"PlanningStatus\":\"Appel de découverte réservé\",\"Questions\":[\"reczBLconKqCBbM7L\",\"recICq5F6bjW3gg4Y\",\"recVI2Xroi3F7gajR\",\"recNk9Zn7CTIQzOyr\",\"receiIq9tYcTjRovz\"],\"AgentsIds\":[\"recCWyXh0NLw7zBfB\"],\"Description\":\"Première prise de contact "}
[2026-06-19 17:42:01] [DEBUG] Champs premier type brut {"fields":{"AgentId (from AgentsIds)":["camille"],"Order":1,"TypeId":"decouverte","PlanningStatus":"Appel de découverte réservé","Questions":["reczBLconKqCBbM7L","recICq5F6bjW3gg4Y","recVI2Xroi3F7gajR","recNk9Zn7CTIQzOyr","receiIq9tYcTjRovz"],"AgentsIds":["recCWyXh0NLw7zBfB"],"Description":"Première prise de contact et analyse de vos besoins","Color":"#7c3aed","Label":"Appel Découverte GuestLucky","Icon":"💬","Duration":30}}
[2026-06-19 17:42:01] [INFO] Types filtrés {"brut":6,"actifs":4}
[2026-06-19 17:42:01] [INFO] Airtable GET {"url":"https://api.airtable.com/v0/appaugs4hsh3iObQG/tbls6HegQyAgFGWIH"}
[2026-06-19 17:42:01] [INFO] Airtable réponse {"http_code":200,"records":20,"error":null,"raw_preview":"{\"records\":[{\"id\":\"rec0H41i2V8jHzPsv\",\"createdTime\":\"2026-05-21T20:46:06.000Z\",\"fields\":{\"Question\":\"Quel outil utilisez-vous actuellement ?\",\"TypeId RecordID\":\"rec0H41i2V8jHzPsv\",\"Required\":true,\"FieldType\":\"single_choice\",\"Order\":2,\"Options\":\"SuperHote, Smoobu, Hostaway, Lodgify, Aucun, Autre\",\"MeetingTypes\":[\"reccrUdSb62CwjgdQ\"],\"TypeId\":[\"demo\"]}},{\"id\":\"rec46qcr9aIeN0kuP\",\"createdTime\":\"2026-"}
[2026-06-19 17:42:01] [INFO] Questions fetch {"count":20}
[2026-06-19 17:42:01] [INFO] Réponse finale {"agents":3,"meetingTypes":4}
[2026-06-19 18:40:33] [INFO] ───── Requête entrante ───── {"method":"GET","origin":"(none)","ip":"37.66.207.219","base_id":"appaugs4hsh3iObQG","tbl_agents":"tblrGsVbuPfuiYOtd","tbl_types":"tblKwoh1rbbOReA4e","token_hint":"patYRHbITQYMjt..."}
[2026-06-19 18:40:33] [INFO] Cache MISS — appel Airtable
[2026-06-19 18:40:33] [INFO] Airtable GET {"url":"https://api.airtable.com/v0/appaugs4hsh3iObQG/tblrGsVbuPfuiYOtd"}
[2026-06-19 18:40:36] [INFO] Airtable réponse {"http_code":200,"records":5,"error":null,"raw_preview":"{\"records\":[{\"id\":\"recCWyXh0NLw7zBfB\",\"createdTime\":\"2026-05-21T08:59:51.000Z\",\"fields\":{\"GoogleCalendarId\":\"a4f7a1684f155203185ea0459877db39f3df2778c6c563d3bdf0241fa90d7dd8@group.calendar.google.com\",\"Color\":\"#4f46e5\",\"MeetingTypes\":[\"rec45V8lwzABhzxnj\",\"reccrUdSb62CwjgdQ\",\"rec6UyAv7rbmTvmHo\"],\"WorkEnd\":18,\"Active\":true,\"WorkDays\":[\"0\",\"1\",\"2\",\"3\",\"4\",\"5\",\"6\"],\"WorkStart\":9,\"Email\":\"camillefauvea"}
[2026-06-19 18:40:36] [DEBUG] Champs premier agent brut {"fields":{"GoogleCalendarId":"a4f7a1684f155203185ea0459877db39f3df2778c6c563d3bdf0241fa90d7dd8@group.calendar.google.com","Color":"#4f46e5","MeetingTypes":["rec45V8lwzABhzxnj","reccrUdSb62CwjgdQ","rec6UyAv7rbmTvmHo"],"WorkEnd":18,"Active":true,"WorkDays":["0","1","2","3","4","5","6"],"WorkStart":9,"Email":"camillefauveau.service@gmail.com","Name":"Camille Fauveau","Role":"Ventes & Partenariats","AgentId":"camille"}}
[2026-06-19 18:40:36] [INFO] Agents filtrés {"brut":5,"actifs":3}
[2026-06-19 18:40:36] [INFO] Airtable GET {"url":"https://api.airtable.com/v0/appaugs4hsh3iObQG/tblKwoh1rbbOReA4e"}
[2026-06-19 18:40:36] [INFO] Airtable réponse {"http_code":200,"records":6,"error":null,"raw_preview":"{\"records\":[{\"id\":\"rec45V8lwzABhzxnj\",\"createdTime\":\"2026-05-21T09:00:31.000Z\",\"fields\":{\"AgentId (from AgentsIds)\":[\"camille\"],\"Order\":1,\"TypeId\":\"decouverte\",\"PlanningStatus\":\"Appel de découverte réservé\",\"Questions\":[\"reczBLconKqCBbM7L\",\"recICq5F6bjW3gg4Y\",\"recVI2Xroi3F7gajR\",\"recNk9Zn7CTIQzOyr\",\"receiIq9tYcTjRovz\"],\"AgentsIds\":[\"recCWyXh0NLw7zBfB\"],\"Description\":\"Première prise de contact "}
[2026-06-19 18:40:36] [DEBUG] Champs premier type brut {"fields":{"AgentId (from AgentsIds)":["camille"],"Order":1,"TypeId":"decouverte","PlanningStatus":"Appel de découverte réservé","Questions":["reczBLconKqCBbM7L","recICq5F6bjW3gg4Y","recVI2Xroi3F7gajR","recNk9Zn7CTIQzOyr","receiIq9tYcTjRovz"],"AgentsIds":["recCWyXh0NLw7zBfB"],"Description":"Première prise de contact et analyse de vos besoins","Color":"#7c3aed","Label":"Appel Découverte GuestLucky","Icon":"💬","Duration":30}}
[2026-06-19 18:40:36] [INFO] Types filtrés {"brut":6,"actifs":4}
[2026-06-19 18:40:36] [INFO] Airtable GET {"url":"https://api.airtable.com/v0/appaugs4hsh3iObQG/tbls6HegQyAgFGWIH"}
[2026-06-19 18:40:36] [INFO] Airtable réponse {"http_code":200,"records":20,"error":null,"raw_preview":"{\"records\":[{\"id\":\"rec0H41i2V8jHzPsv\",\"createdTime\":\"2026-05-21T20:46:06.000Z\",\"fields\":{\"Question\":\"Quel outil utilisez-vous actuellement ?\",\"TypeId RecordID\":\"rec0H41i2V8jHzPsv\",\"Required\":true,\"FieldType\":\"single_choice\",\"Order\":2,\"Options\":\"SuperHote, Smoobu, Hostaway, Lodgify, Aucun, Autre\",\"MeetingTypes\":[\"reccrUdSb62CwjgdQ\"],\"TypeId\":[\"demo\"]}},{\"id\":\"rec46qcr9aIeN0kuP\",\"createdTime\":\"2026-"}
[2026-06-19 18:40:36] [INFO] Questions fetch {"count":20}
[2026-06-19 18:40:36] [INFO] Réponse finale {"agents":3,"meetingTypes":4}
[2026-06-19 20:32:37] [INFO] ───── Requête entrante ───── {"method":"GET","origin":"(none)","ip":"62.36.116.35","base_id":"appaugs4hsh3iObQG","tbl_agents":"tblrGsVbuPfuiYOtd","tbl_types":"tblKwoh1rbbOReA4e","token_hint":"patYRHbITQYMjt..."}
[2026-06-19 20:32:37] [INFO] Cache MISS — appel Airtable
[2026-06-19 20:32:37] [INFO] Airtable GET {"url":"https://api.airtable.com/v0/appaugs4hsh3iObQG/tblrGsVbuPfuiYOtd"}
[2026-06-19 20:32:40] [INFO] Airtable réponse {"http_code":200,"records":5,"error":null,"raw_preview":"{\"records\":[{\"id\":\"recCWyXh0NLw7zBfB\",\"createdTime\":\"2026-05-21T08:59:51.000Z\",\"fields\":{\"GoogleCalendarId\":\"a4f7a1684f155203185ea0459877db39f3df2778c6c563d3bdf0241fa90d7dd8@group.calendar.google.com\",\"Color\":\"#4f46e5\",\"MeetingTypes\":[\"rec45V8lwzABhzxnj\",\"reccrUdSb62CwjgdQ\",\"rec6UyAv7rbmTvmHo\"],\"WorkEnd\":18,\"Active\":true,\"WorkDays\":[\"0\",\"1\",\"2\",\"3\",\"4\",\"5\",\"6\"],\"WorkStart\":9,\"Email\":\"camillefauvea"}
[2026-06-19 20:32:40] [DEBUG] Champs premier agent brut {"fields":{"GoogleCalendarId":"a4f7a1684f155203185ea0459877db39f3df2778c6c563d3bdf0241fa90d7dd8@group.calendar.google.com","Color":"#4f46e5","MeetingTypes":["rec45V8lwzABhzxnj","reccrUdSb62CwjgdQ","rec6UyAv7rbmTvmHo"],"WorkEnd":18,"Active":true,"WorkDays":["0","1","2","3","4","5","6"],"WorkStart":9,"Email":"camillefauveau.service@gmail.com","Name":"Camille Fauveau","Role":"Ventes & Partenariats","AgentId":"camille"}}
[2026-06-19 20:32:40] [INFO] Agents filtrés {"brut":5,"actifs":3}
[2026-06-19 20:32:40] [INFO] Airtable GET {"url":"https://api.airtable.com/v0/appaugs4hsh3iObQG/tblKwoh1rbbOReA4e"}
[2026-06-19 20:32:41] [INFO] Airtable réponse {"http_code":200,"records":6,"error":null,"raw_preview":"{\"records\":[{\"id\":\"rec45V8lwzABhzxnj\",\"createdTime\":\"2026-05-21T09:00:31.000Z\",\"fields\":{\"AgentId (from AgentsIds)\":[\"camille\"],\"Order\":1,\"TypeId\":\"decouverte\",\"PlanningStatus\":\"Appel de découverte réservé\",\"Questions\":[\"reczBLconKqCBbM7L\",\"recICq5F6bjW3gg4Y\",\"recVI2Xroi3F7gajR\",\"recNk9Zn7CTIQzOyr\",\"receiIq9tYcTjRovz\"],\"AgentsIds\":[\"recCWyXh0NLw7zBfB\"],\"Description\":\"Première prise de contact "}
[2026-06-19 20:32:41] [DEBUG] Champs premier type brut {"fields":{"AgentId (from AgentsIds)":["camille"],"Order":1,"TypeId":"decouverte","PlanningStatus":"Appel de découverte réservé","Questions":["reczBLconKqCBbM7L","recICq5F6bjW3gg4Y","recVI2Xroi3F7gajR","recNk9Zn7CTIQzOyr","receiIq9tYcTjRovz"],"AgentsIds":["recCWyXh0NLw7zBfB"],"Description":"Première prise de contact et analyse de vos besoins","Color":"#7c3aed","Label":"Appel Découverte GuestLucky","Icon":"💬","Duration":30}}
[2026-06-19 20:32:41] [INFO] Types filtrés {"brut":6,"actifs":4}
[2026-06-19 20:32:41] [INFO] Airtable GET {"url":"https://api.airtable.com/v0/appaugs4hsh3iObQG/tbls6HegQyAgFGWIH"}
[2026-06-19 20:32:41] [INFO] Airtable réponse {"http_code":200,"records":20,"error":null,"raw_preview":"{\"records\":[{\"id\":\"rec0H41i2V8jHzPsv\",\"createdTime\":\"2026-05-21T20:46:06.000Z\",\"fields\":{\"Question\":\"Quel outil utilisez-vous actuellement ?\",\"TypeId RecordID\":\"rec0H41i2V8jHzPsv\",\"Required\":true,\"FieldType\":\"single_choice\",\"Order\":2,\"Options\":\"SuperHote, Smoobu, Hostaway, Lodgify, Aucun, Autre\",\"MeetingTypes\":[\"reccrUdSb62CwjgdQ\"],\"TypeId\":[\"demo\"]}},{\"id\":\"rec46qcr9aIeN0kuP\",\"createdTime\":\"2026-"}
[2026-06-19 20:32:41] [INFO] Questions fetch {"count":20}
[2026-06-19 20:32:41] [INFO] Réponse finale {"agents":3,"meetingTypes":4}
[2026-06-19 21:20:41] [INFO] ───── Requête entrante ───── {"method":"GET","origin":"(none)","ip":"5.187.122.125","base_id":"appaugs4hsh3iObQG","tbl_agents":"tblrGsVbuPfuiYOtd","tbl_types":"tblKwoh1rbbOReA4e","token_hint":"patYRHbITQYMjt..."}
[2026-06-19 21:20:41] [INFO] Cache MISS — appel Airtable
[2026-06-19 21:20:41] [INFO] Airtable GET {"url":"https://api.airtable.com/v0/appaugs4hsh3iObQG/tblrGsVbuPfuiYOtd"}
[2026-06-19 21:20:44] [INFO] Airtable réponse {"http_code":200,"records":5,"error":null,"raw_preview":"{\"records\":[{\"id\":\"recCWyXh0NLw7zBfB\",\"createdTime\":\"2026-05-21T08:59:51.000Z\",\"fields\":{\"GoogleCalendarId\":\"a4f7a1684f155203185ea0459877db39f3df2778c6c563d3bdf0241fa90d7dd8@group.calendar.google.com\",\"Color\":\"#4f46e5\",\"MeetingTypes\":[\"rec45V8lwzABhzxnj\",\"reccrUdSb62CwjgdQ\",\"rec6UyAv7rbmTvmHo\"],\"WorkEnd\":18,\"Active\":true,\"WorkDays\":[\"0\",\"1\",\"2\",\"3\",\"4\",\"5\",\"6\"],\"WorkStart\":9,\"Email\":\"camillefauvea"}
[2026-06-19 21:20:44] [DEBUG] Champs premier agent brut {"fields":{"GoogleCalendarId":"a4f7a1684f155203185ea0459877db39f3df2778c6c563d3bdf0241fa90d7dd8@group.calendar.google.com","Color":"#4f46e5","MeetingTypes":["rec45V8lwzABhzxnj","reccrUdSb62CwjgdQ","rec6UyAv7rbmTvmHo"],"WorkEnd":18,"Active":true,"WorkDays":["0","1","2","3","4","5","6"],"WorkStart":9,"Email":"camillefauveau.service@gmail.com","Name":"Camille Fauveau","Role":"Ventes & Partenariats","AgentId":"camille"}}
[2026-06-19 21:20:44] [INFO] Agents filtrés {"brut":5,"actifs":3}
[2026-06-19 21:20:44] [INFO] Airtable GET {"url":"https://api.airtable.com/v0/appaugs4hsh3iObQG/tblKwoh1rbbOReA4e"}
[2026-06-19 21:20:44] [INFO] Airtable réponse {"http_code":200,"records":6,"error":null,"raw_preview":"{\"records\":[{\"id\":\"rec45V8lwzABhzxnj\",\"createdTime\":\"2026-05-21T09:00:31.000Z\",\"fields\":{\"AgentId (from AgentsIds)\":[\"camille\"],\"Order\":1,\"TypeId\":\"decouverte\",\"PlanningStatus\":\"Appel de découverte réservé\",\"Questions\":[\"reczBLconKqCBbM7L\",\"recICq5F6bjW3gg4Y\",\"recVI2Xroi3F7gajR\",\"recNk9Zn7CTIQzOyr\",\"receiIq9tYcTjRovz\"],\"AgentsIds\":[\"recCWyXh0NLw7zBfB\"],\"Description\":\"Première prise de contact "}
[2026-06-19 21:20:44] [DEBUG] Champs premier type brut {"fields":{"AgentId (from AgentsIds)":["camille"],"Order":1,"TypeId":"decouverte","PlanningStatus":"Appel de découverte réservé","Questions":["reczBLconKqCBbM7L","recICq5F6bjW3gg4Y","recVI2Xroi3F7gajR","recNk9Zn7CTIQzOyr","receiIq9tYcTjRovz"],"AgentsIds":["recCWyXh0NLw7zBfB"],"Description":"Première prise de contact et analyse de vos besoins","Color":"#7c3aed","Label":"Appel Découverte GuestLucky","Icon":"💬","Duration":30}}
[2026-06-19 21:20:44] [INFO] Types filtrés {"brut":6,"actifs":4}
[2026-06-19 21:20:44] [INFO] Airtable GET {"url":"https://api.airtable.com/v0/appaugs4hsh3iObQG/tbls6HegQyAgFGWIH"}
[2026-06-19 21:20:45] [INFO] Airtable réponse {"http_code":200,"records":20,"error":null,"raw_preview":"{\"records\":[{\"id\":\"rec0H41i2V8jHzPsv\",\"createdTime\":\"2026-05-21T20:46:06.000Z\",\"fields\":{\"Question\":\"Quel outil utilisez-vous actuellement ?\",\"TypeId RecordID\":\"rec0H41i2V8jHzPsv\",\"Required\":true,\"FieldType\":\"single_choice\",\"Order\":2,\"Options\":\"SuperHote, Smoobu, Hostaway, Lodgify, Aucun, Autre\",\"MeetingTypes\":[\"reccrUdSb62CwjgdQ\"],\"TypeId\":[\"demo\"]}},{\"id\":\"rec46qcr9aIeN0kuP\",\"createdTime\":\"2026-"}
[2026-06-19 21:20:45] [INFO] Questions fetch {"count":20}
[2026-06-19 21:20:45] [INFO] Réponse finale {"agents":3,"meetingTypes":4}
[2026-06-19 22:12:27] [INFO] ───── Requête entrante ───── {"method":"GET","origin":"(none)","ip":"77.204.199.36","base_id":"appaugs4hsh3iObQG","tbl_agents":"tblrGsVbuPfuiYOtd","tbl_types":"tblKwoh1rbbOReA4e","token_hint":"patYRHbITQYMjt..."}
[2026-06-19 22:12:27] [INFO] Cache MISS — appel Airtable
[2026-06-19 22:12:27] [INFO] Airtable GET {"url":"https://api.airtable.com/v0/appaugs4hsh3iObQG/tblrGsVbuPfuiYOtd"}
[2026-06-19 22:12:30] [INFO] Airtable réponse {"http_code":200,"records":5,"error":null,"raw_preview":"{\"records\":[{\"id\":\"recCWyXh0NLw7zBfB\",\"createdTime\":\"2026-05-21T08:59:51.000Z\",\"fields\":{\"GoogleCalendarId\":\"a4f7a1684f155203185ea0459877db39f3df2778c6c563d3bdf0241fa90d7dd8@group.calendar.google.com\",\"Color\":\"#4f46e5\",\"MeetingTypes\":[\"rec45V8lwzABhzxnj\",\"reccrUdSb62CwjgdQ\",\"rec6UyAv7rbmTvmHo\"],\"WorkEnd\":18,\"Active\":true,\"WorkDays\":[\"0\",\"1\",\"2\",\"3\",\"4\",\"5\",\"6\"],\"WorkStart\":9,\"Email\":\"camillefauvea"}
[2026-06-19 22:12:30] [DEBUG] Champs premier agent brut {"fields":{"GoogleCalendarId":"a4f7a1684f155203185ea0459877db39f3df2778c6c563d3bdf0241fa90d7dd8@group.calendar.google.com","Color":"#4f46e5","MeetingTypes":["rec45V8lwzABhzxnj","reccrUdSb62CwjgdQ","rec6UyAv7rbmTvmHo"],"WorkEnd":18,"Active":true,"WorkDays":["0","1","2","3","4","5","6"],"WorkStart":9,"Email":"camillefauveau.service@gmail.com","Name":"Camille Fauveau","Role":"Ventes & Partenariats","AgentId":"camille"}}
[2026-06-19 22:12:30] [INFO] Agents filtrés {"brut":5,"actifs":3}
[2026-06-19 22:12:30] [INFO] Airtable GET {"url":"https://api.airtable.com/v0/appaugs4hsh3iObQG/tblKwoh1rbbOReA4e"}
[2026-06-19 22:12:30] [INFO] Airtable réponse {"http_code":200,"records":6,"error":null,"raw_preview":"{\"records\":[{\"id\":\"rec45V8lwzABhzxnj\",\"createdTime\":\"2026-05-21T09:00:31.000Z\",\"fields\":{\"AgentId (from AgentsIds)\":[\"camille\"],\"Order\":1,\"TypeId\":\"decouverte\",\"PlanningStatus\":\"Appel de découverte réservé\",\"Questions\":[\"reczBLconKqCBbM7L\",\"recICq5F6bjW3gg4Y\",\"recVI2Xroi3F7gajR\",\"recNk9Zn7CTIQzOyr\",\"receiIq9tYcTjRovz\"],\"AgentsIds\":[\"recCWyXh0NLw7zBfB\"],\"Description\":\"Première prise de contact "}
[2026-06-19 22:12:30] [DEBUG] Champs premier type brut {"fields":{"AgentId (from AgentsIds)":["camille"],"Order":1,"TypeId":"decouverte","PlanningStatus":"Appel de découverte réservé","Questions":["reczBLconKqCBbM7L","recICq5F6bjW3gg4Y","recVI2Xroi3F7gajR","recNk9Zn7CTIQzOyr","receiIq9tYcTjRovz"],"AgentsIds":["recCWyXh0NLw7zBfB"],"Description":"Première prise de contact et analyse de vos besoins","Color":"#7c3aed","Label":"Appel Découverte GuestLucky","Icon":"💬","Duration":30}}
[2026-06-19 22:12:30] [INFO] Types filtrés {"brut":6,"actifs":4}
[2026-06-19 22:12:30] [INFO] Airtable GET {"url":"https://api.airtable.com/v0/appaugs4hsh3iObQG/tbls6HegQyAgFGWIH"}
[2026-06-19 22:12:31] [INFO] Airtable réponse {"http_code":200,"records":20,"error":null,"raw_preview":"{\"records\":[{\"id\":\"rec0H41i2V8jHzPsv\",\"createdTime\":\"2026-05-21T20:46:06.000Z\",\"fields\":{\"Question\":\"Quel outil utilisez-vous actuellement ?\",\"TypeId RecordID\":\"rec0H41i2V8jHzPsv\",\"Required\":true,\"FieldType\":\"single_choice\",\"Order\":2,\"Options\":\"SuperHote, Smoobu, Hostaway, Lodgify, Aucun, Autre\",\"MeetingTypes\":[\"reccrUdSb62CwjgdQ\"],\"TypeId\":[\"demo\"]}},{\"id\":\"rec46qcr9aIeN0kuP\",\"createdTime\":\"2026-"}
[2026-06-19 22:12:31] [INFO] Questions fetch {"count":20}
[2026-06-19 22:12:31] [INFO] Réponse finale {"agents":3,"meetingTypes":4}
[2026-06-19 22:45:15] [INFO] ───── Requête entrante ───── {"method":"GET","origin":"(none)","ip":"37.67.151.183","base_id":"appaugs4hsh3iObQG","tbl_agents":"tblrGsVbuPfuiYOtd","tbl_types":"tblKwoh1rbbOReA4e","token_hint":"patYRHbITQYMjt..."}
[2026-06-19 22:45:15] [INFO] Cache MISS — appel Airtable
[2026-06-19 22:45:15] [INFO] Airtable GET {"url":"https://api.airtable.com/v0/appaugs4hsh3iObQG/tblrGsVbuPfuiYOtd"}
[2026-06-19 22:45:18] [INFO] Airtable réponse {"http_code":200,"records":5,"error":null,"raw_preview":"{\"records\":[{\"id\":\"recCWyXh0NLw7zBfB\",\"createdTime\":\"2026-05-21T08:59:51.000Z\",\"fields\":{\"GoogleCalendarId\":\"a4f7a1684f155203185ea0459877db39f3df2778c6c563d3bdf0241fa90d7dd8@group.calendar.google.com\",\"Color\":\"#4f46e5\",\"MeetingTypes\":[\"rec45V8lwzABhzxnj\",\"reccrUdSb62CwjgdQ\",\"rec6UyAv7rbmTvmHo\"],\"WorkEnd\":18,\"Active\":true,\"WorkDays\":[\"0\",\"1\",\"2\",\"3\",\"4\",\"5\",\"6\"],\"WorkStart\":9,\"Email\":\"camillefauvea"}
[2026-06-19 22:45:18] [DEBUG] Champs premier agent brut {"fields":{"GoogleCalendarId":"a4f7a1684f155203185ea0459877db39f3df2778c6c563d3bdf0241fa90d7dd8@group.calendar.google.com","Color":"#4f46e5","MeetingTypes":["rec45V8lwzABhzxnj","reccrUdSb62CwjgdQ","rec6UyAv7rbmTvmHo"],"WorkEnd":18,"Active":true,"WorkDays":["0","1","2","3","4","5","6"],"WorkStart":9,"Email":"camillefauveau.service@gmail.com","Name":"Camille Fauveau","Role":"Ventes & Partenariats","AgentId":"camille"}}
[2026-06-19 22:45:18] [INFO] Agents filtrés {"brut":5,"actifs":3}
[2026-06-19 22:45:18] [INFO] Airtable GET {"url":"https://api.airtable.com/v0/appaugs4hsh3iObQG/tblKwoh1rbbOReA4e"}
[2026-06-19 22:45:18] [INFO] Airtable réponse {"http_code":200,"records":6,"error":null,"raw_preview":"{\"records\":[{\"id\":\"rec45V8lwzABhzxnj\",\"createdTime\":\"2026-05-21T09:00:31.000Z\",\"fields\":{\"AgentId (from AgentsIds)\":[\"camille\"],\"Order\":1,\"TypeId\":\"decouverte\",\"PlanningStatus\":\"Appel de découverte réservé\",\"Questions\":[\"reczBLconKqCBbM7L\",\"recICq5F6bjW3gg4Y\",\"recVI2Xroi3F7gajR\",\"recNk9Zn7CTIQzOyr\",\"receiIq9tYcTjRovz\"],\"AgentsIds\":[\"recCWyXh0NLw7zBfB\"],\"Description\":\"Première prise de contact "}
[2026-06-19 22:45:18] [DEBUG] Champs premier type brut {"fields":{"AgentId (from AgentsIds)":["camille"],"Order":1,"TypeId":"decouverte","PlanningStatus":"Appel de découverte réservé","Questions":["reczBLconKqCBbM7L","recICq5F6bjW3gg4Y","recVI2Xroi3F7gajR","recNk9Zn7CTIQzOyr","receiIq9tYcTjRovz"],"AgentsIds":["recCWyXh0NLw7zBfB"],"Description":"Première prise de contact et analyse de vos besoins","Color":"#7c3aed","Label":"Appel Découverte GuestLucky","Icon":"💬","Duration":30}}
[2026-06-19 22:45:18] [INFO] Types filtrés {"brut":6,"actifs":4}
[2026-06-19 22:45:18] [INFO] Airtable GET {"url":"https://api.airtable.com/v0/appaugs4hsh3iObQG/tbls6HegQyAgFGWIH"}
[2026-06-19 22:45:19] [INFO] Airtable réponse {"http_code":200,"records":20,"error":null,"raw_preview":"{\"records\":[{\"id\":\"rec0H41i2V8jHzPsv\",\"createdTime\":\"2026-05-21T20:46:06.000Z\",\"fields\":{\"Question\":\"Quel outil utilisez-vous actuellement ?\",\"TypeId RecordID\":\"rec0H41i2V8jHzPsv\",\"Required\":true,\"FieldType\":\"single_choice\",\"Order\":2,\"Options\":\"SuperHote, Smoobu, Hostaway, Lodgify, Aucun, Autre\",\"MeetingTypes\":[\"reccrUdSb62CwjgdQ\"],\"TypeId\":[\"demo\"]}},{\"id\":\"rec46qcr9aIeN0kuP\",\"createdTime\":\"2026-"}
[2026-06-19 22:45:19] [INFO] Questions fetch {"count":20}
[2026-06-19 22:45:19] [INFO] Réponse finale {"agents":3,"meetingTypes":4}
[2026-06-19 22:45:27] [INFO] ───── Requête entrante ───── {"method":"GET","origin":"(none)","ip":"172.253.192.249","base_id":"appaugs4hsh3iObQG","tbl_agents":"tblrGsVbuPfuiYOtd","tbl_types":"tblKwoh1rbbOReA4e","token_hint":"patYRHbITQYMjt..."}
[2026-06-19 22:45:27] [INFO] Cache HIT
[2026-06-20 00:38:44] [INFO] ───── Requête entrante ───── {"method":"GET","origin":"(none)","ip":"83.202.62.117","base_id":"appaugs4hsh3iObQG","tbl_agents":"tblrGsVbuPfuiYOtd","tbl_types":"tblKwoh1rbbOReA4e","token_hint":"patYRHbITQYMjt..."}
[2026-06-20 00:38:44] [INFO] Cache MISS — appel Airtable
[2026-06-20 00:38:44] [INFO] Airtable GET {"url":"https://api.airtable.com/v0/appaugs4hsh3iObQG/tblrGsVbuPfuiYOtd"}
[2026-06-20 00:38:47] [INFO] Airtable réponse {"http_code":200,"records":5,"error":null,"raw_preview":"{\"records\":[{\"id\":\"recCWyXh0NLw7zBfB\",\"createdTime\":\"2026-05-21T08:59:51.000Z\",\"fields\":{\"GoogleCalendarId\":\"a4f7a1684f155203185ea0459877db39f3df2778c6c563d3bdf0241fa90d7dd8@group.calendar.google.com\",\"Color\":\"#4f46e5\",\"MeetingTypes\":[\"rec45V8lwzABhzxnj\",\"reccrUdSb62CwjgdQ\",\"rec6UyAv7rbmTvmHo\"],\"WorkEnd\":18,\"Active\":true,\"WorkDays\":[\"0\",\"1\",\"2\",\"3\",\"4\",\"5\",\"6\"],\"WorkStart\":9,\"Email\":\"camillefauvea"}
[2026-06-20 00:38:47] [DEBUG] Champs premier agent brut {"fields":{"GoogleCalendarId":"a4f7a1684f155203185ea0459877db39f3df2778c6c563d3bdf0241fa90d7dd8@group.calendar.google.com","Color":"#4f46e5","MeetingTypes":["rec45V8lwzABhzxnj","reccrUdSb62CwjgdQ","rec6UyAv7rbmTvmHo"],"WorkEnd":18,"Active":true,"WorkDays":["0","1","2","3","4","5","6"],"WorkStart":9,"Email":"camillefauveau.service@gmail.com","Name":"Camille Fauveau","Role":"Ventes & Partenariats","AgentId":"camille"}}
[2026-06-20 00:38:47] [INFO] Agents filtrés {"brut":5,"actifs":3}
[2026-06-20 00:38:47] [INFO] Airtable GET {"url":"https://api.airtable.com/v0/appaugs4hsh3iObQG/tblKwoh1rbbOReA4e"}
[2026-06-20 00:38:47] [INFO] Airtable réponse {"http_code":200,"records":6,"error":null,"raw_preview":"{\"records\":[{\"id\":\"rec45V8lwzABhzxnj\",\"createdTime\":\"2026-05-21T09:00:31.000Z\",\"fields\":{\"AgentId (from AgentsIds)\":[\"camille\"],\"Order\":1,\"TypeId\":\"decouverte\",\"PlanningStatus\":\"Appel de découverte réservé\",\"Questions\":[\"reczBLconKqCBbM7L\",\"recICq5F6bjW3gg4Y\",\"recVI2Xroi3F7gajR\",\"recNk9Zn7CTIQzOyr\",\"receiIq9tYcTjRovz\"],\"AgentsIds\":[\"recCWyXh0NLw7zBfB\"],\"Description\":\"Première prise de contact "}
[2026-06-20 00:38:47] [DEBUG] Champs premier type brut {"fields":{"AgentId (from AgentsIds)":["camille"],"Order":1,"TypeId":"decouverte","PlanningStatus":"Appel de découverte réservé","Questions":["reczBLconKqCBbM7L","recICq5F6bjW3gg4Y","recVI2Xroi3F7gajR","recNk9Zn7CTIQzOyr","receiIq9tYcTjRovz"],"AgentsIds":["recCWyXh0NLw7zBfB"],"Description":"Première prise de contact et analyse de vos besoins","Color":"#7c3aed","Label":"Appel Découverte GuestLucky","Icon":"💬","Duration":30}}
[2026-06-20 00:38:47] [INFO] Types filtrés {"brut":6,"actifs":4}
[2026-06-20 00:38:47] [INFO] Airtable GET {"url":"https://api.airtable.com/v0/appaugs4hsh3iObQG/tbls6HegQyAgFGWIH"}
[2026-06-20 00:38:48] [INFO] Airtable réponse {"http_code":200,"records":20,"error":null,"raw_preview":"{\"records\":[{\"id\":\"rec0H41i2V8jHzPsv\",\"createdTime\":\"2026-05-21T20:46:06.000Z\",\"fields\":{\"Question\":\"Quel outil utilisez-vous actuellement ?\",\"TypeId RecordID\":\"rec0H41i2V8jHzPsv\",\"Required\":true,\"FieldType\":\"single_choice\",\"Order\":2,\"Options\":\"SuperHote, Smoobu, Hostaway, Lodgify, Aucun, Autre\",\"MeetingTypes\":[\"reccrUdSb62CwjgdQ\"],\"TypeId\":[\"demo\"]}},{\"id\":\"rec46qcr9aIeN0kuP\",\"createdTime\":\"2026-"}
[2026-06-20 00:38:48] [INFO] Questions fetch {"count":20}
[2026-06-20 00:38:48] [INFO] Réponse finale {"agents":3,"meetingTypes":4}
[2026-06-20 02:39:27] [INFO] ───── Requête entrante ───── {"method":"GET","origin":"(none)","ip":"47.99.205.73","base_id":"appaugs4hsh3iObQG","tbl_agents":"tblrGsVbuPfuiYOtd","tbl_types":"tblKwoh1rbbOReA4e","token_hint":"patYRHbITQYMjt..."}
[2026-06-20 02:39:27] [INFO] Cache MISS — appel Airtable
[2026-06-20 02:39:27] [INFO] Airtable GET {"url":"https://api.airtable.com/v0/appaugs4hsh3iObQG/tblrGsVbuPfuiYOtd"}
[2026-06-20 02:39:30] [INFO] Airtable réponse {"http_code":200,"records":5,"error":null,"raw_preview":"{\"records\":[{\"id\":\"recCWyXh0NLw7zBfB\",\"createdTime\":\"2026-05-21T08:59:51.000Z\",\"fields\":{\"GoogleCalendarId\":\"a4f7a1684f155203185ea0459877db39f3df2778c6c563d3bdf0241fa90d7dd8@group.calendar.google.com\",\"Color\":\"#4f46e5\",\"MeetingTypes\":[\"rec45V8lwzABhzxnj\",\"reccrUdSb62CwjgdQ\",\"rec6UyAv7rbmTvmHo\"],\"WorkEnd\":18,\"Active\":true,\"WorkDays\":[\"0\",\"1\",\"2\",\"3\",\"4\",\"5\",\"6\"],\"WorkStart\":9,\"Email\":\"camillefauvea"}
[2026-06-20 02:39:30] [DEBUG] Champs premier agent brut {"fields":{"GoogleCalendarId":"a4f7a1684f155203185ea0459877db39f3df2778c6c563d3bdf0241fa90d7dd8@group.calendar.google.com","Color":"#4f46e5","MeetingTypes":["rec45V8lwzABhzxnj","reccrUdSb62CwjgdQ","rec6UyAv7rbmTvmHo"],"WorkEnd":18,"Active":true,"WorkDays":["0","1","2","3","4","5","6"],"WorkStart":9,"Email":"camillefauveau.service@gmail.com","Name":"Camille Fauveau","Role":"Ventes & Partenariats","AgentId":"camille"}}
[2026-06-20 02:39:30] [INFO] Agents filtrés {"brut":5,"actifs":3}
[2026-06-20 02:39:30] [INFO] Airtable GET {"url":"https://api.airtable.com/v0/appaugs4hsh3iObQG/tblKwoh1rbbOReA4e"}
[2026-06-20 02:39:31] [INFO] Airtable réponse {"http_code":200,"records":6,"error":null,"raw_preview":"{\"records\":[{\"id\":\"rec45V8lwzABhzxnj\",\"createdTime\":\"2026-05-21T09:00:31.000Z\",\"fields\":{\"AgentId (from AgentsIds)\":[\"camille\"],\"Order\":1,\"TypeId\":\"decouverte\",\"PlanningStatus\":\"Appel de découverte réservé\",\"Questions\":[\"reczBLconKqCBbM7L\",\"recICq5F6bjW3gg4Y\",\"recVI2Xroi3F7gajR\",\"recNk9Zn7CTIQzOyr\",\"receiIq9tYcTjRovz\"],\"AgentsIds\":[\"recCWyXh0NLw7zBfB\"],\"Description\":\"Première prise de contact "}
[2026-06-20 02:39:31] [DEBUG] Champs premier type brut {"fields":{"AgentId (from AgentsIds)":["camille"],"Order":1,"TypeId":"decouverte","PlanningStatus":"Appel de découverte réservé","Questions":["reczBLconKqCBbM7L","recICq5F6bjW3gg4Y","recVI2Xroi3F7gajR","recNk9Zn7CTIQzOyr","receiIq9tYcTjRovz"],"AgentsIds":["recCWyXh0NLw7zBfB"],"Description":"Première prise de contact et analyse de vos besoins","Color":"#7c3aed","Label":"Appel Découverte GuestLucky","Icon":"💬","Duration":30}}
[2026-06-20 02:39:31] [INFO] Types filtrés {"brut":6,"actifs":4}
[2026-06-20 02:39:31] [INFO] Airtable GET {"url":"https://api.airtable.com/v0/appaugs4hsh3iObQG/tbls6HegQyAgFGWIH"}
[2026-06-20 02:39:31] [INFO] Airtable réponse {"http_code":200,"records":20,"error":null,"raw_preview":"{\"records\":[{\"id\":\"rec0H41i2V8jHzPsv\",\"createdTime\":\"2026-05-21T20:46:06.000Z\",\"fields\":{\"Question\":\"Quel outil utilisez-vous actuellement ?\",\"TypeId RecordID\":\"rec0H41i2V8jHzPsv\",\"Required\":true,\"FieldType\":\"single_choice\",\"Order\":2,\"Options\":\"SuperHote, Smoobu, Hostaway, Lodgify, Aucun, Autre\",\"MeetingTypes\":[\"reccrUdSb62CwjgdQ\"],\"TypeId\":[\"demo\"]}},{\"id\":\"rec46qcr9aIeN0kuP\",\"createdTime\":\"2026-"}
[2026-06-20 02:39:31] [INFO] Questions fetch {"count":20}
[2026-06-20 02:39:31] [INFO] Réponse finale {"agents":3,"meetingTypes":4}
[2026-06-20 04:46:54] [INFO] ───── Requête entrante ───── {"method":"GET","origin":"(none)","ip":"51.195.199.92","base_id":"appaugs4hsh3iObQG","tbl_agents":"tblrGsVbuPfuiYOtd","tbl_types":"tblKwoh1rbbOReA4e","token_hint":"patYRHbITQYMjt..."}
[2026-06-20 04:46:54] [INFO] Cache MISS — appel Airtable
[2026-06-20 04:46:54] [INFO] Airtable GET {"url":"https://api.airtable.com/v0/appaugs4hsh3iObQG/tblrGsVbuPfuiYOtd"}
[2026-06-20 04:46:56] [INFO] Airtable réponse {"http_code":200,"records":5,"error":null,"raw_preview":"{\"records\":[{\"id\":\"recCWyXh0NLw7zBfB\",\"createdTime\":\"2026-05-21T08:59:51.000Z\",\"fields\":{\"GoogleCalendarId\":\"a4f7a1684f155203185ea0459877db39f3df2778c6c563d3bdf0241fa90d7dd8@group.calendar.google.com\",\"Color\":\"#4f46e5\",\"MeetingTypes\":[\"rec45V8lwzABhzxnj\",\"reccrUdSb62CwjgdQ\",\"rec6UyAv7rbmTvmHo\"],\"WorkEnd\":18,\"Active\":true,\"WorkDays\":[\"0\",\"1\",\"2\",\"3\",\"4\",\"5\",\"6\"],\"WorkStart\":9,\"Email\":\"camillefauvea"}
[2026-06-20 04:46:56] [DEBUG] Champs premier agent brut {"fields":{"GoogleCalendarId":"a4f7a1684f155203185ea0459877db39f3df2778c6c563d3bdf0241fa90d7dd8@group.calendar.google.com","Color":"#4f46e5","MeetingTypes":["rec45V8lwzABhzxnj","reccrUdSb62CwjgdQ","rec6UyAv7rbmTvmHo"],"WorkEnd":18,"Active":true,"WorkDays":["0","1","2","3","4","5","6"],"WorkStart":9,"Email":"camillefauveau.service@gmail.com","Name":"Camille Fauveau","Role":"Ventes & Partenariats","AgentId":"camille"}}
[2026-06-20 04:46:56] [INFO] Agents filtrés {"brut":5,"actifs":3}
[2026-06-20 04:46:56] [INFO] Airtable GET {"url":"https://api.airtable.com/v0/appaugs4hsh3iObQG/tblKwoh1rbbOReA4e"}
[2026-06-20 04:46:57] [INFO] Airtable réponse {"http_code":200,"records":6,"error":null,"raw_preview":"{\"records\":[{\"id\":\"rec45V8lwzABhzxnj\",\"createdTime\":\"2026-05-21T09:00:31.000Z\",\"fields\":{\"AgentId (from AgentsIds)\":[\"camille\"],\"Order\":1,\"TypeId\":\"decouverte\",\"PlanningStatus\":\"Appel de découverte réservé\",\"Questions\":[\"reczBLconKqCBbM7L\",\"recICq5F6bjW3gg4Y\",\"recVI2Xroi3F7gajR\",\"recNk9Zn7CTIQzOyr\",\"receiIq9tYcTjRovz\"],\"AgentsIds\":[\"recCWyXh0NLw7zBfB\"],\"Description\":\"Première prise de contact "}
[2026-06-20 04:46:57] [DEBUG] Champs premier type brut {"fields":{"AgentId (from AgentsIds)":["camille"],"Order":1,"TypeId":"decouverte","PlanningStatus":"Appel de découverte réservé","Questions":["reczBLconKqCBbM7L","recICq5F6bjW3gg4Y","recVI2Xroi3F7gajR","recNk9Zn7CTIQzOyr","receiIq9tYcTjRovz"],"AgentsIds":["recCWyXh0NLw7zBfB"],"Description":"Première prise de contact et analyse de vos besoins","Color":"#7c3aed","Label":"Appel Découverte GuestLucky","Icon":"💬","Duration":30}}
[2026-06-20 04:46:57] [INFO] Types filtrés {"brut":6,"actifs":4}
[2026-06-20 04:46:57] [INFO] Airtable GET {"url":"https://api.airtable.com/v0/appaugs4hsh3iObQG/tbls6HegQyAgFGWIH"}
[2026-06-20 04:46:57] [INFO] Airtable réponse {"http_code":200,"records":20,"error":null,"raw_preview":"{\"records\":[{\"id\":\"rec0H41i2V8jHzPsv\",\"createdTime\":\"2026-05-21T20:46:06.000Z\",\"fields\":{\"Question\":\"Quel outil utilisez-vous actuellement ?\",\"TypeId RecordID\":\"rec0H41i2V8jHzPsv\",\"Required\":true,\"FieldType\":\"single_choice\",\"Order\":2,\"Options\":\"SuperHote, Smoobu, Hostaway, Lodgify, Aucun, Autre\",\"MeetingTypes\":[\"reccrUdSb62CwjgdQ\"],\"TypeId\":[\"demo\"]}},{\"id\":\"rec46qcr9aIeN0kuP\",\"createdTime\":\"2026-"}
[2026-06-20 04:46:57] [INFO] Questions fetch {"count":20}
[2026-06-20 04:46:57] [INFO] Réponse finale {"agents":3,"meetingTypes":4}
[2026-06-20 04:47:04] [INFO] ───── Requête entrante ───── {"method":"GET","origin":"(none)","ip":"51.195.199.92","base_id":"appaugs4hsh3iObQG","tbl_agents":"tblrGsVbuPfuiYOtd","tbl_types":"tblKwoh1rbbOReA4e","token_hint":"patYRHbITQYMjt..."}
[2026-06-20 04:47:04] [INFO] Cache HIT
[2026-06-20 06:38:15] [INFO] ───── Requête entrante ───── {"method":"GET","origin":"(none)","ip":"66.249.66.42","base_id":"appaugs4hsh3iObQG","tbl_agents":"tblrGsVbuPfuiYOtd","tbl_types":"tblKwoh1rbbOReA4e","token_hint":"patYRHbITQYMjt..."}
[2026-06-20 06:38:15] [INFO] Cache MISS — appel Airtable
[2026-06-20 06:38:15] [INFO] Airtable GET {"url":"https://api.airtable.com/v0/appaugs4hsh3iObQG/tblrGsVbuPfuiYOtd"}
[2026-06-20 06:38:15] [INFO] ───── Requête entrante ───── {"method":"GET","origin":"(none)","ip":"66.249.66.42","base_id":"appaugs4hsh3iObQG","tbl_agents":"tblrGsVbuPfuiYOtd","tbl_types":"tblKwoh1rbbOReA4e","token_hint":"patYRHbITQYMjt..."}
[2026-06-20 06:38:15] [INFO] Cache MISS — appel Airtable
[2026-06-20 06:38:15] [INFO] Airtable GET {"url":"https://api.airtable.com/v0/appaugs4hsh3iObQG/tblrGsVbuPfuiYOtd"}
[2026-06-20 06:38:17] [INFO] Airtable réponse {"http_code":200,"records":5,"error":null,"raw_preview":"{\"records\":[{\"id\":\"recCWyXh0NLw7zBfB\",\"createdTime\":\"2026-05-21T08:59:51.000Z\",\"fields\":{\"GoogleCalendarId\":\"a4f7a1684f155203185ea0459877db39f3df2778c6c563d3bdf0241fa90d7dd8@group.calendar.google.com\",\"Color\":\"#4f46e5\",\"MeetingTypes\":[\"rec45V8lwzABhzxnj\",\"reccrUdSb62CwjgdQ\",\"rec6UyAv7rbmTvmHo\"],\"WorkEnd\":18,\"Active\":true,\"WorkDays\":[\"0\",\"1\",\"2\",\"3\",\"4\",\"5\",\"6\"],\"WorkStart\":9,\"Email\":\"camillefauvea"}
[2026-06-20 06:38:17] [DEBUG] Champs premier agent brut {"fields":{"GoogleCalendarId":"a4f7a1684f155203185ea0459877db39f3df2778c6c563d3bdf0241fa90d7dd8@group.calendar.google.com","Color":"#4f46e5","MeetingTypes":["rec45V8lwzABhzxnj","reccrUdSb62CwjgdQ","rec6UyAv7rbmTvmHo"],"WorkEnd":18,"Active":true,"WorkDays":["0","1","2","3","4","5","6"],"WorkStart":9,"Email":"camillefauveau.service@gmail.com","Name":"Camille Fauveau","Role":"Ventes & Partenariats","AgentId":"camille"}}
[2026-06-20 06:38:17] [INFO] Agents filtrés {"brut":5,"actifs":3}
[2026-06-20 06:38:17] [INFO] Airtable GET {"url":"https://api.airtable.com/v0/appaugs4hsh3iObQG/tblKwoh1rbbOReA4e"}
[2026-06-20 06:38:17] [INFO] Airtable réponse {"http_code":200,"records":5,"error":null,"raw_preview":"{\"records\":[{\"id\":\"recCWyXh0NLw7zBfB\",\"createdTime\":\"2026-05-21T08:59:51.000Z\",\"fields\":{\"GoogleCalendarId\":\"a4f7a1684f155203185ea0459877db39f3df2778c6c563d3bdf0241fa90d7dd8@group.calendar.google.com\",\"Color\":\"#4f46e5\",\"MeetingTypes\":[\"rec45V8lwzABhzxnj\",\"reccrUdSb62CwjgdQ\",\"rec6UyAv7rbmTvmHo\"],\"WorkEnd\":18,\"Active\":true,\"WorkDays\":[\"0\",\"1\",\"2\",\"3\",\"4\",\"5\",\"6\"],\"WorkStart\":9,\"Email\":\"camillefauvea"}
[2026-06-20 06:38:17] [DEBUG] Champs premier agent brut {"fields":{"GoogleCalendarId":"a4f7a1684f155203185ea0459877db39f3df2778c6c563d3bdf0241fa90d7dd8@group.calendar.google.com","Color":"#4f46e5","MeetingTypes":["rec45V8lwzABhzxnj","reccrUdSb62CwjgdQ","rec6UyAv7rbmTvmHo"],"WorkEnd":18,"Active":true,"WorkDays":["0","1","2","3","4","5","6"],"WorkStart":9,"Email":"camillefauveau.service@gmail.com","Name":"Camille Fauveau","Role":"Ventes & Partenariats","AgentId":"camille"}}
[2026-06-20 06:38:17] [INFO] Agents filtrés {"brut":5,"actifs":3}
[2026-06-20 06:38:17] [INFO] Airtable GET {"url":"https://api.airtable.com/v0/appaugs4hsh3iObQG/tblKwoh1rbbOReA4e"}
[2026-06-20 06:38:18] [INFO] Airtable réponse {"http_code":200,"records":6,"error":null,"raw_preview":"{\"records\":[{\"id\":\"rec45V8lwzABhzxnj\",\"createdTime\":\"2026-05-21T09:00:31.000Z\",\"fields\":{\"AgentId (from AgentsIds)\":[\"camille\"],\"Order\":1,\"TypeId\":\"decouverte\",\"PlanningStatus\":\"Appel de découverte réservé\",\"Questions\":[\"reczBLconKqCBbM7L\",\"recICq5F6bjW3gg4Y\",\"recVI2Xroi3F7gajR\",\"recNk9Zn7CTIQzOyr\",\"receiIq9tYcTjRovz\"],\"AgentsIds\":[\"recCWyXh0NLw7zBfB\"],\"Description\":\"Première prise de contact "}
[2026-06-20 06:38:18] [DEBUG] Champs premier type brut {"fields":{"AgentId (from AgentsIds)":["camille"],"Order":1,"TypeId":"decouverte","PlanningStatus":"Appel de découverte réservé","Questions":["reczBLconKqCBbM7L","recICq5F6bjW3gg4Y","recVI2Xroi3F7gajR","recNk9Zn7CTIQzOyr","receiIq9tYcTjRovz"],"AgentsIds":["recCWyXh0NLw7zBfB"],"Description":"Première prise de contact et analyse de vos besoins","Color":"#7c3aed","Label":"Appel Découverte GuestLucky","Icon":"💬","Duration":30}}
[2026-06-20 06:38:18] [INFO] Types filtrés {"brut":6,"actifs":4}
[2026-06-20 06:38:18] [INFO] Airtable GET {"url":"https://api.airtable.com/v0/appaugs4hsh3iObQG/tbls6HegQyAgFGWIH"}
[2026-06-20 06:38:18] [INFO] Airtable réponse {"http_code":200,"records":6,"error":null,"raw_preview":"{\"records\":[{\"id\":\"rec45V8lwzABhzxnj\",\"createdTime\":\"2026-05-21T09:00:31.000Z\",\"fields\":{\"AgentId (from AgentsIds)\":[\"camille\"],\"Order\":1,\"TypeId\":\"decouverte\",\"PlanningStatus\":\"Appel de découverte réservé\",\"Questions\":[\"reczBLconKqCBbM7L\",\"recICq5F6bjW3gg4Y\",\"recVI2Xroi3F7gajR\",\"recNk9Zn7CTIQzOyr\",\"receiIq9tYcTjRovz\"],\"AgentsIds\":[\"recCWyXh0NLw7zBfB\"],\"Description\":\"Première prise de contact "}
[2026-06-20 06:38:18] [DEBUG] Champs premier type brut {"fields":{"AgentId (from AgentsIds)":["camille"],"Order":1,"TypeId":"decouverte","PlanningStatus":"Appel de découverte réservé","Questions":["reczBLconKqCBbM7L","recICq5F6bjW3gg4Y","recVI2Xroi3F7gajR","recNk9Zn7CTIQzOyr","receiIq9tYcTjRovz"],"AgentsIds":["recCWyXh0NLw7zBfB"],"Description":"Première prise de contact et analyse de vos besoins","Color":"#7c3aed","Label":"Appel Découverte GuestLucky","Icon":"💬","Duration":30}}
[2026-06-20 06:38:18] [INFO] Types filtrés {"brut":6,"actifs":4}
[2026-06-20 06:38:18] [INFO] Airtable GET {"url":"https://api.airtable.com/v0/appaugs4hsh3iObQG/tbls6HegQyAgFGWIH"}
[2026-06-20 06:38:18] [INFO] Airtable réponse {"http_code":200,"records":20,"error":null,"raw_preview":"{\"records\":[{\"id\":\"rec0H41i2V8jHzPsv\",\"createdTime\":\"2026-05-21T20:46:06.000Z\",\"fields\":{\"Question\":\"Quel outil utilisez-vous actuellement ?\",\"TypeId RecordID\":\"rec0H41i2V8jHzPsv\",\"Required\":true,\"FieldType\":\"single_choice\",\"Order\":2,\"Options\":\"SuperHote, Smoobu, Hostaway, Lodgify, Aucun, Autre\",\"MeetingTypes\":[\"reccrUdSb62CwjgdQ\"],\"TypeId\":[\"demo\"]}},{\"id\":\"rec46qcr9aIeN0kuP\",\"createdTime\":\"2026-"}
[2026-06-20 06:38:18] [INFO] Questions fetch {"count":20}
[2026-06-20 06:38:18] [INFO] Réponse finale {"agents":3,"meetingTypes":4}
[2026-06-20 06:38:18] [INFO] Airtable réponse {"http_code":200,"records":20,"error":null,"raw_preview":"{\"records\":[{\"id\":\"rec0H41i2V8jHzPsv\",\"createdTime\":\"2026-05-21T20:46:06.000Z\",\"fields\":{\"Question\":\"Quel outil utilisez-vous actuellement ?\",\"TypeId RecordID\":\"rec0H41i2V8jHzPsv\",\"Required\":true,\"FieldType\":\"single_choice\",\"Order\":2,\"Options\":\"SuperHote, Smoobu, Hostaway, Lodgify, Aucun, Autre\",\"MeetingTypes\":[\"reccrUdSb62CwjgdQ\"],\"TypeId\":[\"demo\"]}},{\"id\":\"rec46qcr9aIeN0kuP\",\"createdTime\":\"2026-"}
[2026-06-20 06:38:18] [INFO] Questions fetch {"count":20}
[2026-06-20 06:38:18] [INFO] Réponse finale {"agents":3,"meetingTypes":4}
[2026-06-20 09:37:16] [INFO] ───── Requête entrante ───── {"method":"GET","origin":"(none)","ip":"176.146.18.25","base_id":"appaugs4hsh3iObQG","tbl_agents":"tblrGsVbuPfuiYOtd","tbl_types":"tblKwoh1rbbOReA4e","token_hint":"patYRHbITQYMjt..."}
[2026-06-20 09:37:16] [INFO] Cache MISS — appel Airtable
[2026-06-20 09:37:16] [INFO] Airtable GET {"url":"https://api.airtable.com/v0/appaugs4hsh3iObQG/tblrGsVbuPfuiYOtd"}
[2026-06-20 09:37:18] [INFO] Airtable réponse {"http_code":200,"records":5,"error":null,"raw_preview":"{\"records\":[{\"id\":\"recCWyXh0NLw7zBfB\",\"createdTime\":\"2026-05-21T08:59:51.000Z\",\"fields\":{\"GoogleCalendarId\":\"a4f7a1684f155203185ea0459877db39f3df2778c6c563d3bdf0241fa90d7dd8@group.calendar.google.com\",\"Color\":\"#4f46e5\",\"MeetingTypes\":[\"rec45V8lwzABhzxnj\",\"reccrUdSb62CwjgdQ\",\"rec6UyAv7rbmTvmHo\"],\"WorkEnd\":18,\"Active\":true,\"WorkDays\":[\"0\",\"1\",\"2\",\"3\",\"4\",\"5\",\"6\"],\"WorkStart\":9,\"Email\":\"camillefauvea"}
[2026-06-20 09:37:18] [DEBUG] Champs premier agent brut {"fields":{"GoogleCalendarId":"a4f7a1684f155203185ea0459877db39f3df2778c6c563d3bdf0241fa90d7dd8@group.calendar.google.com","Color":"#4f46e5","MeetingTypes":["rec45V8lwzABhzxnj","reccrUdSb62CwjgdQ","rec6UyAv7rbmTvmHo"],"WorkEnd":18,"Active":true,"WorkDays":["0","1","2","3","4","5","6"],"WorkStart":9,"Email":"camillefauveau.service@gmail.com","Name":"Camille Fauveau","Role":"Ventes & Partenariats","AgentId":"camille"}}
[2026-06-20 09:37:18] [INFO] Agents filtrés {"brut":5,"actifs":3}
[2026-06-20 09:37:18] [INFO] Airtable GET {"url":"https://api.airtable.com/v0/appaugs4hsh3iObQG/tblKwoh1rbbOReA4e"}
[2026-06-20 09:37:18] [INFO] Airtable réponse {"http_code":200,"records":6,"error":null,"raw_preview":"{\"records\":[{\"id\":\"rec45V8lwzABhzxnj\",\"createdTime\":\"2026-05-21T09:00:31.000Z\",\"fields\":{\"AgentId (from AgentsIds)\":[\"camille\"],\"Order\":1,\"TypeId\":\"decouverte\",\"PlanningStatus\":\"Appel de découverte réservé\",\"Questions\":[\"reczBLconKqCBbM7L\",\"recICq5F6bjW3gg4Y\",\"recVI2Xroi3F7gajR\",\"recNk9Zn7CTIQzOyr\",\"receiIq9tYcTjRovz\"],\"AgentsIds\":[\"recCWyXh0NLw7zBfB\"],\"Description\":\"Première prise de contact "}
[2026-06-20 09:37:18] [DEBUG] Champs premier type brut {"fields":{"AgentId (from AgentsIds)":["camille"],"Order":1,"TypeId":"decouverte","PlanningStatus":"Appel de découverte réservé","Questions":["reczBLconKqCBbM7L","recICq5F6bjW3gg4Y","recVI2Xroi3F7gajR","recNk9Zn7CTIQzOyr","receiIq9tYcTjRovz"],"AgentsIds":["recCWyXh0NLw7zBfB"],"Description":"Première prise de contact et analyse de vos besoins","Color":"#7c3aed","Label":"Appel Découverte GuestLucky","Icon":"💬","Duration":30}}
[2026-06-20 09:37:18] [INFO] Types filtrés {"brut":6,"actifs":4}
[2026-06-20 09:37:18] [INFO] Airtable GET {"url":"https://api.airtable.com/v0/appaugs4hsh3iObQG/tbls6HegQyAgFGWIH"}
[2026-06-20 09:37:19] [INFO] Airtable réponse {"http_code":200,"records":20,"error":null,"raw_preview":"{\"records\":[{\"id\":\"rec0H41i2V8jHzPsv\",\"createdTime\":\"2026-05-21T20:46:06.000Z\",\"fields\":{\"Question\":\"Quel outil utilisez-vous actuellement ?\",\"TypeId RecordID\":\"rec0H41i2V8jHzPsv\",\"Required\":true,\"FieldType\":\"single_choice\",\"Order\":2,\"Options\":\"SuperHote, Smoobu, Hostaway, Lodgify, Aucun, Autre\",\"MeetingTypes\":[\"reccrUdSb62CwjgdQ\"],\"TypeId\":[\"demo\"]}},{\"id\":\"rec46qcr9aIeN0kuP\",\"createdTime\":\"2026-"}
[2026-06-20 09:37:19] [INFO] Questions fetch {"count":20}
[2026-06-20 09:37:19] [INFO] Réponse finale {"agents":3,"meetingTypes":4}
[2026-06-20 10:11:50] [INFO] ───── Requête entrante ───── {"method":"GET","origin":"(none)","ip":"62.36.116.35","base_id":"appaugs4hsh3iObQG","tbl_agents":"tblrGsVbuPfuiYOtd","tbl_types":"tblKwoh1rbbOReA4e","token_hint":"patYRHbITQYMjt..."}
[2026-06-20 10:11:50] [INFO] Cache MISS — appel Airtable
[2026-06-20 10:11:50] [INFO] Airtable GET {"url":"https://api.airtable.com/v0/appaugs4hsh3iObQG/tblrGsVbuPfuiYOtd"}
[2026-06-20 10:11:55] [INFO] Airtable réponse {"http_code":200,"records":5,"error":null,"raw_preview":"{\"records\":[{\"id\":\"recCWyXh0NLw7zBfB\",\"createdTime\":\"2026-05-21T08:59:51.000Z\",\"fields\":{\"GoogleCalendarId\":\"a4f7a1684f155203185ea0459877db39f3df2778c6c563d3bdf0241fa90d7dd8@group.calendar.google.com\",\"Color\":\"#4f46e5\",\"MeetingTypes\":[\"rec45V8lwzABhzxnj\",\"reccrUdSb62CwjgdQ\",\"rec6UyAv7rbmTvmHo\"],\"WorkEnd\":18,\"Active\":true,\"WorkDays\":[\"0\",\"1\",\"2\",\"3\",\"4\",\"5\",\"6\"],\"WorkStart\":9,\"Email\":\"camillefauvea"}
[2026-06-20 10:11:55] [DEBUG] Champs premier agent brut {"fields":{"GoogleCalendarId":"a4f7a1684f155203185ea0459877db39f3df2778c6c563d3bdf0241fa90d7dd8@group.calendar.google.com","Color":"#4f46e5","MeetingTypes":["rec45V8lwzABhzxnj","reccrUdSb62CwjgdQ","rec6UyAv7rbmTvmHo"],"WorkEnd":18,"Active":true,"WorkDays":["0","1","2","3","4","5","6"],"WorkStart":9,"Email":"camillefauveau.service@gmail.com","Name":"Camille Fauveau","Role":"Ventes & Partenariats","AgentId":"camille"}}
[2026-06-20 10:11:55] [INFO] Agents filtrés {"brut":5,"actifs":3}
[2026-06-20 10:11:55] [INFO] Airtable GET {"url":"https://api.airtable.com/v0/appaugs4hsh3iObQG/tblKwoh1rbbOReA4e"}
[2026-06-20 10:11:56] [INFO] Airtable réponse {"http_code":200,"records":6,"error":null,"raw_preview":"{\"records\":[{\"id\":\"rec45V8lwzABhzxnj\",\"createdTime\":\"2026-05-21T09:00:31.000Z\",\"fields\":{\"AgentId (from AgentsIds)\":[\"camille\"],\"Order\":1,\"TypeId\":\"decouverte\",\"PlanningStatus\":\"Appel de découverte réservé\",\"Questions\":[\"reczBLconKqCBbM7L\",\"recICq5F6bjW3gg4Y\",\"recVI2Xroi3F7gajR\",\"recNk9Zn7CTIQzOyr\",\"receiIq9tYcTjRovz\"],\"AgentsIds\":[\"recCWyXh0NLw7zBfB\"],\"Description\":\"Première prise de contact "}
[2026-06-20 10:11:56] [DEBUG] Champs premier type brut {"fields":{"AgentId (from AgentsIds)":["camille"],"Order":1,"TypeId":"decouverte","PlanningStatus":"Appel de découverte réservé","Questions":["reczBLconKqCBbM7L","recICq5F6bjW3gg4Y","recVI2Xroi3F7gajR","recNk9Zn7CTIQzOyr","receiIq9tYcTjRovz"],"AgentsIds":["recCWyXh0NLw7zBfB"],"Description":"Première prise de contact et analyse de vos besoins","Color":"#7c3aed","Label":"Appel Découverte GuestLucky","Icon":"💬","Duration":30}}
[2026-06-20 10:11:56] [INFO] Types filtrés {"brut":6,"actifs":4}
[2026-06-20 10:11:56] [INFO] Airtable GET {"url":"https://api.airtable.com/v0/appaugs4hsh3iObQG/tbls6HegQyAgFGWIH"}
[2026-06-20 10:11:56] [INFO] Airtable réponse {"http_code":200,"records":20,"error":null,"raw_preview":"{\"records\":[{\"id\":\"rec0H41i2V8jHzPsv\",\"createdTime\":\"2026-05-21T20:46:06.000Z\",\"fields\":{\"Question\":\"Quel outil utilisez-vous actuellement ?\",\"TypeId RecordID\":\"rec0H41i2V8jHzPsv\",\"Required\":true,\"FieldType\":\"single_choice\",\"Order\":2,\"Options\":\"SuperHote, Smoobu, Hostaway, Lodgify, Aucun, Autre\",\"MeetingTypes\":[\"reccrUdSb62CwjgdQ\"],\"TypeId\":[\"demo\"]}},{\"id\":\"rec46qcr9aIeN0kuP\",\"createdTime\":\"2026-"}
[2026-06-20 10:11:56] [INFO] Questions fetch {"count":20}
[2026-06-20 10:11:56] [INFO] Réponse finale {"agents":3,"meetingTypes":4}
[2026-06-20 10:18:16] [INFO] ───── Requête entrante ───── {"method":"GET","origin":"(none)","ip":"62.36.116.35","base_id":"appaugs4hsh3iObQG","tbl_agents":"tblrGsVbuPfuiYOtd","tbl_types":"tblKwoh1rbbOReA4e","token_hint":"patYRHbITQYMjt..."}
[2026-06-20 10:18:16] [INFO] Cache MISS — appel Airtable
[2026-06-20 10:18:16] [INFO] Airtable GET {"url":"https://api.airtable.com/v0/appaugs4hsh3iObQG/tblrGsVbuPfuiYOtd"}
[2026-06-20 10:18:18] [INFO] Airtable réponse {"http_code":200,"records":5,"error":null,"raw_preview":"{\"records\":[{\"id\":\"recCWyXh0NLw7zBfB\",\"createdTime\":\"2026-05-21T08:59:51.000Z\",\"fields\":{\"GoogleCalendarId\":\"a4f7a1684f155203185ea0459877db39f3df2778c6c563d3bdf0241fa90d7dd8@group.calendar.google.com\",\"Color\":\"#4f46e5\",\"MeetingTypes\":[\"rec45V8lwzABhzxnj\",\"reccrUdSb62CwjgdQ\",\"rec6UyAv7rbmTvmHo\"],\"WorkEnd\":18,\"Active\":true,\"WorkDays\":[\"0\",\"1\",\"2\",\"3\",\"4\",\"5\",\"6\"],\"WorkStart\":9,\"Email\":\"camillefauvea"}
[2026-06-20 10:18:18] [DEBUG] Champs premier agent brut {"fields":{"GoogleCalendarId":"a4f7a1684f155203185ea0459877db39f3df2778c6c563d3bdf0241fa90d7dd8@group.calendar.google.com","Color":"#4f46e5","MeetingTypes":["rec45V8lwzABhzxnj","reccrUdSb62CwjgdQ","rec6UyAv7rbmTvmHo"],"WorkEnd":18,"Active":true,"WorkDays":["0","1","2","3","4","5","6"],"WorkStart":9,"Email":"camillefauveau.service@gmail.com","Name":"Camille Fauveau","Role":"Ventes & Partenariats","AgentId":"camille"}}
[2026-06-20 10:18:18] [INFO] Agents filtrés {"brut":5,"actifs":3}
[2026-06-20 10:18:18] [INFO] Airtable GET {"url":"https://api.airtable.com/v0/appaugs4hsh3iObQG/tblKwoh1rbbOReA4e"}
[2026-06-20 10:18:19] [INFO] Airtable réponse {"http_code":200,"records":6,"error":null,"raw_preview":"{\"records\":[{\"id\":\"rec45V8lwzABhzxnj\",\"createdTime\":\"2026-05-21T09:00:31.000Z\",\"fields\":{\"AgentId (from AgentsIds)\":[\"camille\"],\"Order\":1,\"TypeId\":\"decouverte\",\"PlanningStatus\":\"Appel de découverte réservé\",\"Questions\":[\"reczBLconKqCBbM7L\",\"recICq5F6bjW3gg4Y\",\"recVI2Xroi3F7gajR\",\"recNk9Zn7CTIQzOyr\",\"receiIq9tYcTjRovz\"],\"AgentsIds\":[\"recCWyXh0NLw7zBfB\"],\"Description\":\"Première prise de contact "}
[2026-06-20 10:18:19] [DEBUG] Champs premier type brut {"fields":{"AgentId (from AgentsIds)":["camille"],"Order":1,"TypeId":"decouverte","PlanningStatus":"Appel de découverte réservé","Questions":["reczBLconKqCBbM7L","recICq5F6bjW3gg4Y","recVI2Xroi3F7gajR","recNk9Zn7CTIQzOyr","receiIq9tYcTjRovz"],"AgentsIds":["recCWyXh0NLw7zBfB"],"Description":"Première prise de contact et analyse de vos besoins","Color":"#7c3aed","Label":"Appel Découverte GuestLucky","Icon":"💬","Duration":30}}
[2026-06-20 10:18:19] [INFO] Types filtrés {"brut":6,"actifs":4}
[2026-06-20 10:18:19] [INFO] Airtable GET {"url":"https://api.airtable.com/v0/appaugs4hsh3iObQG/tbls6HegQyAgFGWIH"}
[2026-06-20 10:18:19] [INFO] Airtable réponse {"http_code":200,"records":20,"error":null,"raw_preview":"{\"records\":[{\"id\":\"rec0H41i2V8jHzPsv\",\"createdTime\":\"2026-05-21T20:46:06.000Z\",\"fields\":{\"Question\":\"Quel outil utilisez-vous actuellement ?\",\"TypeId RecordID\":\"rec0H41i2V8jHzPsv\",\"Required\":true,\"FieldType\":\"single_choice\",\"Order\":2,\"Options\":\"SuperHote, Smoobu, Hostaway, Lodgify, Aucun, Autre\",\"MeetingTypes\":[\"reccrUdSb62CwjgdQ\"],\"TypeId\":[\"demo\"]}},{\"id\":\"rec46qcr9aIeN0kuP\",\"createdTime\":\"2026-"}
[2026-06-20 10:18:19] [INFO] Questions fetch {"count":20}
[2026-06-20 10:18:19] [INFO] Réponse finale {"agents":3,"meetingTypes":4}
[2026-06-20 10:22:51] [INFO] ───── Requête entrante ───── {"method":"GET","origin":"(none)","ip":"66.249.66.41","base_id":"appaugs4hsh3iObQG","tbl_agents":"tblrGsVbuPfuiYOtd","tbl_types":"tblKwoh1rbbOReA4e","token_hint":"patYRHbITQYMjt..."}
[2026-06-20 10:22:51] [INFO] Cache HIT
[2026-06-20 10:42:03] [INFO] ───── Requête entrante ───── {"method":"GET","origin":"(none)","ip":"66.249.92.42","base_id":"appaugs4hsh3iObQG","tbl_agents":"tblrGsVbuPfuiYOtd","tbl_types":"tblKwoh1rbbOReA4e","token_hint":"patYRHbITQYMjt..."}
[2026-06-20 10:42:03] [INFO] Cache MISS — appel Airtable
[2026-06-20 10:42:03] [INFO] Airtable GET {"url":"https://api.airtable.com/v0/appaugs4hsh3iObQG/tblrGsVbuPfuiYOtd"}
[2026-06-20 10:42:06] [INFO] Airtable réponse {"http_code":200,"records":5,"error":null,"raw_preview":"{\"records\":[{\"id\":\"recCWyXh0NLw7zBfB\",\"createdTime\":\"2026-05-21T08:59:51.000Z\",\"fields\":{\"GoogleCalendarId\":\"a4f7a1684f155203185ea0459877db39f3df2778c6c563d3bdf0241fa90d7dd8@group.calendar.google.com\",\"Color\":\"#4f46e5\",\"MeetingTypes\":[\"rec45V8lwzABhzxnj\",\"reccrUdSb62CwjgdQ\",\"rec6UyAv7rbmTvmHo\"],\"WorkEnd\":18,\"Active\":true,\"WorkDays\":[\"0\",\"1\",\"2\",\"3\",\"4\",\"5\",\"6\"],\"WorkStart\":9,\"Email\":\"camillefauvea"}
[2026-06-20 10:42:06] [DEBUG] Champs premier agent brut {"fields":{"GoogleCalendarId":"a4f7a1684f155203185ea0459877db39f3df2778c6c563d3bdf0241fa90d7dd8@group.calendar.google.com","Color":"#4f46e5","MeetingTypes":["rec45V8lwzABhzxnj","reccrUdSb62CwjgdQ","rec6UyAv7rbmTvmHo"],"WorkEnd":18,"Active":true,"WorkDays":["0","1","2","3","4","5","6"],"WorkStart":9,"Email":"camillefauveau.service@gmail.com","Name":"Camille Fauveau","Role":"Ventes & Partenariats","AgentId":"camille"}}
[2026-06-20 10:42:06] [INFO] Agents filtrés {"brut":5,"actifs":3}
[2026-06-20 10:42:06] [INFO] Airtable GET {"url":"https://api.airtable.com/v0/appaugs4hsh3iObQG/tblKwoh1rbbOReA4e"}
[2026-06-20 10:42:06] [INFO] Airtable réponse {"http_code":200,"records":6,"error":null,"raw_preview":"{\"records\":[{\"id\":\"rec45V8lwzABhzxnj\",\"createdTime\":\"2026-05-21T09:00:31.000Z\",\"fields\":{\"AgentId (from AgentsIds)\":[\"camille\"],\"Order\":1,\"TypeId\":\"decouverte\",\"PlanningStatus\":\"Appel de découverte réservé\",\"Questions\":[\"reczBLconKqCBbM7L\",\"recICq5F6bjW3gg4Y\",\"recVI2Xroi3F7gajR\",\"recNk9Zn7CTIQzOyr\",\"receiIq9tYcTjRovz\"],\"AgentsIds\":[\"recCWyXh0NLw7zBfB\"],\"Description\":\"Première prise de contact "}
[2026-06-20 10:42:06] [DEBUG] Champs premier type brut {"fields":{"AgentId (from AgentsIds)":["camille"],"Order":1,"TypeId":"decouverte","PlanningStatus":"Appel de découverte réservé","Questions":["reczBLconKqCBbM7L","recICq5F6bjW3gg4Y","recVI2Xroi3F7gajR","recNk9Zn7CTIQzOyr","receiIq9tYcTjRovz"],"AgentsIds":["recCWyXh0NLw7zBfB"],"Description":"Première prise de contact et analyse de vos besoins","Color":"#7c3aed","Label":"Appel Découverte GuestLucky","Icon":"💬","Duration":30}}
[2026-06-20 10:42:06] [INFO] Types filtrés {"brut":6,"actifs":4}
[2026-06-20 10:42:06] [INFO] Airtable GET {"url":"https://api.airtable.com/v0/appaugs4hsh3iObQG/tbls6HegQyAgFGWIH"}
[2026-06-20 10:42:07] [INFO] Airtable réponse {"http_code":200,"records":20,"error":null,"raw_preview":"{\"records\":[{\"id\":\"rec0H41i2V8jHzPsv\",\"createdTime\":\"2026-05-21T20:46:06.000Z\",\"fields\":{\"Question\":\"Quel outil utilisez-vous actuellement ?\",\"TypeId RecordID\":\"rec0H41i2V8jHzPsv\",\"Required\":true,\"FieldType\":\"single_choice\",\"Order\":2,\"Options\":\"SuperHote, Smoobu, Hostaway, Lodgify, Aucun, Autre\",\"MeetingTypes\":[\"reccrUdSb62CwjgdQ\"],\"TypeId\":[\"demo\"]}},{\"id\":\"rec46qcr9aIeN0kuP\",\"createdTime\":\"2026-"}
[2026-06-20 10:42:07] [INFO] Questions fetch {"count":20}
[2026-06-20 10:42:07] [INFO] Réponse finale {"agents":3,"meetingTypes":4}
[2026-06-20 11:41:28] [INFO] ───── Requête entrante ───── {"method":"GET","origin":"(none)","ip":"90.104.50.69","base_id":"appaugs4hsh3iObQG","tbl_agents":"tblrGsVbuPfuiYOtd","tbl_types":"tblKwoh1rbbOReA4e","token_hint":"patYRHbITQYMjt..."}
[2026-06-20 11:41:28] [INFO] Cache MISS — appel Airtable
[2026-06-20 11:41:28] [INFO] Airtable GET {"url":"https://api.airtable.com/v0/appaugs4hsh3iObQG/tblrGsVbuPfuiYOtd"}
[2026-06-20 11:41:30] [INFO] Airtable réponse {"http_code":200,"records":5,"error":null,"raw_preview":"{\"records\":[{\"id\":\"recCWyXh0NLw7zBfB\",\"createdTime\":\"2026-05-21T08:59:51.000Z\",\"fields\":{\"GoogleCalendarId\":\"a4f7a1684f155203185ea0459877db39f3df2778c6c563d3bdf0241fa90d7dd8@group.calendar.google.com\",\"Color\":\"#4f46e5\",\"MeetingTypes\":[\"rec45V8lwzABhzxnj\",\"reccrUdSb62CwjgdQ\",\"rec6UyAv7rbmTvmHo\"],\"WorkEnd\":18,\"Active\":true,\"WorkDays\":[\"0\",\"1\",\"2\",\"3\",\"4\",\"5\",\"6\"],\"WorkStart\":9,\"Email\":\"camillefauvea"}
[2026-06-20 11:41:30] [DEBUG] Champs premier agent brut {"fields":{"GoogleCalendarId":"a4f7a1684f155203185ea0459877db39f3df2778c6c563d3bdf0241fa90d7dd8@group.calendar.google.com","Color":"#4f46e5","MeetingTypes":["rec45V8lwzABhzxnj","reccrUdSb62CwjgdQ","rec6UyAv7rbmTvmHo"],"WorkEnd":18,"Active":true,"WorkDays":["0","1","2","3","4","5","6"],"WorkStart":9,"Email":"camillefauveau.service@gmail.com","Name":"Camille Fauveau","Role":"Ventes & Partenariats","AgentId":"camille"}}
[2026-06-20 11:41:30] [INFO] Agents filtrés {"brut":5,"actifs":3}
[2026-06-20 11:41:30] [INFO] Airtable GET {"url":"https://api.airtable.com/v0/appaugs4hsh3iObQG/tblKwoh1rbbOReA4e"}
[2026-06-20 11:41:30] [INFO] Airtable réponse {"http_code":200,"records":6,"error":null,"raw_preview":"{\"records\":[{\"id\":\"rec45V8lwzABhzxnj\",\"createdTime\":\"2026-05-21T09:00:31.000Z\",\"fields\":{\"AgentId (from AgentsIds)\":[\"camille\"],\"Order\":1,\"TypeId\":\"decouverte\",\"PlanningStatus\":\"Appel de découverte réservé\",\"Questions\":[\"reczBLconKqCBbM7L\",\"recICq5F6bjW3gg4Y\",\"recVI2Xroi3F7gajR\",\"recNk9Zn7CTIQzOyr\",\"receiIq9tYcTjRovz\"],\"AgentsIds\":[\"recCWyXh0NLw7zBfB\"],\"Description\":\"Première prise de contact "}
[2026-06-20 11:41:30] [DEBUG] Champs premier type brut {"fields":{"AgentId (from AgentsIds)":["camille"],"Order":1,"TypeId":"decouverte","PlanningStatus":"Appel de découverte réservé","Questions":["reczBLconKqCBbM7L","recICq5F6bjW3gg4Y","recVI2Xroi3F7gajR","recNk9Zn7CTIQzOyr","receiIq9tYcTjRovz"],"AgentsIds":["recCWyXh0NLw7zBfB"],"Description":"Première prise de contact et analyse de vos besoins","Color":"#7c3aed","Label":"Appel Découverte GuestLucky","Icon":"💬","Duration":30}}
[2026-06-20 11:41:30] [INFO] Types filtrés {"brut":6,"actifs":4}
[2026-06-20 11:41:30] [INFO] Airtable GET {"url":"https://api.airtable.com/v0/appaugs4hsh3iObQG/tbls6HegQyAgFGWIH"}
[2026-06-20 11:41:31] [INFO] Airtable réponse {"http_code":200,"records":20,"error":null,"raw_preview":"{\"records\":[{\"id\":\"rec0H41i2V8jHzPsv\",\"createdTime\":\"2026-05-21T20:46:06.000Z\",\"fields\":{\"Question\":\"Quel outil utilisez-vous actuellement ?\",\"TypeId RecordID\":\"rec0H41i2V8jHzPsv\",\"Required\":true,\"FieldType\":\"single_choice\",\"Order\":2,\"Options\":\"SuperHote, Smoobu, Hostaway, Lodgify, Aucun, Autre\",\"MeetingTypes\":[\"reccrUdSb62CwjgdQ\"],\"TypeId\":[\"demo\"]}},{\"id\":\"rec46qcr9aIeN0kuP\",\"createdTime\":\"2026-"}
[2026-06-20 11:41:31] [INFO] Questions fetch {"count":20}
[2026-06-20 11:41:31] [INFO] Réponse finale {"agents":3,"meetingTypes":4}
[2026-06-20 21:51:02] [INFO] ───── Requête entrante ───── {"method":"GET","origin":"(none)","ip":"88.172.179.53","base_id":"appaugs4hsh3iObQG","tbl_agents":"tblrGsVbuPfuiYOtd","tbl_types":"tblKwoh1rbbOReA4e","token_hint":"patYRHbITQYMjt..."}
[2026-06-20 21:51:02] [INFO] Cache MISS — appel Airtable
[2026-06-20 21:51:02] [INFO] Airtable GET {"url":"https://api.airtable.com/v0/appaugs4hsh3iObQG/tblrGsVbuPfuiYOtd"}
[2026-06-20 21:51:05] [INFO] Airtable réponse {"http_code":200,"records":5,"error":null,"raw_preview":"{\"records\":[{\"id\":\"recCWyXh0NLw7zBfB\",\"createdTime\":\"2026-05-21T08:59:51.000Z\",\"fields\":{\"GoogleCalendarId\":\"a4f7a1684f155203185ea0459877db39f3df2778c6c563d3bdf0241fa90d7dd8@group.calendar.google.com\",\"Color\":\"#4f46e5\",\"MeetingTypes\":[\"rec45V8lwzABhzxnj\",\"reccrUdSb62CwjgdQ\",\"rec6UyAv7rbmTvmHo\"],\"WorkEnd\":18,\"Active\":true,\"WorkDays\":[\"0\",\"1\",\"2\",\"3\",\"4\",\"5\",\"6\"],\"WorkStart\":9,\"Email\":\"camillefauvea"}
[2026-06-20 21:51:05] [DEBUG] Champs premier agent brut {"fields":{"GoogleCalendarId":"a4f7a1684f155203185ea0459877db39f3df2778c6c563d3bdf0241fa90d7dd8@group.calendar.google.com","Color":"#4f46e5","MeetingTypes":["rec45V8lwzABhzxnj","reccrUdSb62CwjgdQ","rec6UyAv7rbmTvmHo"],"WorkEnd":18,"Active":true,"WorkDays":["0","1","2","3","4","5","6"],"WorkStart":9,"Email":"camillefauveau.service@gmail.com","Name":"Camille Fauveau","Role":"Ventes & Partenariats","AgentId":"camille"}}
[2026-06-20 21:51:05] [INFO] Agents filtrés {"brut":5,"actifs":3}
[2026-06-20 21:51:05] [INFO] Airtable GET {"url":"https://api.airtable.com/v0/appaugs4hsh3iObQG/tblKwoh1rbbOReA4e"}
[2026-06-20 21:51:06] [INFO] Airtable réponse {"http_code":200,"records":6,"error":null,"raw_preview":"{\"records\":[{\"id\":\"rec45V8lwzABhzxnj\",\"createdTime\":\"2026-05-21T09:00:31.000Z\",\"fields\":{\"AgentId (from AgentsIds)\":[\"camille\"],\"Order\":1,\"TypeId\":\"decouverte\",\"PlanningStatus\":\"Appel de découverte réservé\",\"Questions\":[\"reczBLconKqCBbM7L\",\"recICq5F6bjW3gg4Y\",\"recVI2Xroi3F7gajR\",\"recNk9Zn7CTIQzOyr\",\"receiIq9tYcTjRovz\"],\"AgentsIds\":[\"recCWyXh0NLw7zBfB\"],\"Description\":\"Première prise de contact "}
[2026-06-20 21:51:06] [DEBUG] Champs premier type brut {"fields":{"AgentId (from AgentsIds)":["camille"],"Order":1,"TypeId":"decouverte","PlanningStatus":"Appel de découverte réservé","Questions":["reczBLconKqCBbM7L","recICq5F6bjW3gg4Y","recVI2Xroi3F7gajR","recNk9Zn7CTIQzOyr","receiIq9tYcTjRovz"],"AgentsIds":["recCWyXh0NLw7zBfB"],"Description":"Première prise de contact et analyse de vos besoins","Color":"#7c3aed","Label":"Appel Découverte GuestLucky","Icon":"💬","Duration":30}}
[2026-06-20 21:51:06] [INFO] Types filtrés {"brut":6,"actifs":4}
[2026-06-20 21:51:06] [INFO] Airtable GET {"url":"https://api.airtable.com/v0/appaugs4hsh3iObQG/tbls6HegQyAgFGWIH"}
[2026-06-20 21:51:06] [INFO] Airtable réponse {"http_code":200,"records":20,"error":null,"raw_preview":"{\"records\":[{\"id\":\"rec0H41i2V8jHzPsv\",\"createdTime\":\"2026-05-21T20:46:06.000Z\",\"fields\":{\"Question\":\"Quel outil utilisez-vous actuellement ?\",\"TypeId RecordID\":\"rec0H41i2V8jHzPsv\",\"Required\":true,\"FieldType\":\"single_choice\",\"Order\":2,\"Options\":\"SuperHote, Smoobu, Hostaway, Lodgify, Aucun, Autre\",\"MeetingTypes\":[\"reccrUdSb62CwjgdQ\"],\"TypeId\":[\"demo\"]}},{\"id\":\"rec46qcr9aIeN0kuP\",\"createdTime\":\"2026-"}
[2026-06-20 21:51:06] [INFO] Questions fetch {"count":20}
[2026-06-20 21:51:06] [INFO] Réponse finale {"agents":3,"meetingTypes":4}
[2026-06-20 22:31:35] [INFO] ───── Requête entrante ───── {"method":"GET","origin":"(none)","ip":"66.249.66.41","base_id":"appaugs4hsh3iObQG","tbl_agents":"tblrGsVbuPfuiYOtd","tbl_types":"tblKwoh1rbbOReA4e","token_hint":"patYRHbITQYMjt..."}
[2026-06-20 22:31:35] [INFO] Cache MISS — appel Airtable
[2026-06-20 22:31:35] [INFO] Airtable GET {"url":"https://api.airtable.com/v0/appaugs4hsh3iObQG/tblrGsVbuPfuiYOtd"}
[2026-06-20 22:31:38] [INFO] Airtable réponse {"http_code":200,"records":5,"error":null,"raw_preview":"{\"records\":[{\"id\":\"recCWyXh0NLw7zBfB\",\"createdTime\":\"2026-05-21T08:59:51.000Z\",\"fields\":{\"GoogleCalendarId\":\"a4f7a1684f155203185ea0459877db39f3df2778c6c563d3bdf0241fa90d7dd8@group.calendar.google.com\",\"Color\":\"#4f46e5\",\"MeetingTypes\":[\"rec45V8lwzABhzxnj\",\"reccrUdSb62CwjgdQ\",\"rec6UyAv7rbmTvmHo\"],\"WorkEnd\":18,\"Active\":true,\"WorkDays\":[\"0\",\"1\",\"2\",\"3\",\"4\",\"5\",\"6\"],\"WorkStart\":9,\"Email\":\"camillefauvea"}
[2026-06-20 22:31:38] [DEBUG] Champs premier agent brut {"fields":{"GoogleCalendarId":"a4f7a1684f155203185ea0459877db39f3df2778c6c563d3bdf0241fa90d7dd8@group.calendar.google.com","Color":"#4f46e5","MeetingTypes":["rec45V8lwzABhzxnj","reccrUdSb62CwjgdQ","rec6UyAv7rbmTvmHo"],"WorkEnd":18,"Active":true,"WorkDays":["0","1","2","3","4","5","6"],"WorkStart":9,"Email":"camillefauveau.service@gmail.com","Name":"Camille Fauveau","Role":"Ventes & Partenariats","AgentId":"camille"}}
[2026-06-20 22:31:38] [INFO] Agents filtrés {"brut":5,"actifs":3}
[2026-06-20 22:31:38] [INFO] Airtable GET {"url":"https://api.airtable.com/v0/appaugs4hsh3iObQG/tblKwoh1rbbOReA4e"}
[2026-06-20 22:31:38] [INFO] Airtable réponse {"http_code":200,"records":6,"error":null,"raw_preview":"{\"records\":[{\"id\":\"rec45V8lwzABhzxnj\",\"createdTime\":\"2026-05-21T09:00:31.000Z\",\"fields\":{\"AgentId (from AgentsIds)\":[\"camille\"],\"Order\":1,\"TypeId\":\"decouverte\",\"PlanningStatus\":\"Appel de découverte réservé\",\"Questions\":[\"reczBLconKqCBbM7L\",\"recICq5F6bjW3gg4Y\",\"recVI2Xroi3F7gajR\",\"recNk9Zn7CTIQzOyr\",\"receiIq9tYcTjRovz\"],\"AgentsIds\":[\"recCWyXh0NLw7zBfB\"],\"Description\":\"Première prise de contact "}
[2026-06-20 22:31:38] [DEBUG] Champs premier type brut {"fields":{"AgentId (from AgentsIds)":["camille"],"Order":1,"TypeId":"decouverte","PlanningStatus":"Appel de découverte réservé","Questions":["reczBLconKqCBbM7L","recICq5F6bjW3gg4Y","recVI2Xroi3F7gajR","recNk9Zn7CTIQzOyr","receiIq9tYcTjRovz"],"AgentsIds":["recCWyXh0NLw7zBfB"],"Description":"Première prise de contact et analyse de vos besoins","Color":"#7c3aed","Label":"Appel Découverte GuestLucky","Icon":"💬","Duration":30}}
[2026-06-20 22:31:38] [INFO] Types filtrés {"brut":6,"actifs":4}
[2026-06-20 22:31:38] [INFO] Airtable GET {"url":"https://api.airtable.com/v0/appaugs4hsh3iObQG/tbls6HegQyAgFGWIH"}
[2026-06-20 22:31:39] [INFO] Airtable réponse {"http_code":200,"records":20,"error":null,"raw_preview":"{\"records\":[{\"id\":\"rec0H41i2V8jHzPsv\",\"createdTime\":\"2026-05-21T20:46:06.000Z\",\"fields\":{\"Question\":\"Quel outil utilisez-vous actuellement ?\",\"TypeId RecordID\":\"rec0H41i2V8jHzPsv\",\"Required\":true,\"FieldType\":\"single_choice\",\"Order\":2,\"Options\":\"SuperHote, Smoobu, Hostaway, Lodgify, Aucun, Autre\",\"MeetingTypes\":[\"reccrUdSb62CwjgdQ\"],\"TypeId\":[\"demo\"]}},{\"id\":\"rec46qcr9aIeN0kuP\",\"createdTime\":\"2026-"}
[2026-06-20 22:31:39] [INFO] Questions fetch {"count":20}
[2026-06-20 22:31:39] [INFO] Réponse finale {"agents":3,"meetingTypes":4}
[2026-06-20 22:32:38] [INFO] ───── Requête entrante ───── {"method":"GET","origin":"(none)","ip":"66.249.66.69","base_id":"appaugs4hsh3iObQG","tbl_agents":"tblrGsVbuPfuiYOtd","tbl_types":"tblKwoh1rbbOReA4e","token_hint":"patYRHbITQYMjt..."}
[2026-06-20 22:32:38] [INFO] Cache HIT
[2026-06-21 01:55:51] [INFO] ───── Requête entrante ───── {"method":"GET","origin":"(none)","ip":"47.99.205.73","base_id":"appaugs4hsh3iObQG","tbl_agents":"tblrGsVbuPfuiYOtd","tbl_types":"tblKwoh1rbbOReA4e","token_hint":"patYRHbITQYMjt..."}
[2026-06-21 01:55:52] [INFO] Cache MISS — appel Airtable
[2026-06-21 01:55:52] [INFO] Airtable GET {"url":"https://api.airtable.com/v0/appaugs4hsh3iObQG/tblrGsVbuPfuiYOtd"}
[2026-06-21 01:55:54] [INFO] Airtable réponse {"http_code":200,"records":5,"error":null,"raw_preview":"{\"records\":[{\"id\":\"recCWyXh0NLw7zBfB\",\"createdTime\":\"2026-05-21T08:59:51.000Z\",\"fields\":{\"GoogleCalendarId\":\"a4f7a1684f155203185ea0459877db39f3df2778c6c563d3bdf0241fa90d7dd8@group.calendar.google.com\",\"Color\":\"#4f46e5\",\"MeetingTypes\":[\"rec45V8lwzABhzxnj\",\"reccrUdSb62CwjgdQ\",\"rec6UyAv7rbmTvmHo\"],\"WorkEnd\":18,\"Active\":true,\"WorkDays\":[\"0\",\"1\",\"2\",\"3\",\"4\",\"5\",\"6\"],\"WorkStart\":9,\"Email\":\"camillefauvea"}
[2026-06-21 01:55:54] [DEBUG] Champs premier agent brut {"fields":{"GoogleCalendarId":"a4f7a1684f155203185ea0459877db39f3df2778c6c563d3bdf0241fa90d7dd8@group.calendar.google.com","Color":"#4f46e5","MeetingTypes":["rec45V8lwzABhzxnj","reccrUdSb62CwjgdQ","rec6UyAv7rbmTvmHo"],"WorkEnd":18,"Active":true,"WorkDays":["0","1","2","3","4","5","6"],"WorkStart":9,"Email":"camillefauveau.service@gmail.com","Name":"Camille Fauveau","Role":"Ventes & Partenariats","AgentId":"camille"}}
[2026-06-21 01:55:54] [INFO] Agents filtrés {"brut":5,"actifs":3}
[2026-06-21 01:55:54] [INFO] Airtable GET {"url":"https://api.airtable.com/v0/appaugs4hsh3iObQG/tblKwoh1rbbOReA4e"}
[2026-06-21 01:55:54] [INFO] Airtable réponse {"http_code":200,"records":6,"error":null,"raw_preview":"{\"records\":[{\"id\":\"rec45V8lwzABhzxnj\",\"createdTime\":\"2026-05-21T09:00:31.000Z\",\"fields\":{\"AgentId (from AgentsIds)\":[\"camille\"],\"Order\":1,\"TypeId\":\"decouverte\",\"PlanningStatus\":\"Appel de découverte réservé\",\"Questions\":[\"reczBLconKqCBbM7L\",\"recICq5F6bjW3gg4Y\",\"recVI2Xroi3F7gajR\",\"recNk9Zn7CTIQzOyr\",\"receiIq9tYcTjRovz\"],\"AgentsIds\":[\"recCWyXh0NLw7zBfB\"],\"Description\":\"Première prise de contact "}
[2026-06-21 01:55:54] [DEBUG] Champs premier type brut {"fields":{"AgentId (from AgentsIds)":["camille"],"Order":1,"TypeId":"decouverte","PlanningStatus":"Appel de découverte réservé","Questions":["reczBLconKqCBbM7L","recICq5F6bjW3gg4Y","recVI2Xroi3F7gajR","recNk9Zn7CTIQzOyr","receiIq9tYcTjRovz"],"AgentsIds":["recCWyXh0NLw7zBfB"],"Description":"Première prise de contact et analyse de vos besoins","Color":"#7c3aed","Label":"Appel Découverte GuestLucky","Icon":"💬","Duration":30}}
[2026-06-21 01:55:54] [INFO] Types filtrés {"brut":6,"actifs":4}
[2026-06-21 01:55:54] [INFO] Airtable GET {"url":"https://api.airtable.com/v0/appaugs4hsh3iObQG/tbls6HegQyAgFGWIH"}
[2026-06-21 01:55:55] [INFO] Airtable réponse {"http_code":200,"records":20,"error":null,"raw_preview":"{\"records\":[{\"id\":\"rec0H41i2V8jHzPsv\",\"createdTime\":\"2026-05-21T20:46:06.000Z\",\"fields\":{\"Question\":\"Quel outil utilisez-vous actuellement ?\",\"TypeId RecordID\":\"rec0H41i2V8jHzPsv\",\"Required\":true,\"FieldType\":\"single_choice\",\"Order\":2,\"Options\":\"SuperHote, Smoobu, Hostaway, Lodgify, Aucun, Autre\",\"MeetingTypes\":[\"reccrUdSb62CwjgdQ\"],\"TypeId\":[\"demo\"]}},{\"id\":\"rec46qcr9aIeN0kuP\",\"createdTime\":\"2026-"}
[2026-06-21 01:55:55] [INFO] Questions fetch {"count":20}
[2026-06-21 01:55:55] [INFO] Réponse finale {"agents":3,"meetingTypes":4}
[2026-06-21 03:21:38] [INFO] ───── Requête entrante ───── {"method":"GET","origin":"(none)","ip":"172.121.216.135","base_id":"appaugs4hsh3iObQG","tbl_agents":"tblrGsVbuPfuiYOtd","tbl_types":"tblKwoh1rbbOReA4e","token_hint":"patYRHbITQYMjt..."}
[2026-06-21 03:21:38] [INFO] Cache MISS — appel Airtable
[2026-06-21 03:21:38] [INFO] Airtable GET {"url":"https://api.airtable.com/v0/appaugs4hsh3iObQG/tblrGsVbuPfuiYOtd"}
[2026-06-21 03:21:43] [INFO] Airtable réponse {"http_code":200,"records":5,"error":null,"raw_preview":"{\"records\":[{\"id\":\"recCWyXh0NLw7zBfB\",\"createdTime\":\"2026-05-21T08:59:51.000Z\",\"fields\":{\"GoogleCalendarId\":\"a4f7a1684f155203185ea0459877db39f3df2778c6c563d3bdf0241fa90d7dd8@group.calendar.google.com\",\"Color\":\"#4f46e5\",\"MeetingTypes\":[\"rec45V8lwzABhzxnj\",\"reccrUdSb62CwjgdQ\",\"rec6UyAv7rbmTvmHo\"],\"WorkEnd\":18,\"Active\":true,\"WorkDays\":[\"0\",\"1\",\"2\",\"3\",\"4\",\"5\",\"6\"],\"WorkStart\":9,\"Email\":\"camillefauvea"}
[2026-06-21 03:21:43] [DEBUG] Champs premier agent brut {"fields":{"GoogleCalendarId":"a4f7a1684f155203185ea0459877db39f3df2778c6c563d3bdf0241fa90d7dd8@group.calendar.google.com","Color":"#4f46e5","MeetingTypes":["rec45V8lwzABhzxnj","reccrUdSb62CwjgdQ","rec6UyAv7rbmTvmHo"],"WorkEnd":18,"Active":true,"WorkDays":["0","1","2","3","4","5","6"],"WorkStart":9,"Email":"camillefauveau.service@gmail.com","Name":"Camille Fauveau","Role":"Ventes & Partenariats","AgentId":"camille"}}
[2026-06-21 03:21:43] [INFO] Agents filtrés {"brut":5,"actifs":3}
[2026-06-21 03:21:43] [INFO] Airtable GET {"url":"https://api.airtable.com/v0/appaugs4hsh3iObQG/tblKwoh1rbbOReA4e"}
[2026-06-21 03:21:44] [INFO] Airtable réponse {"http_code":200,"records":6,"error":null,"raw_preview":"{\"records\":[{\"id\":\"rec45V8lwzABhzxnj\",\"createdTime\":\"2026-05-21T09:00:31.000Z\",\"fields\":{\"AgentId (from AgentsIds)\":[\"camille\"],\"Order\":1,\"TypeId\":\"decouverte\",\"PlanningStatus\":\"Appel de découverte réservé\",\"Questions\":[\"reczBLconKqCBbM7L\",\"recICq5F6bjW3gg4Y\",\"recVI2Xroi3F7gajR\",\"recNk9Zn7CTIQzOyr\",\"receiIq9tYcTjRovz\"],\"AgentsIds\":[\"recCWyXh0NLw7zBfB\"],\"Description\":\"Première prise de contact "}
[2026-06-21 03:21:44] [DEBUG] Champs premier type brut {"fields":{"AgentId (from AgentsIds)":["camille"],"Order":1,"TypeId":"decouverte","PlanningStatus":"Appel de découverte réservé","Questions":["reczBLconKqCBbM7L","recICq5F6bjW3gg4Y","recVI2Xroi3F7gajR","recNk9Zn7CTIQzOyr","receiIq9tYcTjRovz"],"AgentsIds":["recCWyXh0NLw7zBfB"],"Description":"Première prise de contact et analyse de vos besoins","Color":"#7c3aed","Label":"Appel Découverte GuestLucky","Icon":"💬","Duration":30}}
[2026-06-21 03:21:44] [INFO] Types filtrés {"brut":6,"actifs":4}
[2026-06-21 03:21:44] [INFO] Airtable GET {"url":"https://api.airtable.com/v0/appaugs4hsh3iObQG/tbls6HegQyAgFGWIH"}
[2026-06-21 03:21:44] [INFO] Airtable réponse {"http_code":200,"records":20,"error":null,"raw_preview":"{\"records\":[{\"id\":\"rec0H41i2V8jHzPsv\",\"createdTime\":\"2026-05-21T20:46:06.000Z\",\"fields\":{\"Question\":\"Quel outil utilisez-vous actuellement ?\",\"TypeId RecordID\":\"rec0H41i2V8jHzPsv\",\"Required\":true,\"FieldType\":\"single_choice\",\"Order\":2,\"Options\":\"SuperHote, Smoobu, Hostaway, Lodgify, Aucun, Autre\",\"MeetingTypes\":[\"reccrUdSb62CwjgdQ\"],\"TypeId\":[\"demo\"]}},{\"id\":\"rec46qcr9aIeN0kuP\",\"createdTime\":\"2026-"}
[2026-06-21 03:21:44] [INFO] Questions fetch {"count":20}
[2026-06-21 03:21:44] [INFO] Réponse finale {"agents":3,"meetingTypes":4}
[2026-06-21 04:12:57] [INFO] ───── Requête entrante ───── {"method":"GET","origin":"(none)","ip":"90.36.64.229","base_id":"appaugs4hsh3iObQG","tbl_agents":"tblrGsVbuPfuiYOtd","tbl_types":"tblKwoh1rbbOReA4e","token_hint":"patYRHbITQYMjt..."}
[2026-06-21 04:12:57] [INFO] Cache MISS — appel Airtable
[2026-06-21 04:12:57] [INFO] Airtable GET {"url":"https://api.airtable.com/v0/appaugs4hsh3iObQG/tblrGsVbuPfuiYOtd"}
[2026-06-21 04:12:59] [INFO] Airtable réponse {"http_code":200,"records":5,"error":null,"raw_preview":"{\"records\":[{\"id\":\"recCWyXh0NLw7zBfB\",\"createdTime\":\"2026-05-21T08:59:51.000Z\",\"fields\":{\"GoogleCalendarId\":\"a4f7a1684f155203185ea0459877db39f3df2778c6c563d3bdf0241fa90d7dd8@group.calendar.google.com\",\"Color\":\"#4f46e5\",\"MeetingTypes\":[\"rec45V8lwzABhzxnj\",\"reccrUdSb62CwjgdQ\",\"rec6UyAv7rbmTvmHo\"],\"WorkEnd\":18,\"Active\":true,\"WorkDays\":[\"0\",\"1\",\"2\",\"3\",\"4\",\"5\",\"6\"],\"WorkStart\":9,\"Email\":\"camillefauvea"}
[2026-06-21 04:12:59] [DEBUG] Champs premier agent brut {"fields":{"GoogleCalendarId":"a4f7a1684f155203185ea0459877db39f3df2778c6c563d3bdf0241fa90d7dd8@group.calendar.google.com","Color":"#4f46e5","MeetingTypes":["rec45V8lwzABhzxnj","reccrUdSb62CwjgdQ","rec6UyAv7rbmTvmHo"],"WorkEnd":18,"Active":true,"WorkDays":["0","1","2","3","4","5","6"],"WorkStart":9,"Email":"camillefauveau.service@gmail.com","Name":"Camille Fauveau","Role":"Ventes & Partenariats","AgentId":"camille"}}
[2026-06-21 04:12:59] [INFO] Agents filtrés {"brut":5,"actifs":3}
[2026-06-21 04:12:59] [INFO] Airtable GET {"url":"https://api.airtable.com/v0/appaugs4hsh3iObQG/tblKwoh1rbbOReA4e"}
[2026-06-21 04:13:00] [INFO] Airtable réponse {"http_code":200,"records":6,"error":null,"raw_preview":"{\"records\":[{\"id\":\"rec45V8lwzABhzxnj\",\"createdTime\":\"2026-05-21T09:00:31.000Z\",\"fields\":{\"AgentId (from AgentsIds)\":[\"camille\"],\"Order\":1,\"TypeId\":\"decouverte\",\"PlanningStatus\":\"Appel de découverte réservé\",\"Questions\":[\"reczBLconKqCBbM7L\",\"recICq5F6bjW3gg4Y\",\"recVI2Xroi3F7gajR\",\"recNk9Zn7CTIQzOyr\",\"receiIq9tYcTjRovz\"],\"AgentsIds\":[\"recCWyXh0NLw7zBfB\"],\"Description\":\"Première prise de contact "}
[2026-06-21 04:13:00] [DEBUG] Champs premier type brut {"fields":{"AgentId (from AgentsIds)":["camille"],"Order":1,"TypeId":"decouverte","PlanningStatus":"Appel de découverte réservé","Questions":["reczBLconKqCBbM7L","recICq5F6bjW3gg4Y","recVI2Xroi3F7gajR","recNk9Zn7CTIQzOyr","receiIq9tYcTjRovz"],"AgentsIds":["recCWyXh0NLw7zBfB"],"Description":"Première prise de contact et analyse de vos besoins","Color":"#7c3aed","Label":"Appel Découverte GuestLucky","Icon":"💬","Duration":30}}
[2026-06-21 04:13:00] [INFO] Types filtrés {"brut":6,"actifs":4}
[2026-06-21 04:13:00] [INFO] Airtable GET {"url":"https://api.airtable.com/v0/appaugs4hsh3iObQG/tbls6HegQyAgFGWIH"}
[2026-06-21 04:13:00] [INFO] Airtable réponse {"http_code":200,"records":20,"error":null,"raw_preview":"{\"records\":[{\"id\":\"rec0H41i2V8jHzPsv\",\"createdTime\":\"2026-05-21T20:46:06.000Z\",\"fields\":{\"Question\":\"Quel outil utilisez-vous actuellement ?\",\"TypeId RecordID\":\"rec0H41i2V8jHzPsv\",\"Required\":true,\"FieldType\":\"single_choice\",\"Order\":2,\"Options\":\"SuperHote, Smoobu, Hostaway, Lodgify, Aucun, Autre\",\"MeetingTypes\":[\"reccrUdSb62CwjgdQ\"],\"TypeId\":[\"demo\"]}},{\"id\":\"rec46qcr9aIeN0kuP\",\"createdTime\":\"2026-"}
[2026-06-21 04:13:00] [INFO] Questions fetch {"count":20}
[2026-06-21 04:13:00] [INFO] Réponse finale {"agents":3,"meetingTypes":4}
[2026-06-21 07:58:48] [INFO] ───── Requête entrante ───── {"method":"GET","origin":"(none)","ip":"66.249.92.41","base_id":"appaugs4hsh3iObQG","tbl_agents":"tblrGsVbuPfuiYOtd","tbl_types":"tblKwoh1rbbOReA4e","token_hint":"patYRHbITQYMjt..."}
[2026-06-21 07:58:48] [INFO] Cache MISS — appel Airtable
[2026-06-21 07:58:48] [INFO] Airtable GET {"url":"https://api.airtable.com/v0/appaugs4hsh3iObQG/tblrGsVbuPfuiYOtd"}
[2026-06-21 07:58:50] [INFO] Airtable réponse {"http_code":200,"records":5,"error":null,"raw_preview":"{\"records\":[{\"id\":\"recCWyXh0NLw7zBfB\",\"createdTime\":\"2026-05-21T08:59:51.000Z\",\"fields\":{\"GoogleCalendarId\":\"a4f7a1684f155203185ea0459877db39f3df2778c6c563d3bdf0241fa90d7dd8@group.calendar.google.com\",\"Color\":\"#4f46e5\",\"MeetingTypes\":[\"rec45V8lwzABhzxnj\",\"reccrUdSb62CwjgdQ\",\"rec6UyAv7rbmTvmHo\"],\"WorkEnd\":18,\"Active\":true,\"WorkDays\":[\"0\",\"1\",\"2\",\"3\",\"4\",\"5\",\"6\"],\"WorkStart\":9,\"Email\":\"camillefauvea"}
[2026-06-21 07:58:50] [DEBUG] Champs premier agent brut {"fields":{"GoogleCalendarId":"a4f7a1684f155203185ea0459877db39f3df2778c6c563d3bdf0241fa90d7dd8@group.calendar.google.com","Color":"#4f46e5","MeetingTypes":["rec45V8lwzABhzxnj","reccrUdSb62CwjgdQ","rec6UyAv7rbmTvmHo"],"WorkEnd":18,"Active":true,"WorkDays":["0","1","2","3","4","5","6"],"WorkStart":9,"Email":"camillefauveau.service@gmail.com","Name":"Camille Fauveau","Role":"Ventes & Partenariats","AgentId":"camille"}}
[2026-06-21 07:58:50] [INFO] Agents filtrés {"brut":5,"actifs":3}
[2026-06-21 07:58:50] [INFO] Airtable GET {"url":"https://api.airtable.com/v0/appaugs4hsh3iObQG/tblKwoh1rbbOReA4e"}
[2026-06-21 07:58:51] [INFO] Airtable réponse {"http_code":200,"records":6,"error":null,"raw_preview":"{\"records\":[{\"id\":\"rec45V8lwzABhzxnj\",\"createdTime\":\"2026-05-21T09:00:31.000Z\",\"fields\":{\"AgentId (from AgentsIds)\":[\"camille\"],\"Order\":1,\"TypeId\":\"decouverte\",\"PlanningStatus\":\"Appel de découverte réservé\",\"Questions\":[\"reczBLconKqCBbM7L\",\"recICq5F6bjW3gg4Y\",\"recVI2Xroi3F7gajR\",\"recNk9Zn7CTIQzOyr\",\"receiIq9tYcTjRovz\"],\"AgentsIds\":[\"recCWyXh0NLw7zBfB\"],\"Description\":\"Première prise de contact "}
[2026-06-21 07:58:51] [DEBUG] Champs premier type brut {"fields":{"AgentId (from AgentsIds)":["camille"],"Order":1,"TypeId":"decouverte","PlanningStatus":"Appel de découverte réservé","Questions":["reczBLconKqCBbM7L","recICq5F6bjW3gg4Y","recVI2Xroi3F7gajR","recNk9Zn7CTIQzOyr","receiIq9tYcTjRovz"],"AgentsIds":["recCWyXh0NLw7zBfB"],"Description":"Première prise de contact et analyse de vos besoins","Color":"#7c3aed","Label":"Appel Découverte GuestLucky","Icon":"💬","Duration":30}}
[2026-06-21 07:58:51] [INFO] Types filtrés {"brut":6,"actifs":4}
[2026-06-21 07:58:51] [INFO] Airtable GET {"url":"https://api.airtable.com/v0/appaugs4hsh3iObQG/tbls6HegQyAgFGWIH"}
[2026-06-21 07:58:51] [INFO] Airtable réponse {"http_code":200,"records":20,"error":null,"raw_preview":"{\"records\":[{\"id\":\"rec0H41i2V8jHzPsv\",\"createdTime\":\"2026-05-21T20:46:06.000Z\",\"fields\":{\"Question\":\"Quel outil utilisez-vous actuellement ?\",\"TypeId RecordID\":\"rec0H41i2V8jHzPsv\",\"Required\":true,\"FieldType\":\"single_choice\",\"Order\":2,\"Options\":\"SuperHote, Smoobu, Hostaway, Lodgify, Aucun, Autre\",\"MeetingTypes\":[\"reccrUdSb62CwjgdQ\"],\"TypeId\":[\"demo\"]}},{\"id\":\"rec46qcr9aIeN0kuP\",\"createdTime\":\"2026-"}
[2026-06-21 07:58:51] [INFO] Questions fetch {"count":20}
[2026-06-21 07:58:51] [INFO] Réponse finale {"agents":3,"meetingTypes":4}
[2026-06-21 09:26:08] [INFO] ───── Requête entrante ───── {"method":"GET","origin":"(none)","ip":"88.126.30.244","base_id":"appaugs4hsh3iObQG","tbl_agents":"tblrGsVbuPfuiYOtd","tbl_types":"tblKwoh1rbbOReA4e","token_hint":"patYRHbITQYMjt..."}
[2026-06-21 09:26:09] [INFO] Cache MISS — appel Airtable
[2026-06-21 09:26:09] [INFO] Airtable GET {"url":"https://api.airtable.com/v0/appaugs4hsh3iObQG/tblrGsVbuPfuiYOtd"}
[2026-06-21 09:26:12] [INFO] Airtable réponse {"http_code":200,"records":5,"error":null,"raw_preview":"{\"records\":[{\"id\":\"recCWyXh0NLw7zBfB\",\"createdTime\":\"2026-05-21T08:59:51.000Z\",\"fields\":{\"GoogleCalendarId\":\"a4f7a1684f155203185ea0459877db39f3df2778c6c563d3bdf0241fa90d7dd8@group.calendar.google.com\",\"Color\":\"#4f46e5\",\"MeetingTypes\":[\"rec45V8lwzABhzxnj\",\"reccrUdSb62CwjgdQ\",\"rec6UyAv7rbmTvmHo\"],\"WorkEnd\":18,\"Active\":true,\"WorkDays\":[\"0\",\"1\",\"2\",\"3\",\"4\",\"5\",\"6\"],\"WorkStart\":9,\"Email\":\"camillefauvea"}
[2026-06-21 09:26:12] [DEBUG] Champs premier agent brut {"fields":{"GoogleCalendarId":"a4f7a1684f155203185ea0459877db39f3df2778c6c563d3bdf0241fa90d7dd8@group.calendar.google.com","Color":"#4f46e5","MeetingTypes":["rec45V8lwzABhzxnj","reccrUdSb62CwjgdQ","rec6UyAv7rbmTvmHo"],"WorkEnd":18,"Active":true,"WorkDays":["0","1","2","3","4","5","6"],"WorkStart":9,"Email":"camillefauveau.service@gmail.com","Name":"Camille Fauveau","Role":"Ventes & Partenariats","AgentId":"camille"}}
[2026-06-21 09:26:12] [INFO] Agents filtrés {"brut":5,"actifs":3}
[2026-06-21 09:26:12] [INFO] Airtable GET {"url":"https://api.airtable.com/v0/appaugs4hsh3iObQG/tblKwoh1rbbOReA4e"}
[2026-06-21 09:26:12] [INFO] Airtable réponse {"http_code":200,"records":6,"error":null,"raw_preview":"{\"records\":[{\"id\":\"rec45V8lwzABhzxnj\",\"createdTime\":\"2026-05-21T09:00:31.000Z\",\"fields\":{\"AgentId (from AgentsIds)\":[\"camille\"],\"Order\":1,\"TypeId\":\"decouverte\",\"PlanningStatus\":\"Appel de découverte réservé\",\"Questions\":[\"reczBLconKqCBbM7L\",\"recICq5F6bjW3gg4Y\",\"recVI2Xroi3F7gajR\",\"recNk9Zn7CTIQzOyr\",\"receiIq9tYcTjRovz\"],\"AgentsIds\":[\"recCWyXh0NLw7zBfB\"],\"Description\":\"Première prise de contact "}
[2026-06-21 09:26:12] [DEBUG] Champs premier type brut {"fields":{"AgentId (from AgentsIds)":["camille"],"Order":1,"TypeId":"decouverte","PlanningStatus":"Appel de découverte réservé","Questions":["reczBLconKqCBbM7L","recICq5F6bjW3gg4Y","recVI2Xroi3F7gajR","recNk9Zn7CTIQzOyr","receiIq9tYcTjRovz"],"AgentsIds":["recCWyXh0NLw7zBfB"],"Description":"Première prise de contact et analyse de vos besoins","Color":"#7c3aed","Label":"Appel Découverte GuestLucky","Icon":"💬","Duration":30}}
[2026-06-21 09:26:12] [INFO] Types filtrés {"brut":6,"actifs":4}
[2026-06-21 09:26:12] [INFO] Airtable GET {"url":"https://api.airtable.com/v0/appaugs4hsh3iObQG/tbls6HegQyAgFGWIH"}
[2026-06-21 09:26:13] [INFO] Airtable réponse {"http_code":200,"records":20,"error":null,"raw_preview":"{\"records\":[{\"id\":\"rec0H41i2V8jHzPsv\",\"createdTime\":\"2026-05-21T20:46:06.000Z\",\"fields\":{\"Question\":\"Quel outil utilisez-vous actuellement ?\",\"TypeId RecordID\":\"rec0H41i2V8jHzPsv\",\"Required\":true,\"FieldType\":\"single_choice\",\"Order\":2,\"Options\":\"SuperHote, Smoobu, Hostaway, Lodgify, Aucun, Autre\",\"MeetingTypes\":[\"reccrUdSb62CwjgdQ\"],\"TypeId\":[\"demo\"]}},{\"id\":\"rec46qcr9aIeN0kuP\",\"createdTime\":\"2026-"}
[2026-06-21 09:26:13] [INFO] Questions fetch {"count":20}
[2026-06-21 09:26:13] [INFO] Réponse finale {"agents":3,"meetingTypes":4}
[2026-06-21 10:12:01] [INFO] ───── Requête entrante ───── {"method":"GET","origin":"(none)","ip":"88.126.30.244","base_id":"appaugs4hsh3iObQG","tbl_agents":"tblrGsVbuPfuiYOtd","tbl_types":"tblKwoh1rbbOReA4e","token_hint":"patYRHbITQYMjt..."}
[2026-06-21 10:12:01] [INFO] Cache MISS — appel Airtable
[2026-06-21 10:12:01] [INFO] Airtable GET {"url":"https://api.airtable.com/v0/appaugs4hsh3iObQG/tblrGsVbuPfuiYOtd"}
[2026-06-21 10:12:03] [INFO] Airtable réponse {"http_code":200,"records":5,"error":null,"raw_preview":"{\"records\":[{\"id\":\"recCWyXh0NLw7zBfB\",\"createdTime\":\"2026-05-21T08:59:51.000Z\",\"fields\":{\"GoogleCalendarId\":\"a4f7a1684f155203185ea0459877db39f3df2778c6c563d3bdf0241fa90d7dd8@group.calendar.google.com\",\"Color\":\"#4f46e5\",\"MeetingTypes\":[\"rec45V8lwzABhzxnj\",\"reccrUdSb62CwjgdQ\",\"rec6UyAv7rbmTvmHo\"],\"WorkEnd\":18,\"Active\":true,\"WorkDays\":[\"0\",\"1\",\"2\",\"3\",\"4\",\"5\",\"6\"],\"WorkStart\":9,\"Email\":\"camillefauvea"}
[2026-06-21 10:12:03] [DEBUG] Champs premier agent brut {"fields":{"GoogleCalendarId":"a4f7a1684f155203185ea0459877db39f3df2778c6c563d3bdf0241fa90d7dd8@group.calendar.google.com","Color":"#4f46e5","MeetingTypes":["rec45V8lwzABhzxnj","reccrUdSb62CwjgdQ","rec6UyAv7rbmTvmHo"],"WorkEnd":18,"Active":true,"WorkDays":["0","1","2","3","4","5","6"],"WorkStart":9,"Email":"camillefauveau.service@gmail.com","Name":"Camille Fauveau","Role":"Ventes & Partenariats","AgentId":"camille"}}
[2026-06-21 10:12:03] [INFO] Agents filtrés {"brut":5,"actifs":3}
[2026-06-21 10:12:03] [INFO] Airtable GET {"url":"https://api.airtable.com/v0/appaugs4hsh3iObQG/tblKwoh1rbbOReA4e"}
[2026-06-21 10:12:04] [INFO] Airtable réponse {"http_code":200,"records":6,"error":null,"raw_preview":"{\"records\":[{\"id\":\"rec45V8lwzABhzxnj\",\"createdTime\":\"2026-05-21T09:00:31.000Z\",\"fields\":{\"AgentId (from AgentsIds)\":[\"camille\"],\"Order\":1,\"TypeId\":\"decouverte\",\"PlanningStatus\":\"Appel de découverte réservé\",\"Questions\":[\"reczBLconKqCBbM7L\",\"recICq5F6bjW3gg4Y\",\"recVI2Xroi3F7gajR\",\"recNk9Zn7CTIQzOyr\",\"receiIq9tYcTjRovz\"],\"AgentsIds\":[\"recCWyXh0NLw7zBfB\"],\"Description\":\"Première prise de contact "}
[2026-06-21 10:12:04] [DEBUG] Champs premier type brut {"fields":{"AgentId (from AgentsIds)":["camille"],"Order":1,"TypeId":"decouverte","PlanningStatus":"Appel de découverte réservé","Questions":["reczBLconKqCBbM7L","recICq5F6bjW3gg4Y","recVI2Xroi3F7gajR","recNk9Zn7CTIQzOyr","receiIq9tYcTjRovz"],"AgentsIds":["recCWyXh0NLw7zBfB"],"Description":"Première prise de contact et analyse de vos besoins","Color":"#7c3aed","Label":"Appel Découverte GuestLucky","Icon":"💬","Duration":30}}
[2026-06-21 10:12:04] [INFO] Types filtrés {"brut":6,"actifs":4}
[2026-06-21 10:12:04] [INFO] Airtable GET {"url":"https://api.airtable.com/v0/appaugs4hsh3iObQG/tbls6HegQyAgFGWIH"}
[2026-06-21 10:12:04] [INFO] Airtable réponse {"http_code":200,"records":20,"error":null,"raw_preview":"{\"records\":[{\"id\":\"rec0H41i2V8jHzPsv\",\"createdTime\":\"2026-05-21T20:46:06.000Z\",\"fields\":{\"Question\":\"Quel outil utilisez-vous actuellement ?\",\"TypeId RecordID\":\"rec0H41i2V8jHzPsv\",\"Required\":true,\"FieldType\":\"single_choice\",\"Order\":2,\"Options\":\"SuperHote, Smoobu, Hostaway, Lodgify, Aucun, Autre\",\"MeetingTypes\":[\"reccrUdSb62CwjgdQ\"],\"TypeId\":[\"demo\"]}},{\"id\":\"rec46qcr9aIeN0kuP\",\"createdTime\":\"2026-"}
[2026-06-21 10:12:04] [INFO] Questions fetch {"count":20}
[2026-06-21 10:12:04] [INFO] Réponse finale {"agents":3,"meetingTypes":4}
[2026-06-21 10:36:07] [INFO] ───── Requête entrante ───── {"method":"GET","origin":"(none)","ip":"88.160.90.134","base_id":"appaugs4hsh3iObQG","tbl_agents":"tblrGsVbuPfuiYOtd","tbl_types":"tblKwoh1rbbOReA4e","token_hint":"patYRHbITQYMjt..."}
[2026-06-21 10:36:07] [INFO] Cache MISS — appel Airtable
[2026-06-21 10:36:07] [INFO] Airtable GET {"url":"https://api.airtable.com/v0/appaugs4hsh3iObQG/tblrGsVbuPfuiYOtd"}
[2026-06-21 10:36:09] [INFO] Airtable réponse {"http_code":200,"records":5,"error":null,"raw_preview":"{\"records\":[{\"id\":\"recCWyXh0NLw7zBfB\",\"createdTime\":\"2026-05-21T08:59:51.000Z\",\"fields\":{\"GoogleCalendarId\":\"a4f7a1684f155203185ea0459877db39f3df2778c6c563d3bdf0241fa90d7dd8@group.calendar.google.com\",\"Color\":\"#4f46e5\",\"MeetingTypes\":[\"rec45V8lwzABhzxnj\",\"reccrUdSb62CwjgdQ\",\"rec6UyAv7rbmTvmHo\"],\"WorkEnd\":18,\"Active\":true,\"WorkDays\":[\"0\",\"1\",\"2\",\"3\",\"4\",\"5\",\"6\"],\"WorkStart\":9,\"Email\":\"camillefauvea"}
[2026-06-21 10:36:09] [DEBUG] Champs premier agent brut {"fields":{"GoogleCalendarId":"a4f7a1684f155203185ea0459877db39f3df2778c6c563d3bdf0241fa90d7dd8@group.calendar.google.com","Color":"#4f46e5","MeetingTypes":["rec45V8lwzABhzxnj","reccrUdSb62CwjgdQ","rec6UyAv7rbmTvmHo"],"WorkEnd":18,"Active":true,"WorkDays":["0","1","2","3","4","5","6"],"WorkStart":9,"Email":"camillefauveau.service@gmail.com","Name":"Camille Fauveau","Role":"Ventes & Partenariats","AgentId":"camille"}}
[2026-06-21 10:36:09] [INFO] Agents filtrés {"brut":5,"actifs":3}
[2026-06-21 10:36:09] [INFO] Airtable GET {"url":"https://api.airtable.com/v0/appaugs4hsh3iObQG/tblKwoh1rbbOReA4e"}
[2026-06-21 10:36:09] [INFO] Airtable réponse {"http_code":200,"records":6,"error":null,"raw_preview":"{\"records\":[{\"id\":\"rec45V8lwzABhzxnj\",\"createdTime\":\"2026-05-21T09:00:31.000Z\",\"fields\":{\"AgentId (from AgentsIds)\":[\"camille\"],\"Order\":1,\"TypeId\":\"decouverte\",\"PlanningStatus\":\"Appel de découverte réservé\",\"Questions\":[\"reczBLconKqCBbM7L\",\"recICq5F6bjW3gg4Y\",\"recVI2Xroi3F7gajR\",\"recNk9Zn7CTIQzOyr\",\"receiIq9tYcTjRovz\"],\"AgentsIds\":[\"recCWyXh0NLw7zBfB\"],\"Description\":\"Première prise de contact "}
[2026-06-21 10:36:09] [DEBUG] Champs premier type brut {"fields":{"AgentId (from AgentsIds)":["camille"],"Order":1,"TypeId":"decouverte","PlanningStatus":"Appel de découverte réservé","Questions":["reczBLconKqCBbM7L","recICq5F6bjW3gg4Y","recVI2Xroi3F7gajR","recNk9Zn7CTIQzOyr","receiIq9tYcTjRovz"],"AgentsIds":["recCWyXh0NLw7zBfB"],"Description":"Première prise de contact et analyse de vos besoins","Color":"#7c3aed","Label":"Appel Découverte GuestLucky","Icon":"💬","Duration":30}}
[2026-06-21 10:36:09] [INFO] Types filtrés {"brut":6,"actifs":4}
[2026-06-21 10:36:09] [INFO] Airtable GET {"url":"https://api.airtable.com/v0/appaugs4hsh3iObQG/tbls6HegQyAgFGWIH"}
[2026-06-21 10:36:10] [INFO] Airtable réponse {"http_code":200,"records":20,"error":null,"raw_preview":"{\"records\":[{\"id\":\"rec0H41i2V8jHzPsv\",\"createdTime\":\"2026-05-21T20:46:06.000Z\",\"fields\":{\"Question\":\"Quel outil utilisez-vous actuellement ?\",\"TypeId RecordID\":\"rec0H41i2V8jHzPsv\",\"Required\":true,\"FieldType\":\"single_choice\",\"Order\":2,\"Options\":\"SuperHote, Smoobu, Hostaway, Lodgify, Aucun, Autre\",\"MeetingTypes\":[\"reccrUdSb62CwjgdQ\"],\"TypeId\":[\"demo\"]}},{\"id\":\"rec46qcr9aIeN0kuP\",\"createdTime\":\"2026-"}
[2026-06-21 10:36:10] [INFO] Questions fetch {"count":20}
[2026-06-21 10:36:10] [INFO] Réponse finale {"agents":3,"meetingTypes":4}
[2026-06-21 10:59:35] [INFO] ───── Requête entrante ───── {"method":"GET","origin":"(none)","ip":"66.249.66.45","base_id":"appaugs4hsh3iObQG","tbl_agents":"tblrGsVbuPfuiYOtd","tbl_types":"tblKwoh1rbbOReA4e","token_hint":"patYRHbITQYMjt..."}
[2026-06-21 10:59:35] [INFO] Cache MISS — appel Airtable
[2026-06-21 10:59:35] [INFO] Airtable GET {"url":"https://api.airtable.com/v0/appaugs4hsh3iObQG/tblrGsVbuPfuiYOtd"}
[2026-06-21 10:59:37] [INFO] Airtable réponse {"http_code":200,"records":5,"error":null,"raw_preview":"{\"records\":[{\"id\":\"recCWyXh0NLw7zBfB\",\"createdTime\":\"2026-05-21T08:59:51.000Z\",\"fields\":{\"GoogleCalendarId\":\"a4f7a1684f155203185ea0459877db39f3df2778c6c563d3bdf0241fa90d7dd8@group.calendar.google.com\",\"Color\":\"#4f46e5\",\"MeetingTypes\":[\"rec45V8lwzABhzxnj\",\"reccrUdSb62CwjgdQ\",\"rec6UyAv7rbmTvmHo\"],\"WorkEnd\":18,\"Active\":true,\"WorkDays\":[\"0\",\"1\",\"2\",\"3\",\"4\",\"5\",\"6\"],\"WorkStart\":9,\"Email\":\"camillefauvea"}
[2026-06-21 10:59:37] [DEBUG] Champs premier agent brut {"fields":{"GoogleCalendarId":"a4f7a1684f155203185ea0459877db39f3df2778c6c563d3bdf0241fa90d7dd8@group.calendar.google.com","Color":"#4f46e5","MeetingTypes":["rec45V8lwzABhzxnj","reccrUdSb62CwjgdQ","rec6UyAv7rbmTvmHo"],"WorkEnd":18,"Active":true,"WorkDays":["0","1","2","3","4","5","6"],"WorkStart":9,"Email":"camillefauveau.service@gmail.com","Name":"Camille Fauveau","Role":"Ventes & Partenariats","AgentId":"camille"}}
[2026-06-21 10:59:37] [INFO] Agents filtrés {"brut":5,"actifs":3}
[2026-06-21 10:59:37] [INFO] Airtable GET {"url":"https://api.airtable.com/v0/appaugs4hsh3iObQG/tblKwoh1rbbOReA4e"}
[2026-06-21 10:59:38] [INFO] Airtable réponse {"http_code":200,"records":6,"error":null,"raw_preview":"{\"records\":[{\"id\":\"rec45V8lwzABhzxnj\",\"createdTime\":\"2026-05-21T09:00:31.000Z\",\"fields\":{\"AgentId (from AgentsIds)\":[\"camille\"],\"Order\":1,\"TypeId\":\"decouverte\",\"PlanningStatus\":\"Appel de découverte réservé\",\"Questions\":[\"reczBLconKqCBbM7L\",\"recICq5F6bjW3gg4Y\",\"recVI2Xroi3F7gajR\",\"recNk9Zn7CTIQzOyr\",\"receiIq9tYcTjRovz\"],\"AgentsIds\":[\"recCWyXh0NLw7zBfB\"],\"Description\":\"Première prise de contact "}
[2026-06-21 10:59:38] [DEBUG] Champs premier type brut {"fields":{"AgentId (from AgentsIds)":["camille"],"Order":1,"TypeId":"decouverte","PlanningStatus":"Appel de découverte réservé","Questions":["reczBLconKqCBbM7L","recICq5F6bjW3gg4Y","recVI2Xroi3F7gajR","recNk9Zn7CTIQzOyr","receiIq9tYcTjRovz"],"AgentsIds":["recCWyXh0NLw7zBfB"],"Description":"Première prise de contact et analyse de vos besoins","Color":"#7c3aed","Label":"Appel Découverte GuestLucky","Icon":"💬","Duration":30}}
[2026-06-21 10:59:38] [INFO] Types filtrés {"brut":6,"actifs":4}
[2026-06-21 10:59:38] [INFO] Airtable GET {"url":"https://api.airtable.com/v0/appaugs4hsh3iObQG/tbls6HegQyAgFGWIH"}
[2026-06-21 10:59:38] [INFO] Airtable réponse {"http_code":200,"records":20,"error":null,"raw_preview":"{\"records\":[{\"id\":\"rec0H41i2V8jHzPsv\",\"createdTime\":\"2026-05-21T20:46:06.000Z\",\"fields\":{\"Question\":\"Quel outil utilisez-vous actuellement ?\",\"TypeId RecordID\":\"rec0H41i2V8jHzPsv\",\"Required\":true,\"FieldType\":\"single_choice\",\"Order\":2,\"Options\":\"SuperHote, Smoobu, Hostaway, Lodgify, Aucun, Autre\",\"MeetingTypes\":[\"reccrUdSb62CwjgdQ\"],\"TypeId\":[\"demo\"]}},{\"id\":\"rec46qcr9aIeN0kuP\",\"createdTime\":\"2026-"}
[2026-06-21 10:59:38] [INFO] Questions fetch {"count":20}
[2026-06-21 10:59:38] [INFO] Réponse finale {"agents":3,"meetingTypes":4}
[2026-06-21 11:06:12] [INFO] ───── Requête entrante ───── {"method":"GET","origin":"(none)","ip":"37.65.163.124","base_id":"appaugs4hsh3iObQG","tbl_agents":"tblrGsVbuPfuiYOtd","tbl_types":"tblKwoh1rbbOReA4e","token_hint":"patYRHbITQYMjt..."}
[2026-06-21 11:06:12] [INFO] Cache MISS — appel Airtable
[2026-06-21 11:06:12] [INFO] Airtable GET {"url":"https://api.airtable.com/v0/appaugs4hsh3iObQG/tblrGsVbuPfuiYOtd"}
[2026-06-21 11:06:15] [INFO] Airtable réponse {"http_code":200,"records":5,"error":null,"raw_preview":"{\"records\":[{\"id\":\"recCWyXh0NLw7zBfB\",\"createdTime\":\"2026-05-21T08:59:51.000Z\",\"fields\":{\"GoogleCalendarId\":\"a4f7a1684f155203185ea0459877db39f3df2778c6c563d3bdf0241fa90d7dd8@group.calendar.google.com\",\"Color\":\"#4f46e5\",\"MeetingTypes\":[\"rec45V8lwzABhzxnj\",\"reccrUdSb62CwjgdQ\",\"rec6UyAv7rbmTvmHo\"],\"WorkEnd\":18,\"Active\":true,\"WorkDays\":[\"0\",\"1\",\"2\",\"3\",\"4\",\"5\",\"6\"],\"WorkStart\":9,\"Email\":\"camillefauvea"}
[2026-06-21 11:06:15] [DEBUG] Champs premier agent brut {"fields":{"GoogleCalendarId":"a4f7a1684f155203185ea0459877db39f3df2778c6c563d3bdf0241fa90d7dd8@group.calendar.google.com","Color":"#4f46e5","MeetingTypes":["rec45V8lwzABhzxnj","reccrUdSb62CwjgdQ","rec6UyAv7rbmTvmHo"],"WorkEnd":18,"Active":true,"WorkDays":["0","1","2","3","4","5","6"],"WorkStart":9,"Email":"camillefauveau.service@gmail.com","Name":"Camille Fauveau","Role":"Ventes & Partenariats","AgentId":"camille"}}
[2026-06-21 11:06:15] [INFO] Agents filtrés {"brut":5,"actifs":3}
[2026-06-21 11:06:15] [INFO] Airtable GET {"url":"https://api.airtable.com/v0/appaugs4hsh3iObQG/tblKwoh1rbbOReA4e"}
[2026-06-21 11:06:15] [INFO] Airtable réponse {"http_code":200,"records":6,"error":null,"raw_preview":"{\"records\":[{\"id\":\"rec45V8lwzABhzxnj\",\"createdTime\":\"2026-05-21T09:00:31.000Z\",\"fields\":{\"AgentId (from AgentsIds)\":[\"camille\"],\"Order\":1,\"TypeId\":\"decouverte\",\"PlanningStatus\":\"Appel de découverte réservé\",\"Questions\":[\"reczBLconKqCBbM7L\",\"recICq5F6bjW3gg4Y\",\"recVI2Xroi3F7gajR\",\"recNk9Zn7CTIQzOyr\",\"receiIq9tYcTjRovz\"],\"AgentsIds\":[\"recCWyXh0NLw7zBfB\"],\"Description\":\"Première prise de contact "}
[2026-06-21 11:06:15] [DEBUG] Champs premier type brut {"fields":{"AgentId (from AgentsIds)":["camille"],"Order":1,"TypeId":"decouverte","PlanningStatus":"Appel de découverte réservé","Questions":["reczBLconKqCBbM7L","recICq5F6bjW3gg4Y","recVI2Xroi3F7gajR","recNk9Zn7CTIQzOyr","receiIq9tYcTjRovz"],"AgentsIds":["recCWyXh0NLw7zBfB"],"Description":"Première prise de contact et analyse de vos besoins","Color":"#7c3aed","Label":"Appel Découverte GuestLucky","Icon":"💬","Duration":30}}
[2026-06-21 11:06:15] [INFO] Types filtrés {"brut":6,"actifs":4}
[2026-06-21 11:06:15] [INFO] Airtable GET {"url":"https://api.airtable.com/v0/appaugs4hsh3iObQG/tbls6HegQyAgFGWIH"}
[2026-06-21 11:06:16] [INFO] Airtable réponse {"http_code":200,"records":20,"error":null,"raw_preview":"{\"records\":[{\"id\":\"rec0H41i2V8jHzPsv\",\"createdTime\":\"2026-05-21T20:46:06.000Z\",\"fields\":{\"Question\":\"Quel outil utilisez-vous actuellement ?\",\"TypeId RecordID\":\"rec0H41i2V8jHzPsv\",\"Required\":true,\"FieldType\":\"single_choice\",\"Order\":2,\"Options\":\"SuperHote, Smoobu, Hostaway, Lodgify, Aucun, Autre\",\"MeetingTypes\":[\"reccrUdSb62CwjgdQ\"],\"TypeId\":[\"demo\"]}},{\"id\":\"rec46qcr9aIeN0kuP\",\"createdTime\":\"2026-"}
[2026-06-21 11:06:16] [INFO] Questions fetch {"count":20}
[2026-06-21 11:06:16] [INFO] Réponse finale {"agents":3,"meetingTypes":4}
[2026-06-21 11:37:58] [INFO] ───── Requête entrante ───── {"method":"GET","origin":"(none)","ip":"88.163.205.179","base_id":"appaugs4hsh3iObQG","tbl_agents":"tblrGsVbuPfuiYOtd","tbl_types":"tblKwoh1rbbOReA4e","token_hint":"patYRHbITQYMjt..."}
[2026-06-21 11:37:58] [INFO] Cache MISS — appel Airtable
[2026-06-21 11:37:58] [INFO] Airtable GET {"url":"https://api.airtable.com/v0/appaugs4hsh3iObQG/tblrGsVbuPfuiYOtd"}
[2026-06-21 11:38:00] [INFO] Airtable réponse {"http_code":200,"records":5,"error":null,"raw_preview":"{\"records\":[{\"id\":\"recCWyXh0NLw7zBfB\",\"createdTime\":\"2026-05-21T08:59:51.000Z\",\"fields\":{\"GoogleCalendarId\":\"a4f7a1684f155203185ea0459877db39f3df2778c6c563d3bdf0241fa90d7dd8@group.calendar.google.com\",\"Color\":\"#4f46e5\",\"MeetingTypes\":[\"rec45V8lwzABhzxnj\",\"reccrUdSb62CwjgdQ\",\"rec6UyAv7rbmTvmHo\"],\"WorkEnd\":18,\"Active\":true,\"WorkDays\":[\"0\",\"1\",\"2\",\"3\",\"4\",\"5\",\"6\"],\"WorkStart\":9,\"Email\":\"camillefauvea"}
[2026-06-21 11:38:00] [DEBUG] Champs premier agent brut {"fields":{"GoogleCalendarId":"a4f7a1684f155203185ea0459877db39f3df2778c6c563d3bdf0241fa90d7dd8@group.calendar.google.com","Color":"#4f46e5","MeetingTypes":["rec45V8lwzABhzxnj","reccrUdSb62CwjgdQ","rec6UyAv7rbmTvmHo"],"WorkEnd":18,"Active":true,"WorkDays":["0","1","2","3","4","5","6"],"WorkStart":9,"Email":"camillefauveau.service@gmail.com","Name":"Camille Fauveau","Role":"Ventes & Partenariats","AgentId":"camille"}}
[2026-06-21 11:38:00] [INFO] Agents filtrés {"brut":5,"actifs":3}
[2026-06-21 11:38:00] [INFO] Airtable GET {"url":"https://api.airtable.com/v0/appaugs4hsh3iObQG/tblKwoh1rbbOReA4e"}
[2026-06-21 11:38:00] [INFO] Airtable réponse {"http_code":200,"records":6,"error":null,"raw_preview":"{\"records\":[{\"id\":\"rec45V8lwzABhzxnj\",\"createdTime\":\"2026-05-21T09:00:31.000Z\",\"fields\":{\"AgentId (from AgentsIds)\":[\"camille\"],\"Order\":1,\"TypeId\":\"decouverte\",\"PlanningStatus\":\"Appel de découverte réservé\",\"Questions\":[\"reczBLconKqCBbM7L\",\"recICq5F6bjW3gg4Y\",\"recVI2Xroi3F7gajR\",\"recNk9Zn7CTIQzOyr\",\"receiIq9tYcTjRovz\"],\"AgentsIds\":[\"recCWyXh0NLw7zBfB\"],\"Description\":\"Première prise de contact "}
[2026-06-21 11:38:00] [DEBUG] Champs premier type brut {"fields":{"AgentId (from AgentsIds)":["camille"],"Order":1,"TypeId":"decouverte","PlanningStatus":"Appel de découverte réservé","Questions":["reczBLconKqCBbM7L","recICq5F6bjW3gg4Y","recVI2Xroi3F7gajR","recNk9Zn7CTIQzOyr","receiIq9tYcTjRovz"],"AgentsIds":["recCWyXh0NLw7zBfB"],"Description":"Première prise de contact et analyse de vos besoins","Color":"#7c3aed","Label":"Appel Découverte GuestLucky","Icon":"💬","Duration":30}}
[2026-06-21 11:38:00] [INFO] Types filtrés {"brut":6,"actifs":4}
[2026-06-21 11:38:00] [INFO] Airtable GET {"url":"https://api.airtable.com/v0/appaugs4hsh3iObQG/tbls6HegQyAgFGWIH"}
[2026-06-21 11:38:01] [INFO] Airtable réponse {"http_code":200,"records":20,"error":null,"raw_preview":"{\"records\":[{\"id\":\"rec0H41i2V8jHzPsv\",\"createdTime\":\"2026-05-21T20:46:06.000Z\",\"fields\":{\"Question\":\"Quel outil utilisez-vous actuellement ?\",\"TypeId RecordID\":\"rec0H41i2V8jHzPsv\",\"Required\":true,\"FieldType\":\"single_choice\",\"Order\":2,\"Options\":\"SuperHote, Smoobu, Hostaway, Lodgify, Aucun, Autre\",\"MeetingTypes\":[\"reccrUdSb62CwjgdQ\"],\"TypeId\":[\"demo\"]}},{\"id\":\"rec46qcr9aIeN0kuP\",\"createdTime\":\"2026-"}
[2026-06-21 11:38:01] [INFO] Questions fetch {"count":20}
[2026-06-21 11:38:01] [INFO] Réponse finale {"agents":3,"meetingTypes":4}
[2026-06-21 13:27:33] [INFO] ───── Requête entrante ───── {"method":"GET","origin":"(none)","ip":"88.183.240.29","base_id":"appaugs4hsh3iObQG","tbl_agents":"tblrGsVbuPfuiYOtd","tbl_types":"tblKwoh1rbbOReA4e","token_hint":"patYRHbITQYMjt..."}
[2026-06-21 13:27:33] [INFO] Cache MISS — appel Airtable
[2026-06-21 13:27:33] [INFO] Airtable GET {"url":"https://api.airtable.com/v0/appaugs4hsh3iObQG/tblrGsVbuPfuiYOtd"}
[2026-06-21 13:27:35] [INFO] Airtable réponse {"http_code":200,"records":5,"error":null,"raw_preview":"{\"records\":[{\"id\":\"recCWyXh0NLw7zBfB\",\"createdTime\":\"2026-05-21T08:59:51.000Z\",\"fields\":{\"GoogleCalendarId\":\"a4f7a1684f155203185ea0459877db39f3df2778c6c563d3bdf0241fa90d7dd8@group.calendar.google.com\",\"Color\":\"#4f46e5\",\"MeetingTypes\":[\"rec45V8lwzABhzxnj\",\"reccrUdSb62CwjgdQ\",\"rec6UyAv7rbmTvmHo\"],\"WorkEnd\":18,\"Active\":true,\"WorkDays\":[\"0\",\"1\",\"2\",\"3\",\"4\",\"5\",\"6\"],\"WorkStart\":9,\"Email\":\"camillefauvea"}
[2026-06-21 13:27:35] [DEBUG] Champs premier agent brut {"fields":{"GoogleCalendarId":"a4f7a1684f155203185ea0459877db39f3df2778c6c563d3bdf0241fa90d7dd8@group.calendar.google.com","Color":"#4f46e5","MeetingTypes":["rec45V8lwzABhzxnj","reccrUdSb62CwjgdQ","rec6UyAv7rbmTvmHo"],"WorkEnd":18,"Active":true,"WorkDays":["0","1","2","3","4","5","6"],"WorkStart":9,"Email":"camillefauveau.service@gmail.com","Name":"Camille Fauveau","Role":"Ventes & Partenariats","AgentId":"camille"}}
[2026-06-21 13:27:35] [INFO] Agents filtrés {"brut":5,"actifs":3}
[2026-06-21 13:27:35] [INFO] Airtable GET {"url":"https://api.airtable.com/v0/appaugs4hsh3iObQG/tblKwoh1rbbOReA4e"}
[2026-06-21 13:27:36] [INFO] Airtable réponse {"http_code":200,"records":6,"error":null,"raw_preview":"{\"records\":[{\"id\":\"rec45V8lwzABhzxnj\",\"createdTime\":\"2026-05-21T09:00:31.000Z\",\"fields\":{\"AgentId (from AgentsIds)\":[\"camille\"],\"Order\":1,\"TypeId\":\"decouverte\",\"PlanningStatus\":\"Appel de découverte réservé\",\"Questions\":[\"reczBLconKqCBbM7L\",\"recICq5F6bjW3gg4Y\",\"recVI2Xroi3F7gajR\",\"recNk9Zn7CTIQzOyr\",\"receiIq9tYcTjRovz\"],\"AgentsIds\":[\"recCWyXh0NLw7zBfB\"],\"Description\":\"Première prise de contact "}
[2026-06-21 13:27:36] [DEBUG] Champs premier type brut {"fields":{"AgentId (from AgentsIds)":["camille"],"Order":1,"TypeId":"decouverte","PlanningStatus":"Appel de découverte réservé","Questions":["reczBLconKqCBbM7L","recICq5F6bjW3gg4Y","recVI2Xroi3F7gajR","recNk9Zn7CTIQzOyr","receiIq9tYcTjRovz"],"AgentsIds":["recCWyXh0NLw7zBfB"],"Description":"Première prise de contact et analyse de vos besoins","Color":"#7c3aed","Label":"Appel Découverte GuestLucky","Icon":"💬","Duration":30}}
[2026-06-21 13:27:36] [INFO] Types filtrés {"brut":6,"actifs":4}
[2026-06-21 13:27:36] [INFO] Airtable GET {"url":"https://api.airtable.com/v0/appaugs4hsh3iObQG/tbls6HegQyAgFGWIH"}
[2026-06-21 13:27:36] [INFO] Airtable réponse {"http_code":200,"records":20,"error":null,"raw_preview":"{\"records\":[{\"id\":\"rec0H41i2V8jHzPsv\",\"createdTime\":\"2026-05-21T20:46:06.000Z\",\"fields\":{\"Question\":\"Quel outil utilisez-vous actuellement ?\",\"TypeId RecordID\":\"rec0H41i2V8jHzPsv\",\"Required\":true,\"FieldType\":\"single_choice\",\"Order\":2,\"Options\":\"SuperHote, Smoobu, Hostaway, Lodgify, Aucun, Autre\",\"MeetingTypes\":[\"reccrUdSb62CwjgdQ\"],\"TypeId\":[\"demo\"]}},{\"id\":\"rec46qcr9aIeN0kuP\",\"createdTime\":\"2026-"}
[2026-06-21 13:27:36] [INFO] Questions fetch {"count":20}
[2026-06-21 13:27:36] [INFO] Réponse finale {"agents":3,"meetingTypes":4}
[2026-06-21 14:17:06] [INFO] ───── Requête entrante ───── {"method":"GET","origin":"(none)","ip":"81.185.168.165","base_id":"appaugs4hsh3iObQG","tbl_agents":"tblrGsVbuPfuiYOtd","tbl_types":"tblKwoh1rbbOReA4e","token_hint":"patYRHbITQYMjt..."}
[2026-06-21 14:17:06] [INFO] Cache MISS — appel Airtable
[2026-06-21 14:17:06] [INFO] Airtable GET {"url":"https://api.airtable.com/v0/appaugs4hsh3iObQG/tblrGsVbuPfuiYOtd"}
[2026-06-21 14:17:14] [INFO] Airtable réponse {"http_code":200,"records":5,"error":null,"raw_preview":"{\"records\":[{\"id\":\"recCWyXh0NLw7zBfB\",\"createdTime\":\"2026-05-21T08:59:51.000Z\",\"fields\":{\"GoogleCalendarId\":\"a4f7a1684f155203185ea0459877db39f3df2778c6c563d3bdf0241fa90d7dd8@group.calendar.google.com\",\"Color\":\"#4f46e5\",\"MeetingTypes\":[\"rec45V8lwzABhzxnj\",\"reccrUdSb62CwjgdQ\",\"rec6UyAv7rbmTvmHo\"],\"WorkEnd\":18,\"Active\":true,\"WorkDays\":[\"0\",\"1\",\"2\",\"3\",\"4\",\"5\",\"6\"],\"WorkStart\":9,\"Email\":\"camillefauvea"}
[2026-06-21 14:17:14] [DEBUG] Champs premier agent brut {"fields":{"GoogleCalendarId":"a4f7a1684f155203185ea0459877db39f3df2778c6c563d3bdf0241fa90d7dd8@group.calendar.google.com","Color":"#4f46e5","MeetingTypes":["rec45V8lwzABhzxnj","reccrUdSb62CwjgdQ","rec6UyAv7rbmTvmHo"],"WorkEnd":18,"Active":true,"WorkDays":["0","1","2","3","4","5","6"],"WorkStart":9,"Email":"camillefauveau.service@gmail.com","Name":"Camille Fauveau","Role":"Ventes & Partenariats","AgentId":"camille"}}
[2026-06-21 14:17:14] [INFO] Agents filtrés {"brut":5,"actifs":3}
[2026-06-21 14:17:14] [INFO] Airtable GET {"url":"https://api.airtable.com/v0/appaugs4hsh3iObQG/tblKwoh1rbbOReA4e"}
[2026-06-21 14:17:14] [INFO] Airtable réponse {"http_code":200,"records":6,"error":null,"raw_preview":"{\"records\":[{\"id\":\"rec45V8lwzABhzxnj\",\"createdTime\":\"2026-05-21T09:00:31.000Z\",\"fields\":{\"AgentId (from AgentsIds)\":[\"camille\"],\"Order\":1,\"TypeId\":\"decouverte\",\"PlanningStatus\":\"Appel de découverte réservé\",\"Questions\":[\"reczBLconKqCBbM7L\",\"recICq5F6bjW3gg4Y\",\"recVI2Xroi3F7gajR\",\"recNk9Zn7CTIQzOyr\",\"receiIq9tYcTjRovz\"],\"AgentsIds\":[\"recCWyXh0NLw7zBfB\"],\"Description\":\"Première prise de contact "}
[2026-06-21 14:17:14] [DEBUG] Champs premier type brut {"fields":{"AgentId (from AgentsIds)":["camille"],"Order":1,"TypeId":"decouverte","PlanningStatus":"Appel de découverte réservé","Questions":["reczBLconKqCBbM7L","recICq5F6bjW3gg4Y","recVI2Xroi3F7gajR","recNk9Zn7CTIQzOyr","receiIq9tYcTjRovz"],"AgentsIds":["recCWyXh0NLw7zBfB"],"Description":"Première prise de contact et analyse de vos besoins","Color":"#7c3aed","Label":"Appel Découverte GuestLucky","Icon":"💬","Duration":30}}
[2026-06-21 14:17:14] [INFO] Types filtrés {"brut":6,"actifs":4}
[2026-06-21 14:17:14] [INFO] Airtable GET {"url":"https://api.airtable.com/v0/appaugs4hsh3iObQG/tbls6HegQyAgFGWIH"}
[2026-06-21 14:17:15] [INFO] Airtable réponse {"http_code":200,"records":20,"error":null,"raw_preview":"{\"records\":[{\"id\":\"rec0H41i2V8jHzPsv\",\"createdTime\":\"2026-05-21T20:46:06.000Z\",\"fields\":{\"Question\":\"Quel outil utilisez-vous actuellement ?\",\"TypeId RecordID\":\"rec0H41i2V8jHzPsv\",\"Required\":true,\"FieldType\":\"single_choice\",\"Order\":2,\"Options\":\"SuperHote, Smoobu, Hostaway, Lodgify, Aucun, Autre\",\"MeetingTypes\":[\"reccrUdSb62CwjgdQ\"],\"TypeId\":[\"demo\"]}},{\"id\":\"rec46qcr9aIeN0kuP\",\"createdTime\":\"2026-"}
[2026-06-21 14:17:15] [INFO] Questions fetch {"count":20}
[2026-06-21 14:17:15] [INFO] Réponse finale {"agents":3,"meetingTypes":4}
[2026-06-21 15:13:51] [INFO] ───── Requête entrante ───── {"method":"GET","origin":"(none)","ip":"109.62.39.196","base_id":"appaugs4hsh3iObQG","tbl_agents":"tblrGsVbuPfuiYOtd","tbl_types":"tblKwoh1rbbOReA4e","token_hint":"patYRHbITQYMjt..."}
[2026-06-21 15:13:51] [INFO] Cache MISS — appel Airtable
[2026-06-21 15:13:51] [INFO] Airtable GET {"url":"https://api.airtable.com/v0/appaugs4hsh3iObQG/tblrGsVbuPfuiYOtd"}
[2026-06-21 15:13:53] [INFO] Airtable réponse {"http_code":200,"records":5,"error":null,"raw_preview":"{\"records\":[{\"id\":\"recCWyXh0NLw7zBfB\",\"createdTime\":\"2026-05-21T08:59:51.000Z\",\"fields\":{\"GoogleCalendarId\":\"a4f7a1684f155203185ea0459877db39f3df2778c6c563d3bdf0241fa90d7dd8@group.calendar.google.com\",\"Color\":\"#4f46e5\",\"MeetingTypes\":[\"rec45V8lwzABhzxnj\",\"reccrUdSb62CwjgdQ\",\"rec6UyAv7rbmTvmHo\"],\"WorkEnd\":18,\"Active\":true,\"WorkDays\":[\"0\",\"1\",\"2\",\"3\",\"4\",\"5\",\"6\"],\"WorkStart\":9,\"Email\":\"camillefauvea"}
[2026-06-21 15:13:53] [DEBUG] Champs premier agent brut {"fields":{"GoogleCalendarId":"a4f7a1684f155203185ea0459877db39f3df2778c6c563d3bdf0241fa90d7dd8@group.calendar.google.com","Color":"#4f46e5","MeetingTypes":["rec45V8lwzABhzxnj","reccrUdSb62CwjgdQ","rec6UyAv7rbmTvmHo"],"WorkEnd":18,"Active":true,"WorkDays":["0","1","2","3","4","5","6"],"WorkStart":9,"Email":"camillefauveau.service@gmail.com","Name":"Camille Fauveau","Role":"Ventes & Partenariats","AgentId":"camille"}}
[2026-06-21 15:13:53] [INFO] Agents filtrés {"brut":5,"actifs":3}
[2026-06-21 15:13:53] [INFO] Airtable GET {"url":"https://api.airtable.com/v0/appaugs4hsh3iObQG/tblKwoh1rbbOReA4e"}
[2026-06-21 15:13:53] [INFO] Airtable réponse {"http_code":200,"records":6,"error":null,"raw_preview":"{\"records\":[{\"id\":\"rec45V8lwzABhzxnj\",\"createdTime\":\"2026-05-21T09:00:31.000Z\",\"fields\":{\"AgentId (from AgentsIds)\":[\"camille\"],\"Order\":1,\"TypeId\":\"decouverte\",\"PlanningStatus\":\"Appel de découverte réservé\",\"Questions\":[\"reczBLconKqCBbM7L\",\"recICq5F6bjW3gg4Y\",\"recVI2Xroi3F7gajR\",\"recNk9Zn7CTIQzOyr\",\"receiIq9tYcTjRovz\"],\"AgentsIds\":[\"recCWyXh0NLw7zBfB\"],\"Description\":\"Première prise de contact "}
[2026-06-21 15:13:53] [DEBUG] Champs premier type brut {"fields":{"AgentId (from AgentsIds)":["camille"],"Order":1,"TypeId":"decouverte","PlanningStatus":"Appel de découverte réservé","Questions":["reczBLconKqCBbM7L","recICq5F6bjW3gg4Y","recVI2Xroi3F7gajR","recNk9Zn7CTIQzOyr","receiIq9tYcTjRovz"],"AgentsIds":["recCWyXh0NLw7zBfB"],"Description":"Première prise de contact et analyse de vos besoins","Color":"#7c3aed","Label":"Appel Découverte GuestLucky","Icon":"💬","Duration":30}}
[2026-06-21 15:13:53] [INFO] Types filtrés {"brut":6,"actifs":4}
[2026-06-21 15:13:53] [INFO] Airtable GET {"url":"https://api.airtable.com/v0/appaugs4hsh3iObQG/tbls6HegQyAgFGWIH"}
[2026-06-21 15:13:54] [INFO] Airtable réponse {"http_code":200,"records":20,"error":null,"raw_preview":"{\"records\":[{\"id\":\"rec0H41i2V8jHzPsv\",\"createdTime\":\"2026-05-21T20:46:06.000Z\",\"fields\":{\"Question\":\"Quel outil utilisez-vous actuellement ?\",\"TypeId RecordID\":\"rec0H41i2V8jHzPsv\",\"Required\":true,\"FieldType\":\"single_choice\",\"Order\":2,\"Options\":\"SuperHote, Smoobu, Hostaway, Lodgify, Aucun, Autre\",\"MeetingTypes\":[\"reccrUdSb62CwjgdQ\"],\"TypeId\":[\"demo\"]}},{\"id\":\"rec46qcr9aIeN0kuP\",\"createdTime\":\"2026-"}
[2026-06-21 15:13:54] [INFO] Questions fetch {"count":20}
[2026-06-21 15:13:54] [INFO] Réponse finale {"agents":3,"meetingTypes":4}
[2026-06-21 22:31:30] [INFO] ───── Requête entrante ───── {"method":"GET","origin":"(none)","ip":"66.249.66.40","base_id":"appaugs4hsh3iObQG","tbl_agents":"tblrGsVbuPfuiYOtd","tbl_types":"tblKwoh1rbbOReA4e","token_hint":"patYRHbITQYMjt..."}
[2026-06-21 22:31:30] [INFO] Cache MISS — appel Airtable
[2026-06-21 22:31:30] [INFO] Airtable GET {"url":"https://api.airtable.com/v0/appaugs4hsh3iObQG/tblrGsVbuPfuiYOtd"}
[2026-06-21 22:31:32] [INFO] Airtable réponse {"http_code":200,"records":5,"error":null,"raw_preview":"{\"records\":[{\"id\":\"recCWyXh0NLw7zBfB\",\"createdTime\":\"2026-05-21T08:59:51.000Z\",\"fields\":{\"GoogleCalendarId\":\"a4f7a1684f155203185ea0459877db39f3df2778c6c563d3bdf0241fa90d7dd8@group.calendar.google.com\",\"Color\":\"#4f46e5\",\"MeetingTypes\":[\"rec45V8lwzABhzxnj\",\"reccrUdSb62CwjgdQ\",\"rec6UyAv7rbmTvmHo\"],\"WorkEnd\":18,\"Active\":true,\"WorkDays\":[\"0\",\"1\",\"2\",\"3\",\"4\",\"5\",\"6\"],\"WorkStart\":9,\"Email\":\"camillefauvea"}
[2026-06-21 22:31:32] [DEBUG] Champs premier agent brut {"fields":{"GoogleCalendarId":"a4f7a1684f155203185ea0459877db39f3df2778c6c563d3bdf0241fa90d7dd8@group.calendar.google.com","Color":"#4f46e5","MeetingTypes":["rec45V8lwzABhzxnj","reccrUdSb62CwjgdQ","rec6UyAv7rbmTvmHo"],"WorkEnd":18,"Active":true,"WorkDays":["0","1","2","3","4","5","6"],"WorkStart":9,"Email":"camillefauveau.service@gmail.com","Name":"Camille Fauveau","Role":"Ventes & Partenariats","AgentId":"camille"}}
[2026-06-21 22:31:32] [INFO] Agents filtrés {"brut":5,"actifs":3}
[2026-06-21 22:31:32] [INFO] Airtable GET {"url":"https://api.airtable.com/v0/appaugs4hsh3iObQG/tblKwoh1rbbOReA4e"}
[2026-06-21 22:31:33] [INFO] Airtable réponse {"http_code":200,"records":6,"error":null,"raw_preview":"{\"records\":[{\"id\":\"rec45V8lwzABhzxnj\",\"createdTime\":\"2026-05-21T09:00:31.000Z\",\"fields\":{\"AgentId (from AgentsIds)\":[\"camille\"],\"Order\":1,\"TypeId\":\"decouverte\",\"PlanningStatus\":\"Appel de découverte réservé\",\"Questions\":[\"reczBLconKqCBbM7L\",\"recICq5F6bjW3gg4Y\",\"recVI2Xroi3F7gajR\",\"recNk9Zn7CTIQzOyr\",\"receiIq9tYcTjRovz\"],\"AgentsIds\":[\"recCWyXh0NLw7zBfB\"],\"Description\":\"Première prise de contact "}
[2026-06-21 22:31:33] [DEBUG] Champs premier type brut {"fields":{"AgentId (from AgentsIds)":["camille"],"Order":1,"TypeId":"decouverte","PlanningStatus":"Appel de découverte réservé","Questions":["reczBLconKqCBbM7L","recICq5F6bjW3gg4Y","recVI2Xroi3F7gajR","recNk9Zn7CTIQzOyr","receiIq9tYcTjRovz"],"AgentsIds":["recCWyXh0NLw7zBfB"],"Description":"Première prise de contact et analyse de vos besoins","Color":"#7c3aed","Label":"Appel Découverte GuestLucky","Icon":"💬","Duration":30}}
[2026-06-21 22:31:33] [INFO] Types filtrés {"brut":6,"actifs":4}
[2026-06-21 22:31:33] [INFO] Airtable GET {"url":"https://api.airtable.com/v0/appaugs4hsh3iObQG/tbls6HegQyAgFGWIH"}
[2026-06-21 22:31:33] [INFO] Airtable réponse {"http_code":200,"records":20,"error":null,"raw_preview":"{\"records\":[{\"id\":\"rec0H41i2V8jHzPsv\",\"createdTime\":\"2026-05-21T20:46:06.000Z\",\"fields\":{\"Question\":\"Quel outil utilisez-vous actuellement ?\",\"TypeId RecordID\":\"rec0H41i2V8jHzPsv\",\"Required\":true,\"FieldType\":\"single_choice\",\"Order\":2,\"Options\":\"SuperHote, Smoobu, Hostaway, Lodgify, Aucun, Autre\",\"MeetingTypes\":[\"reccrUdSb62CwjgdQ\"],\"TypeId\":[\"demo\"]}},{\"id\":\"rec46qcr9aIeN0kuP\",\"createdTime\":\"2026-"}
[2026-06-21 22:31:33] [INFO] Questions fetch {"count":20}
[2026-06-21 22:31:33] [INFO] Réponse finale {"agents":3,"meetingTypes":4}
[2026-06-21 22:36:38] [INFO] ───── Requête entrante ───── {"method":"GET","origin":"(none)","ip":"66.249.66.40","base_id":"appaugs4hsh3iObQG","tbl_agents":"tblrGsVbuPfuiYOtd","tbl_types":"tblKwoh1rbbOReA4e","token_hint":"patYRHbITQYMjt..."}
[2026-06-21 22:36:38] [INFO] Cache MISS — appel Airtable
[2026-06-21 22:36:38] [INFO] Airtable GET {"url":"https://api.airtable.com/v0/appaugs4hsh3iObQG/tblrGsVbuPfuiYOtd"}
[2026-06-21 22:36:40] [INFO] Airtable réponse {"http_code":200,"records":5,"error":null,"raw_preview":"{\"records\":[{\"id\":\"recCWyXh0NLw7zBfB\",\"createdTime\":\"2026-05-21T08:59:51.000Z\",\"fields\":{\"GoogleCalendarId\":\"a4f7a1684f155203185ea0459877db39f3df2778c6c563d3bdf0241fa90d7dd8@group.calendar.google.com\",\"Color\":\"#4f46e5\",\"MeetingTypes\":[\"rec45V8lwzABhzxnj\",\"reccrUdSb62CwjgdQ\",\"rec6UyAv7rbmTvmHo\"],\"WorkEnd\":18,\"Active\":true,\"WorkDays\":[\"0\",\"1\",\"2\",\"3\",\"4\",\"5\",\"6\"],\"WorkStart\":9,\"Email\":\"camillefauvea"}
[2026-06-21 22:36:40] [DEBUG] Champs premier agent brut {"fields":{"GoogleCalendarId":"a4f7a1684f155203185ea0459877db39f3df2778c6c563d3bdf0241fa90d7dd8@group.calendar.google.com","Color":"#4f46e5","MeetingTypes":["rec45V8lwzABhzxnj","reccrUdSb62CwjgdQ","rec6UyAv7rbmTvmHo"],"WorkEnd":18,"Active":true,"WorkDays":["0","1","2","3","4","5","6"],"WorkStart":9,"Email":"camillefauveau.service@gmail.com","Name":"Camille Fauveau","Role":"Ventes & Partenariats","AgentId":"camille"}}
[2026-06-21 22:36:40] [INFO] Agents filtrés {"brut":5,"actifs":3}
[2026-06-21 22:36:40] [INFO] Airtable GET {"url":"https://api.airtable.com/v0/appaugs4hsh3iObQG/tblKwoh1rbbOReA4e"}
[2026-06-21 22:36:41] [INFO] Airtable réponse {"http_code":200,"records":6,"error":null,"raw_preview":"{\"records\":[{\"id\":\"rec45V8lwzABhzxnj\",\"createdTime\":\"2026-05-21T09:00:31.000Z\",\"fields\":{\"AgentId (from AgentsIds)\":[\"camille\"],\"Order\":1,\"TypeId\":\"decouverte\",\"PlanningStatus\":\"Appel de découverte réservé\",\"Questions\":[\"reczBLconKqCBbM7L\",\"recICq5F6bjW3gg4Y\",\"recVI2Xroi3F7gajR\",\"recNk9Zn7CTIQzOyr\",\"receiIq9tYcTjRovz\"],\"AgentsIds\":[\"recCWyXh0NLw7zBfB\"],\"Description\":\"Première prise de contact "}
[2026-06-21 22:36:41] [DEBUG] Champs premier type brut {"fields":{"AgentId (from AgentsIds)":["camille"],"Order":1,"TypeId":"decouverte","PlanningStatus":"Appel de découverte réservé","Questions":["reczBLconKqCBbM7L","recICq5F6bjW3gg4Y","recVI2Xroi3F7gajR","recNk9Zn7CTIQzOyr","receiIq9tYcTjRovz"],"AgentsIds":["recCWyXh0NLw7zBfB"],"Description":"Première prise de contact et analyse de vos besoins","Color":"#7c3aed","Label":"Appel Découverte GuestLucky","Icon":"💬","Duration":30}}
[2026-06-21 22:36:41] [INFO] Types filtrés {"brut":6,"actifs":4}
[2026-06-21 22:36:41] [INFO] Airtable GET {"url":"https://api.airtable.com/v0/appaugs4hsh3iObQG/tbls6HegQyAgFGWIH"}
[2026-06-21 22:36:41] [INFO] Airtable réponse {"http_code":200,"records":20,"error":null,"raw_preview":"{\"records\":[{\"id\":\"rec0H41i2V8jHzPsv\",\"createdTime\":\"2026-05-21T20:46:06.000Z\",\"fields\":{\"Question\":\"Quel outil utilisez-vous actuellement ?\",\"TypeId RecordID\":\"rec0H41i2V8jHzPsv\",\"Required\":true,\"FieldType\":\"single_choice\",\"Order\":2,\"Options\":\"SuperHote, Smoobu, Hostaway, Lodgify, Aucun, Autre\",\"MeetingTypes\":[\"reccrUdSb62CwjgdQ\"],\"TypeId\":[\"demo\"]}},{\"id\":\"rec46qcr9aIeN0kuP\",\"createdTime\":\"2026-"}
[2026-06-21 22:36:41] [INFO] Questions fetch {"count":20}
[2026-06-21 22:36:41] [INFO] Réponse finale {"agents":3,"meetingTypes":4}
[2026-06-21 22:41:48] [INFO] ───── Requête entrante ───── {"method":"GET","origin":"(none)","ip":"176.133.104.186","base_id":"appaugs4hsh3iObQG","tbl_agents":"tblrGsVbuPfuiYOtd","tbl_types":"tblKwoh1rbbOReA4e","token_hint":"patYRHbITQYMjt..."}
[2026-06-21 22:41:48] [INFO] Cache MISS — appel Airtable
[2026-06-21 22:41:48] [INFO] Airtable GET {"url":"https://api.airtable.com/v0/appaugs4hsh3iObQG/tblrGsVbuPfuiYOtd"}
[2026-06-21 22:41:51] [INFO] Airtable réponse {"http_code":200,"records":5,"error":null,"raw_preview":"{\"records\":[{\"id\":\"recCWyXh0NLw7zBfB\",\"createdTime\":\"2026-05-21T08:59:51.000Z\",\"fields\":{\"GoogleCalendarId\":\"a4f7a1684f155203185ea0459877db39f3df2778c6c563d3bdf0241fa90d7dd8@group.calendar.google.com\",\"Color\":\"#4f46e5\",\"MeetingTypes\":[\"rec45V8lwzABhzxnj\",\"reccrUdSb62CwjgdQ\",\"rec6UyAv7rbmTvmHo\"],\"WorkEnd\":18,\"Active\":true,\"WorkDays\":[\"0\",\"1\",\"2\",\"3\",\"4\",\"5\",\"6\"],\"WorkStart\":9,\"Email\":\"camillefauvea"}
[2026-06-21 22:41:51] [DEBUG] Champs premier agent brut {"fields":{"GoogleCalendarId":"a4f7a1684f155203185ea0459877db39f3df2778c6c563d3bdf0241fa90d7dd8@group.calendar.google.com","Color":"#4f46e5","MeetingTypes":["rec45V8lwzABhzxnj","reccrUdSb62CwjgdQ","rec6UyAv7rbmTvmHo"],"WorkEnd":18,"Active":true,"WorkDays":["0","1","2","3","4","5","6"],"WorkStart":9,"Email":"camillefauveau.service@gmail.com","Name":"Camille Fauveau","Role":"Ventes & Partenariats","AgentId":"camille"}}
[2026-06-21 22:41:51] [INFO] Agents filtrés {"brut":5,"actifs":3}
[2026-06-21 22:41:51] [INFO] Airtable GET {"url":"https://api.airtable.com/v0/appaugs4hsh3iObQG/tblKwoh1rbbOReA4e"}
[2026-06-21 22:41:51] [INFO] Airtable réponse {"http_code":200,"records":6,"error":null,"raw_preview":"{\"records\":[{\"id\":\"rec45V8lwzABhzxnj\",\"createdTime\":\"2026-05-21T09:00:31.000Z\",\"fields\":{\"AgentId (from AgentsIds)\":[\"camille\"],\"Order\":1,\"TypeId\":\"decouverte\",\"PlanningStatus\":\"Appel de découverte réservé\",\"Questions\":[\"reczBLconKqCBbM7L\",\"recICq5F6bjW3gg4Y\",\"recVI2Xroi3F7gajR\",\"recNk9Zn7CTIQzOyr\",\"receiIq9tYcTjRovz\"],\"AgentsIds\":[\"recCWyXh0NLw7zBfB\"],\"Description\":\"Première prise de contact "}
[2026-06-21 22:41:51] [DEBUG] Champs premier type brut {"fields":{"AgentId (from AgentsIds)":["camille"],"Order":1,"TypeId":"decouverte","PlanningStatus":"Appel de découverte réservé","Questions":["reczBLconKqCBbM7L","recICq5F6bjW3gg4Y","recVI2Xroi3F7gajR","recNk9Zn7CTIQzOyr","receiIq9tYcTjRovz"],"AgentsIds":["recCWyXh0NLw7zBfB"],"Description":"Première prise de contact et analyse de vos besoins","Color":"#7c3aed","Label":"Appel Découverte GuestLucky","Icon":"💬","Duration":30}}
[2026-06-21 22:41:51] [INFO] Types filtrés {"brut":6,"actifs":4}
[2026-06-21 22:41:51] [INFO] Airtable GET {"url":"https://api.airtable.com/v0/appaugs4hsh3iObQG/tbls6HegQyAgFGWIH"}
[2026-06-21 22:41:52] [INFO] Airtable réponse {"http_code":200,"records":20,"error":null,"raw_preview":"{\"records\":[{\"id\":\"rec0H41i2V8jHzPsv\",\"createdTime\":\"2026-05-21T20:46:06.000Z\",\"fields\":{\"Question\":\"Quel outil utilisez-vous actuellement ?\",\"TypeId RecordID\":\"rec0H41i2V8jHzPsv\",\"Required\":true,\"FieldType\":\"single_choice\",\"Order\":2,\"Options\":\"SuperHote, Smoobu, Hostaway, Lodgify, Aucun, Autre\",\"MeetingTypes\":[\"reccrUdSb62CwjgdQ\"],\"TypeId\":[\"demo\"]}},{\"id\":\"rec46qcr9aIeN0kuP\",\"createdTime\":\"2026-"}
[2026-06-21 22:41:52] [INFO] Questions fetch {"count":20}
[2026-06-21 22:41:52] [INFO] Réponse finale {"agents":3,"meetingTypes":4}
[2026-06-21 23:18:58] [INFO] ───── Requête entrante ───── {"method":"GET","origin":"(none)","ip":"66.249.66.35","base_id":"appaugs4hsh3iObQG","tbl_agents":"tblrGsVbuPfuiYOtd","tbl_types":"tblKwoh1rbbOReA4e","token_hint":"patYRHbITQYMjt..."}
[2026-06-21 23:18:58] [INFO] Cache MISS — appel Airtable
[2026-06-21 23:18:58] [INFO] Airtable GET {"url":"https://api.airtable.com/v0/appaugs4hsh3iObQG/tblrGsVbuPfuiYOtd"}
[2026-06-21 23:19:00] [INFO] Airtable réponse {"http_code":200,"records":5,"error":null,"raw_preview":"{\"records\":[{\"id\":\"recCWyXh0NLw7zBfB\",\"createdTime\":\"2026-05-21T08:59:51.000Z\",\"fields\":{\"GoogleCalendarId\":\"a4f7a1684f155203185ea0459877db39f3df2778c6c563d3bdf0241fa90d7dd8@group.calendar.google.com\",\"Color\":\"#4f46e5\",\"MeetingTypes\":[\"rec45V8lwzABhzxnj\",\"reccrUdSb62CwjgdQ\",\"rec6UyAv7rbmTvmHo\"],\"WorkEnd\":18,\"Active\":true,\"WorkDays\":[\"0\",\"1\",\"2\",\"3\",\"4\",\"5\",\"6\"],\"WorkStart\":9,\"Email\":\"camillefauvea"}
[2026-06-21 23:19:00] [DEBUG] Champs premier agent brut {"fields":{"GoogleCalendarId":"a4f7a1684f155203185ea0459877db39f3df2778c6c563d3bdf0241fa90d7dd8@group.calendar.google.com","Color":"#4f46e5","MeetingTypes":["rec45V8lwzABhzxnj","reccrUdSb62CwjgdQ","rec6UyAv7rbmTvmHo"],"WorkEnd":18,"Active":true,"WorkDays":["0","1","2","3","4","5","6"],"WorkStart":9,"Email":"camillefauveau.service@gmail.com","Name":"Camille Fauveau","Role":"Ventes & Partenariats","AgentId":"camille"}}
[2026-06-21 23:19:00] [INFO] Agents filtrés {"brut":5,"actifs":3}
[2026-06-21 23:19:00] [INFO] Airtable GET {"url":"https://api.airtable.com/v0/appaugs4hsh3iObQG/tblKwoh1rbbOReA4e"}
[2026-06-21 23:19:01] [INFO] Airtable réponse {"http_code":200,"records":6,"error":null,"raw_preview":"{\"records\":[{\"id\":\"rec45V8lwzABhzxnj\",\"createdTime\":\"2026-05-21T09:00:31.000Z\",\"fields\":{\"AgentId (from AgentsIds)\":[\"camille\"],\"Order\":1,\"TypeId\":\"decouverte\",\"PlanningStatus\":\"Appel de découverte réservé\",\"Questions\":[\"reczBLconKqCBbM7L\",\"recICq5F6bjW3gg4Y\",\"recVI2Xroi3F7gajR\",\"recNk9Zn7CTIQzOyr\",\"receiIq9tYcTjRovz\"],\"AgentsIds\":[\"recCWyXh0NLw7zBfB\"],\"Description\":\"Première prise de contact "}
[2026-06-21 23:19:01] [DEBUG] Champs premier type brut {"fields":{"AgentId (from AgentsIds)":["camille"],"Order":1,"TypeId":"decouverte","PlanningStatus":"Appel de découverte réservé","Questions":["reczBLconKqCBbM7L","recICq5F6bjW3gg4Y","recVI2Xroi3F7gajR","recNk9Zn7CTIQzOyr","receiIq9tYcTjRovz"],"AgentsIds":["recCWyXh0NLw7zBfB"],"Description":"Première prise de contact et analyse de vos besoins","Color":"#7c3aed","Label":"Appel Découverte GuestLucky","Icon":"💬","Duration":30}}
[2026-06-21 23:19:01] [INFO] Types filtrés {"brut":6,"actifs":4}
[2026-06-21 23:19:01] [INFO] Airtable GET {"url":"https://api.airtable.com/v0/appaugs4hsh3iObQG/tbls6HegQyAgFGWIH"}
[2026-06-21 23:19:01] [INFO] Airtable réponse {"http_code":200,"records":20,"error":null,"raw_preview":"{\"records\":[{\"id\":\"rec0H41i2V8jHzPsv\",\"createdTime\":\"2026-05-21T20:46:06.000Z\",\"fields\":{\"Question\":\"Quel outil utilisez-vous actuellement ?\",\"TypeId RecordID\":\"rec0H41i2V8jHzPsv\",\"Required\":true,\"FieldType\":\"single_choice\",\"Order\":2,\"Options\":\"SuperHote, Smoobu, Hostaway, Lodgify, Aucun, Autre\",\"MeetingTypes\":[\"reccrUdSb62CwjgdQ\"],\"TypeId\":[\"demo\"]}},{\"id\":\"rec46qcr9aIeN0kuP\",\"createdTime\":\"2026-"}
[2026-06-21 23:19:01] [INFO] Questions fetch {"count":20}
[2026-06-21 23:19:01] [INFO] Réponse finale {"agents":3,"meetingTypes":4}
[2026-06-22 03:26:35] [INFO] ───── Requête entrante ───── {"method":"GET","origin":"(none)","ip":"193.43.70.225","base_id":"appaugs4hsh3iObQG","tbl_agents":"tblrGsVbuPfuiYOtd","tbl_types":"tblKwoh1rbbOReA4e","token_hint":"patYRHbITQYMjt..."}
[2026-06-22 03:26:35] [INFO] Cache MISS — appel Airtable
[2026-06-22 03:26:35] [INFO] Airtable GET {"url":"https://api.airtable.com/v0/appaugs4hsh3iObQG/tblrGsVbuPfuiYOtd"}
[2026-06-22 03:26:37] [INFO] Airtable réponse {"http_code":200,"records":5,"error":null,"raw_preview":"{\"records\":[{\"id\":\"recCWyXh0NLw7zBfB\",\"createdTime\":\"2026-05-21T08:59:51.000Z\",\"fields\":{\"GoogleCalendarId\":\"a4f7a1684f155203185ea0459877db39f3df2778c6c563d3bdf0241fa90d7dd8@group.calendar.google.com\",\"Color\":\"#4f46e5\",\"MeetingTypes\":[\"rec45V8lwzABhzxnj\",\"reccrUdSb62CwjgdQ\",\"rec6UyAv7rbmTvmHo\"],\"WorkEnd\":18,\"Active\":true,\"WorkDays\":[\"0\",\"1\",\"2\",\"3\",\"4\",\"5\",\"6\"],\"WorkStart\":9,\"Email\":\"camillefauvea"}
[2026-06-22 03:26:37] [DEBUG] Champs premier agent brut {"fields":{"GoogleCalendarId":"a4f7a1684f155203185ea0459877db39f3df2778c6c563d3bdf0241fa90d7dd8@group.calendar.google.com","Color":"#4f46e5","MeetingTypes":["rec45V8lwzABhzxnj","reccrUdSb62CwjgdQ","rec6UyAv7rbmTvmHo"],"WorkEnd":18,"Active":true,"WorkDays":["0","1","2","3","4","5","6"],"WorkStart":9,"Email":"camillefauveau.service@gmail.com","Name":"Camille Fauveau","Role":"Ventes & Partenariats","AgentId":"camille"}}
[2026-06-22 03:26:37] [INFO] Agents filtrés {"brut":5,"actifs":3}
[2026-06-22 03:26:37] [INFO] Airtable GET {"url":"https://api.airtable.com/v0/appaugs4hsh3iObQG/tblKwoh1rbbOReA4e"}
[2026-06-22 03:26:38] [INFO] Airtable réponse {"http_code":200,"records":6,"error":null,"raw_preview":"{\"records\":[{\"id\":\"rec45V8lwzABhzxnj\",\"createdTime\":\"2026-05-21T09:00:31.000Z\",\"fields\":{\"AgentId (from AgentsIds)\":[\"camille\"],\"Order\":1,\"TypeId\":\"decouverte\",\"PlanningStatus\":\"Appel de découverte réservé\",\"Questions\":[\"reczBLconKqCBbM7L\",\"recICq5F6bjW3gg4Y\",\"recVI2Xroi3F7gajR\",\"recNk9Zn7CTIQzOyr\",\"receiIq9tYcTjRovz\"],\"AgentsIds\":[\"recCWyXh0NLw7zBfB\"],\"Description\":\"Première prise de contact "}
[2026-06-22 03:26:38] [DEBUG] Champs premier type brut {"fields":{"AgentId (from AgentsIds)":["camille"],"Order":1,"TypeId":"decouverte","PlanningStatus":"Appel de découverte réservé","Questions":["reczBLconKqCBbM7L","recICq5F6bjW3gg4Y","recVI2Xroi3F7gajR","recNk9Zn7CTIQzOyr","receiIq9tYcTjRovz"],"AgentsIds":["recCWyXh0NLw7zBfB"],"Description":"Première prise de contact et analyse de vos besoins","Color":"#7c3aed","Label":"Appel Découverte GuestLucky","Icon":"💬","Duration":30}}
[2026-06-22 03:26:38] [INFO] Types filtrés {"brut":6,"actifs":4}
[2026-06-22 03:26:38] [INFO] Airtable GET {"url":"https://api.airtable.com/v0/appaugs4hsh3iObQG/tbls6HegQyAgFGWIH"}
[2026-06-22 03:26:38] [INFO] Airtable réponse {"http_code":200,"records":20,"error":null,"raw_preview":"{\"records\":[{\"id\":\"rec0H41i2V8jHzPsv\",\"createdTime\":\"2026-05-21T20:46:06.000Z\",\"fields\":{\"Question\":\"Quel outil utilisez-vous actuellement ?\",\"TypeId RecordID\":\"rec0H41i2V8jHzPsv\",\"Required\":true,\"FieldType\":\"single_choice\",\"Order\":2,\"Options\":\"SuperHote, Smoobu, Hostaway, Lodgify, Aucun, Autre\",\"MeetingTypes\":[\"reccrUdSb62CwjgdQ\"],\"TypeId\":[\"demo\"]}},{\"id\":\"rec46qcr9aIeN0kuP\",\"createdTime\":\"2026-"}
[2026-06-22 03:26:38] [INFO] Questions fetch {"count":20}
[2026-06-22 03:26:38] [INFO] Réponse finale {"agents":3,"meetingTypes":4}
[2026-06-22 07:23:29] [INFO] ───── Requête entrante ───── {"method":"GET","origin":"(none)","ip":"193.43.70.225","base_id":"appaugs4hsh3iObQG","tbl_agents":"tblrGsVbuPfuiYOtd","tbl_types":"tblKwoh1rbbOReA4e","token_hint":"patYRHbITQYMjt..."}
[2026-06-22 07:23:29] [INFO] Cache MISS — appel Airtable
[2026-06-22 07:23:29] [INFO] Airtable GET {"url":"https://api.airtable.com/v0/appaugs4hsh3iObQG/tblrGsVbuPfuiYOtd"}
[2026-06-22 07:23:32] [INFO] Airtable réponse {"http_code":200,"records":5,"error":null,"raw_preview":"{\"records\":[{\"id\":\"recCWyXh0NLw7zBfB\",\"createdTime\":\"2026-05-21T08:59:51.000Z\",\"fields\":{\"GoogleCalendarId\":\"a4f7a1684f155203185ea0459877db39f3df2778c6c563d3bdf0241fa90d7dd8@group.calendar.google.com\",\"Color\":\"#4f46e5\",\"MeetingTypes\":[\"rec45V8lwzABhzxnj\",\"reccrUdSb62CwjgdQ\",\"rec6UyAv7rbmTvmHo\"],\"WorkEnd\":18,\"Active\":true,\"WorkDays\":[\"0\",\"1\",\"2\",\"3\",\"4\",\"5\",\"6\"],\"WorkStart\":9,\"Email\":\"camillefauvea"}
[2026-06-22 07:23:32] [DEBUG] Champs premier agent brut {"fields":{"GoogleCalendarId":"a4f7a1684f155203185ea0459877db39f3df2778c6c563d3bdf0241fa90d7dd8@group.calendar.google.com","Color":"#4f46e5","MeetingTypes":["rec45V8lwzABhzxnj","reccrUdSb62CwjgdQ","rec6UyAv7rbmTvmHo"],"WorkEnd":18,"Active":true,"WorkDays":["0","1","2","3","4","5","6"],"WorkStart":9,"Email":"camillefauveau.service@gmail.com","Name":"Camille Fauveau","Role":"Ventes & Partenariats","AgentId":"camille"}}
[2026-06-22 07:23:32] [INFO] Agents filtrés {"brut":5,"actifs":3}
[2026-06-22 07:23:32] [INFO] Airtable GET {"url":"https://api.airtable.com/v0/appaugs4hsh3iObQG/tblKwoh1rbbOReA4e"}
[2026-06-22 07:23:32] [INFO] Airtable réponse {"http_code":200,"records":6,"error":null,"raw_preview":"{\"records\":[{\"id\":\"rec45V8lwzABhzxnj\",\"createdTime\":\"2026-05-21T09:00:31.000Z\",\"fields\":{\"AgentId (from AgentsIds)\":[\"camille\"],\"Order\":1,\"TypeId\":\"decouverte\",\"PlanningStatus\":\"Appel de découverte réservé\",\"Questions\":[\"reczBLconKqCBbM7L\",\"recICq5F6bjW3gg4Y\",\"recVI2Xroi3F7gajR\",\"recNk9Zn7CTIQzOyr\",\"receiIq9tYcTjRovz\"],\"AgentsIds\":[\"recCWyXh0NLw7zBfB\"],\"Description\":\"Première prise de contact "}
[2026-06-22 07:23:32] [DEBUG] Champs premier type brut {"fields":{"AgentId (from AgentsIds)":["camille"],"Order":1,"TypeId":"decouverte","PlanningStatus":"Appel de découverte réservé","Questions":["reczBLconKqCBbM7L","recICq5F6bjW3gg4Y","recVI2Xroi3F7gajR","recNk9Zn7CTIQzOyr","receiIq9tYcTjRovz"],"AgentsIds":["recCWyXh0NLw7zBfB"],"Description":"Première prise de contact et analyse de vos besoins","Color":"#7c3aed","Label":"Appel Découverte GuestLucky","Icon":"💬","Duration":30}}
[2026-06-22 07:23:32] [INFO] Types filtrés {"brut":6,"actifs":4}
[2026-06-22 07:23:32] [INFO] Airtable GET {"url":"https://api.airtable.com/v0/appaugs4hsh3iObQG/tbls6HegQyAgFGWIH"}
[2026-06-22 07:23:32] [INFO] Airtable réponse {"http_code":200,"records":20,"error":null,"raw_preview":"{\"records\":[{\"id\":\"rec0H41i2V8jHzPsv\",\"createdTime\":\"2026-05-21T20:46:06.000Z\",\"fields\":{\"Question\":\"Quel outil utilisez-vous actuellement ?\",\"TypeId RecordID\":\"rec0H41i2V8jHzPsv\",\"Required\":true,\"FieldType\":\"single_choice\",\"Order\":2,\"Options\":\"SuperHote, Smoobu, Hostaway, Lodgify, Aucun, Autre\",\"MeetingTypes\":[\"reccrUdSb62CwjgdQ\"],\"TypeId\":[\"demo\"]}},{\"id\":\"rec46qcr9aIeN0kuP\",\"createdTime\":\"2026-"}
[2026-06-22 07:23:32] [INFO] Questions fetch {"count":20}
[2026-06-22 07:23:32] [INFO] Réponse finale {"agents":3,"meetingTypes":4}
[2026-06-22 08:25:48] [INFO] ───── Requête entrante ───── {"method":"GET","origin":"(none)","ip":"88.167.87.34","base_id":"appaugs4hsh3iObQG","tbl_agents":"tblrGsVbuPfuiYOtd","tbl_types":"tblKwoh1rbbOReA4e","token_hint":"patYRHbITQYMjt..."}
[2026-06-22 08:25:48] [INFO] Cache MISS — appel Airtable
[2026-06-22 08:25:48] [INFO] Airtable GET {"url":"https://api.airtable.com/v0/appaugs4hsh3iObQG/tblrGsVbuPfuiYOtd"}
[2026-06-22 08:25:51] [INFO] Airtable réponse {"http_code":200,"records":5,"error":null,"raw_preview":"{\"records\":[{\"id\":\"recCWyXh0NLw7zBfB\",\"createdTime\":\"2026-05-21T08:59:51.000Z\",\"fields\":{\"GoogleCalendarId\":\"a4f7a1684f155203185ea0459877db39f3df2778c6c563d3bdf0241fa90d7dd8@group.calendar.google.com\",\"Color\":\"#4f46e5\",\"MeetingTypes\":[\"rec45V8lwzABhzxnj\",\"reccrUdSb62CwjgdQ\",\"rec6UyAv7rbmTvmHo\"],\"WorkEnd\":18,\"Active\":true,\"WorkDays\":[\"0\",\"1\",\"2\",\"3\",\"4\",\"5\",\"6\"],\"WorkStart\":9,\"Email\":\"camillefauvea"}
[2026-06-22 08:25:51] [DEBUG] Champs premier agent brut {"fields":{"GoogleCalendarId":"a4f7a1684f155203185ea0459877db39f3df2778c6c563d3bdf0241fa90d7dd8@group.calendar.google.com","Color":"#4f46e5","MeetingTypes":["rec45V8lwzABhzxnj","reccrUdSb62CwjgdQ","rec6UyAv7rbmTvmHo"],"WorkEnd":18,"Active":true,"WorkDays":["0","1","2","3","4","5","6"],"WorkStart":9,"Email":"camillefauveau.service@gmail.com","Name":"Camille Fauveau","Role":"Ventes & Partenariats","AgentId":"camille"}}
[2026-06-22 08:25:51] [INFO] Agents filtrés {"brut":5,"actifs":3}
[2026-06-22 08:25:51] [INFO] Airtable GET {"url":"https://api.airtable.com/v0/appaugs4hsh3iObQG/tblKwoh1rbbOReA4e"}
[2026-06-22 08:25:51] [INFO] Airtable réponse {"http_code":200,"records":6,"error":null,"raw_preview":"{\"records\":[{\"id\":\"rec45V8lwzABhzxnj\",\"createdTime\":\"2026-05-21T09:00:31.000Z\",\"fields\":{\"AgentId (from AgentsIds)\":[\"camille\"],\"Order\":1,\"TypeId\":\"decouverte\",\"PlanningStatus\":\"Appel de découverte réservé\",\"Questions\":[\"reczBLconKqCBbM7L\",\"recICq5F6bjW3gg4Y\",\"recVI2Xroi3F7gajR\",\"recNk9Zn7CTIQzOyr\",\"receiIq9tYcTjRovz\"],\"AgentsIds\":[\"recCWyXh0NLw7zBfB\"],\"Description\":\"Première prise de contact "}
[2026-06-22 08:25:51] [DEBUG] Champs premier type brut {"fields":{"AgentId (from AgentsIds)":["camille"],"Order":1,"TypeId":"decouverte","PlanningStatus":"Appel de découverte réservé","Questions":["reczBLconKqCBbM7L","recICq5F6bjW3gg4Y","recVI2Xroi3F7gajR","recNk9Zn7CTIQzOyr","receiIq9tYcTjRovz"],"AgentsIds":["recCWyXh0NLw7zBfB"],"Description":"Première prise de contact et analyse de vos besoins","Color":"#7c3aed","Label":"Appel Découverte GuestLucky","Icon":"💬","Duration":30}}
[2026-06-22 08:25:51] [INFO] Types filtrés {"brut":6,"actifs":4}
[2026-06-22 08:25:51] [INFO] Airtable GET {"url":"https://api.airtable.com/v0/appaugs4hsh3iObQG/tbls6HegQyAgFGWIH"}
[2026-06-22 08:25:52] [INFO] Airtable réponse {"http_code":200,"records":20,"error":null,"raw_preview":"{\"records\":[{\"id\":\"rec0H41i2V8jHzPsv\",\"createdTime\":\"2026-05-21T20:46:06.000Z\",\"fields\":{\"Question\":\"Quel outil utilisez-vous actuellement ?\",\"TypeId RecordID\":\"rec0H41i2V8jHzPsv\",\"Required\":true,\"FieldType\":\"single_choice\",\"Order\":2,\"Options\":\"SuperHote, Smoobu, Hostaway, Lodgify, Aucun, Autre\",\"MeetingTypes\":[\"reccrUdSb62CwjgdQ\"],\"TypeId\":[\"demo\"]}},{\"id\":\"rec46qcr9aIeN0kuP\",\"createdTime\":\"2026-"}
[2026-06-22 08:25:52] [INFO] Questions fetch {"count":20}
[2026-06-22 08:25:52] [INFO] Réponse finale {"agents":3,"meetingTypes":4}
[2026-06-22 09:27:46] [INFO] ───── Requête entrante ───── {"method":"GET","origin":"(none)","ip":"86.248.189.18","base_id":"appaugs4hsh3iObQG","tbl_agents":"tblrGsVbuPfuiYOtd","tbl_types":"tblKwoh1rbbOReA4e","token_hint":"patYRHbITQYMjt..."}
[2026-06-22 09:27:46] [INFO] Cache MISS — appel Airtable
[2026-06-22 09:27:46] [INFO] Airtable GET {"url":"https://api.airtable.com/v0/appaugs4hsh3iObQG/tblrGsVbuPfuiYOtd"}
[2026-06-22 09:27:49] [INFO] Airtable réponse {"http_code":200,"records":5,"error":null,"raw_preview":"{\"records\":[{\"id\":\"recCWyXh0NLw7zBfB\",\"createdTime\":\"2026-05-21T08:59:51.000Z\",\"fields\":{\"GoogleCalendarId\":\"a4f7a1684f155203185ea0459877db39f3df2778c6c563d3bdf0241fa90d7dd8@group.calendar.google.com\",\"Color\":\"#4f46e5\",\"MeetingTypes\":[\"rec45V8lwzABhzxnj\",\"reccrUdSb62CwjgdQ\",\"rec6UyAv7rbmTvmHo\"],\"WorkEnd\":18,\"Active\":true,\"WorkDays\":[\"0\",\"1\",\"2\",\"3\",\"4\",\"5\",\"6\"],\"WorkStart\":9,\"Email\":\"camillefauvea"}
[2026-06-22 09:27:49] [DEBUG] Champs premier agent brut {"fields":{"GoogleCalendarId":"a4f7a1684f155203185ea0459877db39f3df2778c6c563d3bdf0241fa90d7dd8@group.calendar.google.com","Color":"#4f46e5","MeetingTypes":["rec45V8lwzABhzxnj","reccrUdSb62CwjgdQ","rec6UyAv7rbmTvmHo"],"WorkEnd":18,"Active":true,"WorkDays":["0","1","2","3","4","5","6"],"WorkStart":9,"Email":"camillefauveau.service@gmail.com","Name":"Camille Fauveau","Role":"Ventes & Partenariats","AgentId":"camille"}}
[2026-06-22 09:27:49] [INFO] Agents filtrés {"brut":5,"actifs":3}
[2026-06-22 09:27:49] [INFO] Airtable GET {"url":"https://api.airtable.com/v0/appaugs4hsh3iObQG/tblKwoh1rbbOReA4e"}
[2026-06-22 09:27:49] [INFO] Airtable réponse {"http_code":200,"records":6,"error":null,"raw_preview":"{\"records\":[{\"id\":\"rec45V8lwzABhzxnj\",\"createdTime\":\"2026-05-21T09:00:31.000Z\",\"fields\":{\"AgentId (from AgentsIds)\":[\"camille\"],\"Order\":1,\"TypeId\":\"decouverte\",\"PlanningStatus\":\"Appel de découverte réservé\",\"Questions\":[\"reczBLconKqCBbM7L\",\"recICq5F6bjW3gg4Y\",\"recVI2Xroi3F7gajR\",\"recNk9Zn7CTIQzOyr\",\"receiIq9tYcTjRovz\"],\"AgentsIds\":[\"recCWyXh0NLw7zBfB\"],\"Description\":\"Première prise de contact "}
[2026-06-22 09:27:49] [DEBUG] Champs premier type brut {"fields":{"AgentId (from AgentsIds)":["camille"],"Order":1,"TypeId":"decouverte","PlanningStatus":"Appel de découverte réservé","Questions":["reczBLconKqCBbM7L","recICq5F6bjW3gg4Y","recVI2Xroi3F7gajR","recNk9Zn7CTIQzOyr","receiIq9tYcTjRovz"],"AgentsIds":["recCWyXh0NLw7zBfB"],"Description":"Première prise de contact et analyse de vos besoins","Color":"#7c3aed","Label":"Appel Découverte GuestLucky","Icon":"💬","Duration":30}}
[2026-06-22 09:27:49] [INFO] Types filtrés {"brut":6,"actifs":4}
[2026-06-22 09:27:49] [INFO] Airtable GET {"url":"https://api.airtable.com/v0/appaugs4hsh3iObQG/tbls6HegQyAgFGWIH"}
[2026-06-22 09:27:50] [INFO] Airtable réponse {"http_code":200,"records":20,"error":null,"raw_preview":"{\"records\":[{\"id\":\"rec0H41i2V8jHzPsv\",\"createdTime\":\"2026-05-21T20:46:06.000Z\",\"fields\":{\"Question\":\"Quel outil utilisez-vous actuellement ?\",\"TypeId RecordID\":\"rec0H41i2V8jHzPsv\",\"Required\":true,\"FieldType\":\"single_choice\",\"Order\":2,\"Options\":\"SuperHote, Smoobu, Hostaway, Lodgify, Aucun, Autre\",\"MeetingTypes\":[\"reccrUdSb62CwjgdQ\"],\"TypeId\":[\"demo\"]}},{\"id\":\"rec46qcr9aIeN0kuP\",\"createdTime\":\"2026-"}
[2026-06-22 09:27:50] [INFO] Questions fetch {"count":20}
[2026-06-22 09:27:50] [INFO] Réponse finale {"agents":3,"meetingTypes":4}
[2026-06-22 09:58:57] [INFO] ───── Requête entrante ───── {"method":"GET","origin":"(none)","ip":"83.193.161.245","base_id":"appaugs4hsh3iObQG","tbl_agents":"tblrGsVbuPfuiYOtd","tbl_types":"tblKwoh1rbbOReA4e","token_hint":"patYRHbITQYMjt..."}
[2026-06-22 09:58:57] [INFO] Cache MISS — appel Airtable
[2026-06-22 09:58:57] [INFO] Airtable GET {"url":"https://api.airtable.com/v0/appaugs4hsh3iObQG/tblrGsVbuPfuiYOtd"}
[2026-06-22 09:58:59] [INFO] Airtable réponse {"http_code":200,"records":5,"error":null,"raw_preview":"{\"records\":[{\"id\":\"recCWyXh0NLw7zBfB\",\"createdTime\":\"2026-05-21T08:59:51.000Z\",\"fields\":{\"GoogleCalendarId\":\"a4f7a1684f155203185ea0459877db39f3df2778c6c563d3bdf0241fa90d7dd8@group.calendar.google.com\",\"Color\":\"#4f46e5\",\"MeetingTypes\":[\"rec45V8lwzABhzxnj\",\"reccrUdSb62CwjgdQ\",\"rec6UyAv7rbmTvmHo\"],\"WorkEnd\":18,\"Active\":true,\"WorkDays\":[\"0\",\"1\",\"2\",\"3\",\"4\",\"5\",\"6\"],\"WorkStart\":9,\"Email\":\"camillefauvea"}
[2026-06-22 09:58:59] [DEBUG] Champs premier agent brut {"fields":{"GoogleCalendarId":"a4f7a1684f155203185ea0459877db39f3df2778c6c563d3bdf0241fa90d7dd8@group.calendar.google.com","Color":"#4f46e5","MeetingTypes":["rec45V8lwzABhzxnj","reccrUdSb62CwjgdQ","rec6UyAv7rbmTvmHo"],"WorkEnd":18,"Active":true,"WorkDays":["0","1","2","3","4","5","6"],"WorkStart":9,"Email":"camillefauveau.service@gmail.com","Name":"Camille Fauveau","Role":"Ventes & Partenariats","AgentId":"camille"}}
[2026-06-22 09:58:59] [INFO] Agents filtrés {"brut":5,"actifs":3}
[2026-06-22 09:58:59] [INFO] Airtable GET {"url":"https://api.airtable.com/v0/appaugs4hsh3iObQG/tblKwoh1rbbOReA4e"}
[2026-06-22 09:58:59] [INFO] Airtable réponse {"http_code":200,"records":6,"error":null,"raw_preview":"{\"records\":[{\"id\":\"rec45V8lwzABhzxnj\",\"createdTime\":\"2026-05-21T09:00:31.000Z\",\"fields\":{\"AgentId (from AgentsIds)\":[\"camille\"],\"Order\":1,\"TypeId\":\"decouverte\",\"PlanningStatus\":\"Appel de découverte réservé\",\"Questions\":[\"reczBLconKqCBbM7L\",\"recICq5F6bjW3gg4Y\",\"recVI2Xroi3F7gajR\",\"recNk9Zn7CTIQzOyr\",\"receiIq9tYcTjRovz\"],\"AgentsIds\":[\"recCWyXh0NLw7zBfB\"],\"Description\":\"Première prise de contact "}
[2026-06-22 09:58:59] [DEBUG] Champs premier type brut {"fields":{"AgentId (from AgentsIds)":["camille"],"Order":1,"TypeId":"decouverte","PlanningStatus":"Appel de découverte réservé","Questions":["reczBLconKqCBbM7L","recICq5F6bjW3gg4Y","recVI2Xroi3F7gajR","recNk9Zn7CTIQzOyr","receiIq9tYcTjRovz"],"AgentsIds":["recCWyXh0NLw7zBfB"],"Description":"Première prise de contact et analyse de vos besoins","Color":"#7c3aed","Label":"Appel Découverte GuestLucky","Icon":"💬","Duration":30}}
[2026-06-22 09:58:59] [INFO] Types filtrés {"brut":6,"actifs":4}
[2026-06-22 09:58:59] [INFO] Airtable GET {"url":"https://api.airtable.com/v0/appaugs4hsh3iObQG/tbls6HegQyAgFGWIH"}
[2026-06-22 09:59:00] [INFO] Airtable réponse {"http_code":200,"records":20,"error":null,"raw_preview":"{\"records\":[{\"id\":\"rec0H41i2V8jHzPsv\",\"createdTime\":\"2026-05-21T20:46:06.000Z\",\"fields\":{\"Question\":\"Quel outil utilisez-vous actuellement ?\",\"TypeId RecordID\":\"rec0H41i2V8jHzPsv\",\"Required\":true,\"FieldType\":\"single_choice\",\"Order\":2,\"Options\":\"SuperHote, Smoobu, Hostaway, Lodgify, Aucun, Autre\",\"MeetingTypes\":[\"reccrUdSb62CwjgdQ\"],\"TypeId\":[\"demo\"]}},{\"id\":\"rec46qcr9aIeN0kuP\",\"createdTime\":\"2026-"}
[2026-06-22 09:59:00] [INFO] Questions fetch {"count":20}
[2026-06-22 09:59:00] [INFO] Réponse finale {"agents":3,"meetingTypes":4}
[2026-06-22 10:09:17] [INFO] ───── Requête entrante ───── {"method":"GET","origin":"(none)","ip":"66.249.92.41","base_id":"appaugs4hsh3iObQG","tbl_agents":"tblrGsVbuPfuiYOtd","tbl_types":"tblKwoh1rbbOReA4e","token_hint":"patYRHbITQYMjt..."}
[2026-06-22 10:09:17] [INFO] Cache MISS — appel Airtable
[2026-06-22 10:09:17] [INFO] Airtable GET {"url":"https://api.airtable.com/v0/appaugs4hsh3iObQG/tblrGsVbuPfuiYOtd"}
[2026-06-22 10:09:19] [INFO] Airtable réponse {"http_code":200,"records":5,"error":null,"raw_preview":"{\"records\":[{\"id\":\"recCWyXh0NLw7zBfB\",\"createdTime\":\"2026-05-21T08:59:51.000Z\",\"fields\":{\"GoogleCalendarId\":\"a4f7a1684f155203185ea0459877db39f3df2778c6c563d3bdf0241fa90d7dd8@group.calendar.google.com\",\"Color\":\"#4f46e5\",\"MeetingTypes\":[\"rec45V8lwzABhzxnj\",\"reccrUdSb62CwjgdQ\",\"rec6UyAv7rbmTvmHo\"],\"WorkEnd\":18,\"Active\":true,\"WorkDays\":[\"0\",\"1\",\"2\",\"3\",\"4\",\"5\",\"6\"],\"WorkStart\":9,\"Email\":\"camillefauvea"}
[2026-06-22 10:09:19] [DEBUG] Champs premier agent brut {"fields":{"GoogleCalendarId":"a4f7a1684f155203185ea0459877db39f3df2778c6c563d3bdf0241fa90d7dd8@group.calendar.google.com","Color":"#4f46e5","MeetingTypes":["rec45V8lwzABhzxnj","reccrUdSb62CwjgdQ","rec6UyAv7rbmTvmHo"],"WorkEnd":18,"Active":true,"WorkDays":["0","1","2","3","4","5","6"],"WorkStart":9,"Email":"camillefauveau.service@gmail.com","Name":"Camille Fauveau","Role":"Ventes & Partenariats","AgentId":"camille"}}
[2026-06-22 10:09:19] [INFO] Agents filtrés {"brut":5,"actifs":3}
[2026-06-22 10:09:19] [INFO] Airtable GET {"url":"https://api.airtable.com/v0/appaugs4hsh3iObQG/tblKwoh1rbbOReA4e"}
[2026-06-22 10:09:20] [INFO] Airtable réponse {"http_code":200,"records":6,"error":null,"raw_preview":"{\"records\":[{\"id\":\"rec45V8lwzABhzxnj\",\"createdTime\":\"2026-05-21T09:00:31.000Z\",\"fields\":{\"AgentId (from AgentsIds)\":[\"camille\"],\"Order\":1,\"TypeId\":\"decouverte\",\"PlanningStatus\":\"Appel de découverte réservé\",\"Questions\":[\"reczBLconKqCBbM7L\",\"recICq5F6bjW3gg4Y\",\"recVI2Xroi3F7gajR\",\"recNk9Zn7CTIQzOyr\",\"receiIq9tYcTjRovz\"],\"AgentsIds\":[\"recCWyXh0NLw7zBfB\"],\"Description\":\"Première prise de contact "}
[2026-06-22 10:09:20] [DEBUG] Champs premier type brut {"fields":{"AgentId (from AgentsIds)":["camille"],"Order":1,"TypeId":"decouverte","PlanningStatus":"Appel de découverte réservé","Questions":["reczBLconKqCBbM7L","recICq5F6bjW3gg4Y","recVI2Xroi3F7gajR","recNk9Zn7CTIQzOyr","receiIq9tYcTjRovz"],"AgentsIds":["recCWyXh0NLw7zBfB"],"Description":"Première prise de contact et analyse de vos besoins","Color":"#7c3aed","Label":"Appel Découverte GuestLucky","Icon":"💬","Duration":30}}
[2026-06-22 10:09:20] [INFO] Types filtrés {"brut":6,"actifs":4}
[2026-06-22 10:09:20] [INFO] Airtable GET {"url":"https://api.airtable.com/v0/appaugs4hsh3iObQG/tbls6HegQyAgFGWIH"}
[2026-06-22 10:09:20] [INFO] Airtable réponse {"http_code":200,"records":20,"error":null,"raw_preview":"{\"records\":[{\"id\":\"rec0H41i2V8jHzPsv\",\"createdTime\":\"2026-05-21T20:46:06.000Z\",\"fields\":{\"Question\":\"Quel outil utilisez-vous actuellement ?\",\"TypeId RecordID\":\"rec0H41i2V8jHzPsv\",\"Required\":true,\"FieldType\":\"single_choice\",\"Order\":2,\"Options\":\"SuperHote, Smoobu, Hostaway, Lodgify, Aucun, Autre\",\"MeetingTypes\":[\"reccrUdSb62CwjgdQ\"],\"TypeId\":[\"demo\"]}},{\"id\":\"rec46qcr9aIeN0kuP\",\"createdTime\":\"2026-"}
[2026-06-22 10:09:20] [INFO] Questions fetch {"count":20}
[2026-06-22 10:09:20] [INFO] Réponse finale {"agents":3,"meetingTypes":4}
[2026-06-22 10:36:48] [INFO] ───── Requête entrante ───── {"method":"GET","origin":"(none)","ip":"90.104.249.61","base_id":"appaugs4hsh3iObQG","tbl_agents":"tblrGsVbuPfuiYOtd","tbl_types":"tblKwoh1rbbOReA4e","token_hint":"patYRHbITQYMjt..."}
[2026-06-22 10:36:48] [INFO] Cache MISS — appel Airtable
[2026-06-22 10:36:48] [INFO] Airtable GET {"url":"https://api.airtable.com/v0/appaugs4hsh3iObQG/tblrGsVbuPfuiYOtd"}
[2026-06-22 10:36:51] [INFO] Airtable réponse {"http_code":200,"records":5,"error":null,"raw_preview":"{\"records\":[{\"id\":\"recCWyXh0NLw7zBfB\",\"createdTime\":\"2026-05-21T08:59:51.000Z\",\"fields\":{\"GoogleCalendarId\":\"a4f7a1684f155203185ea0459877db39f3df2778c6c563d3bdf0241fa90d7dd8@group.calendar.google.com\",\"Color\":\"#4f46e5\",\"MeetingTypes\":[\"rec45V8lwzABhzxnj\",\"reccrUdSb62CwjgdQ\",\"rec6UyAv7rbmTvmHo\"],\"WorkEnd\":18,\"Active\":true,\"WorkDays\":[\"0\",\"1\",\"2\",\"3\",\"4\",\"5\",\"6\"],\"WorkStart\":9,\"Email\":\"camillefauvea"}
[2026-06-22 10:36:51] [DEBUG] Champs premier agent brut {"fields":{"GoogleCalendarId":"a4f7a1684f155203185ea0459877db39f3df2778c6c563d3bdf0241fa90d7dd8@group.calendar.google.com","Color":"#4f46e5","MeetingTypes":["rec45V8lwzABhzxnj","reccrUdSb62CwjgdQ","rec6UyAv7rbmTvmHo"],"WorkEnd":18,"Active":true,"WorkDays":["0","1","2","3","4","5","6"],"WorkStart":9,"Email":"camillefauveau.service@gmail.com","Name":"Camille Fauveau","Role":"Ventes & Partenariats","AgentId":"camille"}}
[2026-06-22 10:36:51] [INFO] Agents filtrés {"brut":5,"actifs":3}
[2026-06-22 10:36:51] [INFO] Airtable GET {"url":"https://api.airtable.com/v0/appaugs4hsh3iObQG/tblKwoh1rbbOReA4e"}
[2026-06-22 10:36:52] [INFO] Airtable réponse {"http_code":200,"records":6,"error":null,"raw_preview":"{\"records\":[{\"id\":\"rec45V8lwzABhzxnj\",\"createdTime\":\"2026-05-21T09:00:31.000Z\",\"fields\":{\"AgentId (from AgentsIds)\":[\"camille\"],\"Order\":1,\"TypeId\":\"decouverte\",\"PlanningStatus\":\"Appel de découverte réservé\",\"Questions\":[\"reczBLconKqCBbM7L\",\"recICq5F6bjW3gg4Y\",\"recVI2Xroi3F7gajR\",\"recNk9Zn7CTIQzOyr\",\"receiIq9tYcTjRovz\"],\"AgentsIds\":[\"recCWyXh0NLw7zBfB\"],\"Description\":\"Première prise de contact "}
[2026-06-22 10:36:52] [DEBUG] Champs premier type brut {"fields":{"AgentId (from AgentsIds)":["camille"],"Order":1,"TypeId":"decouverte","PlanningStatus":"Appel de découverte réservé","Questions":["reczBLconKqCBbM7L","recICq5F6bjW3gg4Y","recVI2Xroi3F7gajR","recNk9Zn7CTIQzOyr","receiIq9tYcTjRovz"],"AgentsIds":["recCWyXh0NLw7zBfB"],"Description":"Première prise de contact et analyse de vos besoins","Color":"#7c3aed","Label":"Appel Découverte GuestLucky","Icon":"💬","Duration":30}}
[2026-06-22 10:36:52] [INFO] Types filtrés {"brut":6,"actifs":4}
[2026-06-22 10:36:52] [INFO] Airtable GET {"url":"https://api.airtable.com/v0/appaugs4hsh3iObQG/tbls6HegQyAgFGWIH"}
[2026-06-22 10:36:52] [INFO] Airtable réponse {"http_code":200,"records":20,"error":null,"raw_preview":"{\"records\":[{\"id\":\"rec0H41i2V8jHzPsv\",\"createdTime\":\"2026-05-21T20:46:06.000Z\",\"fields\":{\"Question\":\"Quel outil utilisez-vous actuellement ?\",\"TypeId RecordID\":\"rec0H41i2V8jHzPsv\",\"Required\":true,\"FieldType\":\"single_choice\",\"Order\":2,\"Options\":\"SuperHote, Smoobu, Hostaway, Lodgify, Aucun, Autre\",\"MeetingTypes\":[\"reccrUdSb62CwjgdQ\"],\"TypeId\":[\"demo\"]}},{\"id\":\"rec46qcr9aIeN0kuP\",\"createdTime\":\"2026-"}
[2026-06-22 10:36:52] [INFO] Questions fetch {"count":20}
[2026-06-22 10:36:52] [INFO] Réponse finale {"agents":3,"meetingTypes":4}
[2026-06-22 10:39:44] [INFO] ───── Requête entrante ───── {"method":"GET","origin":"(none)","ip":"66.249.92.43","base_id":"appaugs4hsh3iObQG","tbl_agents":"tblrGsVbuPfuiYOtd","tbl_types":"tblKwoh1rbbOReA4e","token_hint":"patYRHbITQYMjt..."}
[2026-06-22 10:39:44] [INFO] Cache HIT
[2026-06-22 21:04:24] [INFO] ───── Requête entrante ───── {"method":"GET","origin":"(none)","ip":"94.109.187.30","base_id":"appaugs4hsh3iObQG","tbl_agents":"tblrGsVbuPfuiYOtd","tbl_types":"tblKwoh1rbbOReA4e","token_hint":"patYRHbITQYMjt..."}
[2026-06-22 21:04:24] [INFO] Cache MISS — appel Airtable
[2026-06-22 21:04:24] [INFO] Airtable GET {"url":"https://api.airtable.com/v0/appaugs4hsh3iObQG/tblrGsVbuPfuiYOtd"}
[2026-06-22 21:04:26] [INFO] Airtable réponse {"http_code":200,"records":5,"error":null,"raw_preview":"{\"records\":[{\"id\":\"recCWyXh0NLw7zBfB\",\"createdTime\":\"2026-05-21T08:59:51.000Z\",\"fields\":{\"GoogleCalendarId\":\"a4f7a1684f155203185ea0459877db39f3df2778c6c563d3bdf0241fa90d7dd8@group.calendar.google.com\",\"Color\":\"#4f46e5\",\"MeetingTypes\":[\"rec45V8lwzABhzxnj\",\"reccrUdSb62CwjgdQ\",\"rec6UyAv7rbmTvmHo\"],\"WorkEnd\":18,\"Active\":true,\"WorkDays\":[\"0\",\"1\",\"2\",\"3\",\"4\",\"5\",\"6\"],\"WorkStart\":9,\"Email\":\"camillefauvea"}
[2026-06-22 21:04:26] [DEBUG] Champs premier agent brut {"fields":{"GoogleCalendarId":"a4f7a1684f155203185ea0459877db39f3df2778c6c563d3bdf0241fa90d7dd8@group.calendar.google.com","Color":"#4f46e5","MeetingTypes":["rec45V8lwzABhzxnj","reccrUdSb62CwjgdQ","rec6UyAv7rbmTvmHo"],"WorkEnd":18,"Active":true,"WorkDays":["0","1","2","3","4","5","6"],"WorkStart":9,"Email":"camillefauveau.service@gmail.com","Name":"Camille Fauveau","Role":"Ventes & Partenariats","AgentId":"camille"}}
[2026-06-22 21:04:26] [INFO] Agents filtrés {"brut":5,"actifs":3}
[2026-06-22 21:04:26] [INFO] Airtable GET {"url":"https://api.airtable.com/v0/appaugs4hsh3iObQG/tblKwoh1rbbOReA4e"}
[2026-06-22 21:04:27] [INFO] Airtable réponse {"http_code":200,"records":6,"error":null,"raw_preview":"{\"records\":[{\"id\":\"rec45V8lwzABhzxnj\",\"createdTime\":\"2026-05-21T09:00:31.000Z\",\"fields\":{\"AgentId (from AgentsIds)\":[\"camille\"],\"Order\":1,\"TypeId\":\"decouverte\",\"PlanningStatus\":\"Appel de découverte réservé\",\"Questions\":[\"reczBLconKqCBbM7L\",\"recICq5F6bjW3gg4Y\",\"recVI2Xroi3F7gajR\",\"recNk9Zn7CTIQzOyr\",\"receiIq9tYcTjRovz\"],\"AgentsIds\":[\"recCWyXh0NLw7zBfB\"],\"Description\":\"Première prise de contact "}
[2026-06-22 21:04:27] [DEBUG] Champs premier type brut {"fields":{"AgentId (from AgentsIds)":["camille"],"Order":1,"TypeId":"decouverte","PlanningStatus":"Appel de découverte réservé","Questions":["reczBLconKqCBbM7L","recICq5F6bjW3gg4Y","recVI2Xroi3F7gajR","recNk9Zn7CTIQzOyr","receiIq9tYcTjRovz"],"AgentsIds":["recCWyXh0NLw7zBfB"],"Description":"Première prise de contact et analyse de vos besoins","Color":"#7c3aed","Label":"Appel Découverte GuestLucky","Icon":"💬","Duration":30}}
[2026-06-22 21:04:27] [INFO] Types filtrés {"brut":6,"actifs":4}
[2026-06-22 21:04:27] [INFO] Airtable GET {"url":"https://api.airtable.com/v0/appaugs4hsh3iObQG/tbls6HegQyAgFGWIH"}
[2026-06-22 21:04:27] [INFO] Airtable réponse {"http_code":200,"records":20,"error":null,"raw_preview":"{\"records\":[{\"id\":\"rec0H41i2V8jHzPsv\",\"createdTime\":\"2026-05-21T20:46:06.000Z\",\"fields\":{\"Question\":\"Quel outil utilisez-vous actuellement ?\",\"TypeId RecordID\":\"rec0H41i2V8jHzPsv\",\"Required\":true,\"FieldType\":\"single_choice\",\"Order\":2,\"Options\":\"SuperHote, Smoobu, Hostaway, Lodgify, Aucun, Autre\",\"MeetingTypes\":[\"reccrUdSb62CwjgdQ\"],\"TypeId\":[\"demo\"]}},{\"id\":\"rec46qcr9aIeN0kuP\",\"createdTime\":\"2026-"}
[2026-06-22 21:04:27] [INFO] Questions fetch {"count":20}
[2026-06-22 21:04:27] [INFO] Réponse finale {"agents":3,"meetingTypes":4}
[2026-06-22 22:56:28] [INFO] ───── Requête entrante ───── {"method":"GET","origin":"(none)","ip":"94.109.187.30","base_id":"appaugs4hsh3iObQG","tbl_agents":"tblrGsVbuPfuiYOtd","tbl_types":"tblKwoh1rbbOReA4e","token_hint":"patYRHbITQYMjt..."}
[2026-06-22 22:56:28] [INFO] Cache MISS — appel Airtable
[2026-06-22 22:56:28] [INFO] Airtable GET {"url":"https://api.airtable.com/v0/appaugs4hsh3iObQG/tblrGsVbuPfuiYOtd"}
[2026-06-22 22:56:31] [INFO] Airtable réponse {"http_code":200,"records":5,"error":null,"raw_preview":"{\"records\":[{\"id\":\"recCWyXh0NLw7zBfB\",\"createdTime\":\"2026-05-21T08:59:51.000Z\",\"fields\":{\"GoogleCalendarId\":\"a4f7a1684f155203185ea0459877db39f3df2778c6c563d3bdf0241fa90d7dd8@group.calendar.google.com\",\"Color\":\"#4f46e5\",\"MeetingTypes\":[\"rec45V8lwzABhzxnj\",\"reccrUdSb62CwjgdQ\",\"rec6UyAv7rbmTvmHo\"],\"WorkEnd\":18,\"Active\":true,\"WorkDays\":[\"0\",\"1\",\"2\",\"3\",\"4\",\"5\",\"6\"],\"WorkStart\":9,\"Email\":\"camillefauvea"}
[2026-06-22 22:56:31] [DEBUG] Champs premier agent brut {"fields":{"GoogleCalendarId":"a4f7a1684f155203185ea0459877db39f3df2778c6c563d3bdf0241fa90d7dd8@group.calendar.google.com","Color":"#4f46e5","MeetingTypes":["rec45V8lwzABhzxnj","reccrUdSb62CwjgdQ","rec6UyAv7rbmTvmHo"],"WorkEnd":18,"Active":true,"WorkDays":["0","1","2","3","4","5","6"],"WorkStart":9,"Email":"camillefauveau.service@gmail.com","Name":"Camille Fauveau","Role":"Ventes & Partenariats","AgentId":"camille"}}
[2026-06-22 22:56:31] [INFO] Agents filtrés {"brut":5,"actifs":3}
[2026-06-22 22:56:31] [INFO] Airtable GET {"url":"https://api.airtable.com/v0/appaugs4hsh3iObQG/tblKwoh1rbbOReA4e"}
[2026-06-22 22:56:31] [INFO] Airtable réponse {"http_code":200,"records":6,"error":null,"raw_preview":"{\"records\":[{\"id\":\"rec45V8lwzABhzxnj\",\"createdTime\":\"2026-05-21T09:00:31.000Z\",\"fields\":{\"AgentId (from AgentsIds)\":[\"camille\"],\"Order\":1,\"TypeId\":\"decouverte\",\"PlanningStatus\":\"Appel de découverte réservé\",\"Questions\":[\"reczBLconKqCBbM7L\",\"recICq5F6bjW3gg4Y\",\"recVI2Xroi3F7gajR\",\"recNk9Zn7CTIQzOyr\",\"receiIq9tYcTjRovz\"],\"AgentsIds\":[\"recCWyXh0NLw7zBfB\"],\"Description\":\"Première prise de contact "}
[2026-06-22 22:56:31] [DEBUG] Champs premier type brut {"fields":{"AgentId (from AgentsIds)":["camille"],"Order":1,"TypeId":"decouverte","PlanningStatus":"Appel de découverte réservé","Questions":["reczBLconKqCBbM7L","recICq5F6bjW3gg4Y","recVI2Xroi3F7gajR","recNk9Zn7CTIQzOyr","receiIq9tYcTjRovz"],"AgentsIds":["recCWyXh0NLw7zBfB"],"Description":"Première prise de contact et analyse de vos besoins","Color":"#7c3aed","Label":"Appel Découverte GuestLucky","Icon":"💬","Duration":30}}
[2026-06-22 22:56:31] [INFO] Types filtrés {"brut":6,"actifs":4}
[2026-06-22 22:56:31] [INFO] Airtable GET {"url":"https://api.airtable.com/v0/appaugs4hsh3iObQG/tbls6HegQyAgFGWIH"}
[2026-06-22 22:56:32] [INFO] Airtable réponse {"http_code":200,"records":20,"error":null,"raw_preview":"{\"records\":[{\"id\":\"rec0H41i2V8jHzPsv\",\"createdTime\":\"2026-05-21T20:46:06.000Z\",\"fields\":{\"Question\":\"Quel outil utilisez-vous actuellement ?\",\"TypeId RecordID\":\"rec0H41i2V8jHzPsv\",\"Required\":true,\"FieldType\":\"single_choice\",\"Order\":2,\"Options\":\"SuperHote, Smoobu, Hostaway, Lodgify, Aucun, Autre\",\"MeetingTypes\":[\"reccrUdSb62CwjgdQ\"],\"TypeId\":[\"demo\"]}},{\"id\":\"rec46qcr9aIeN0kuP\",\"createdTime\":\"2026-"}
[2026-06-22 22:56:32] [INFO] Questions fetch {"count":20}
[2026-06-22 22:56:32] [INFO] Réponse finale {"agents":3,"meetingTypes":4}
[2026-06-22 22:56:33] [INFO] ───── Requête entrante ───── {"method":"GET","origin":"(none)","ip":"66.102.8.171","base_id":"appaugs4hsh3iObQG","tbl_agents":"tblrGsVbuPfuiYOtd","tbl_types":"tblKwoh1rbbOReA4e","token_hint":"patYRHbITQYMjt..."}
[2026-06-22 22:56:33] [INFO] Cache HIT
[2026-06-23 00:01:54] [INFO] ───── Requête entrante ───── {"method":"GET","origin":"(none)","ip":"94.109.187.30","base_id":"appaugs4hsh3iObQG","tbl_agents":"tblrGsVbuPfuiYOtd","tbl_types":"tblKwoh1rbbOReA4e","token_hint":"patYRHbITQYMjt..."}
[2026-06-23 00:01:54] [INFO] Cache MISS — appel Airtable
[2026-06-23 00:01:54] [INFO] Airtable GET {"url":"https://api.airtable.com/v0/appaugs4hsh3iObQG/tblrGsVbuPfuiYOtd"}
[2026-06-23 00:01:57] [INFO] Airtable réponse {"http_code":200,"records":5,"error":null,"raw_preview":"{\"records\":[{\"id\":\"recCWyXh0NLw7zBfB\",\"createdTime\":\"2026-05-21T08:59:51.000Z\",\"fields\":{\"GoogleCalendarId\":\"a4f7a1684f155203185ea0459877db39f3df2778c6c563d3bdf0241fa90d7dd8@group.calendar.google.com\",\"Color\":\"#4f46e5\",\"MeetingTypes\":[\"rec45V8lwzABhzxnj\",\"reccrUdSb62CwjgdQ\",\"rec6UyAv7rbmTvmHo\"],\"WorkEnd\":18,\"Active\":true,\"WorkDays\":[\"0\",\"1\",\"2\",\"3\",\"4\",\"5\",\"6\"],\"WorkStart\":9,\"Email\":\"camillefauvea"}
[2026-06-23 00:01:57] [DEBUG] Champs premier agent brut {"fields":{"GoogleCalendarId":"a4f7a1684f155203185ea0459877db39f3df2778c6c563d3bdf0241fa90d7dd8@group.calendar.google.com","Color":"#4f46e5","MeetingTypes":["rec45V8lwzABhzxnj","reccrUdSb62CwjgdQ","rec6UyAv7rbmTvmHo"],"WorkEnd":18,"Active":true,"WorkDays":["0","1","2","3","4","5","6"],"WorkStart":9,"Email":"camillefauveau.service@gmail.com","Name":"Camille Fauveau","Role":"Ventes & Partenariats","AgentId":"camille"}}
[2026-06-23 00:01:57] [INFO] Agents filtrés {"brut":5,"actifs":3}
[2026-06-23 00:01:57] [INFO] Airtable GET {"url":"https://api.airtable.com/v0/appaugs4hsh3iObQG/tblKwoh1rbbOReA4e"}
[2026-06-23 00:01:58] [INFO] Airtable réponse {"http_code":200,"records":6,"error":null,"raw_preview":"{\"records\":[{\"id\":\"rec45V8lwzABhzxnj\",\"createdTime\":\"2026-05-21T09:00:31.000Z\",\"fields\":{\"AgentId (from AgentsIds)\":[\"camille\"],\"Order\":1,\"TypeId\":\"decouverte\",\"PlanningStatus\":\"Appel de découverte réservé\",\"Questions\":[\"reczBLconKqCBbM7L\",\"recICq5F6bjW3gg4Y\",\"recVI2Xroi3F7gajR\",\"recNk9Zn7CTIQzOyr\",\"receiIq9tYcTjRovz\"],\"AgentsIds\":[\"recCWyXh0NLw7zBfB\"],\"Description\":\"Première prise de contact "}
[2026-06-23 00:01:58] [DEBUG] Champs premier type brut {"fields":{"AgentId (from AgentsIds)":["camille"],"Order":1,"TypeId":"decouverte","PlanningStatus":"Appel de découverte réservé","Questions":["reczBLconKqCBbM7L","recICq5F6bjW3gg4Y","recVI2Xroi3F7gajR","recNk9Zn7CTIQzOyr","receiIq9tYcTjRovz"],"AgentsIds":["recCWyXh0NLw7zBfB"],"Description":"Première prise de contact et analyse de vos besoins","Color":"#7c3aed","Label":"Appel Découverte GuestLucky","Icon":"💬","Duration":30}}
[2026-06-23 00:01:58] [INFO] Types filtrés {"brut":6,"actifs":4}
[2026-06-23 00:01:58] [INFO] Airtable GET {"url":"https://api.airtable.com/v0/appaugs4hsh3iObQG/tbls6HegQyAgFGWIH"}
[2026-06-23 00:01:58] [INFO] Airtable réponse {"http_code":200,"records":20,"error":null,"raw_preview":"{\"records\":[{\"id\":\"rec0H41i2V8jHzPsv\",\"createdTime\":\"2026-05-21T20:46:06.000Z\",\"fields\":{\"Question\":\"Quel outil utilisez-vous actuellement ?\",\"TypeId RecordID\":\"rec0H41i2V8jHzPsv\",\"Required\":true,\"FieldType\":\"single_choice\",\"Order\":2,\"Options\":\"SuperHote, Smoobu, Hostaway, Lodgify, Aucun, Autre\",\"MeetingTypes\":[\"reccrUdSb62CwjgdQ\"],\"TypeId\":[\"demo\"]}},{\"id\":\"rec46qcr9aIeN0kuP\",\"createdTime\":\"2026-"}
[2026-06-23 00:01:58] [INFO] Questions fetch {"count":20}
[2026-06-23 00:01:58] [INFO] Réponse finale {"agents":3,"meetingTypes":4}
[2026-06-23 08:13:27] [INFO] ───── Requête entrante ───── {"method":"GET","origin":"(none)","ip":"124.122.128.2","base_id":"appaugs4hsh3iObQG","tbl_agents":"tblrGsVbuPfuiYOtd","tbl_types":"tblKwoh1rbbOReA4e","token_hint":"patYRHbITQYMjt..."}
[2026-06-23 08:13:27] [INFO] Cache MISS — appel Airtable
[2026-06-23 08:13:27] [INFO] Airtable GET {"url":"https://api.airtable.com/v0/appaugs4hsh3iObQG/tblrGsVbuPfuiYOtd"}
[2026-06-23 08:13:29] [INFO] Airtable réponse {"http_code":200,"records":5,"error":null,"raw_preview":"{\"records\":[{\"id\":\"recCWyXh0NLw7zBfB\",\"createdTime\":\"2026-05-21T08:59:51.000Z\",\"fields\":{\"GoogleCalendarId\":\"a4f7a1684f155203185ea0459877db39f3df2778c6c563d3bdf0241fa90d7dd8@group.calendar.google.com\",\"Color\":\"#4f46e5\",\"MeetingTypes\":[\"rec45V8lwzABhzxnj\",\"reccrUdSb62CwjgdQ\",\"rec6UyAv7rbmTvmHo\"],\"WorkEnd\":18,\"Active\":true,\"WorkDays\":[\"0\",\"1\",\"2\",\"3\",\"4\",\"5\",\"6\"],\"WorkStart\":9,\"Email\":\"camillefauvea"}
[2026-06-23 08:13:29] [DEBUG] Champs premier agent brut {"fields":{"GoogleCalendarId":"a4f7a1684f155203185ea0459877db39f3df2778c6c563d3bdf0241fa90d7dd8@group.calendar.google.com","Color":"#4f46e5","MeetingTypes":["rec45V8lwzABhzxnj","reccrUdSb62CwjgdQ","rec6UyAv7rbmTvmHo"],"WorkEnd":18,"Active":true,"WorkDays":["0","1","2","3","4","5","6"],"WorkStart":9,"Email":"camillefauveau.service@gmail.com","Name":"Camille Fauveau","Role":"Ventes & Partenariats","AgentId":"camille"}}
[2026-06-23 08:13:29] [INFO] Agents filtrés {"brut":5,"actifs":3}
[2026-06-23 08:13:29] [INFO] Airtable GET {"url":"https://api.airtable.com/v0/appaugs4hsh3iObQG/tblKwoh1rbbOReA4e"}
[2026-06-23 08:13:30] [INFO] Airtable réponse {"http_code":200,"records":6,"error":null,"raw_preview":"{\"records\":[{\"id\":\"rec45V8lwzABhzxnj\",\"createdTime\":\"2026-05-21T09:00:31.000Z\",\"fields\":{\"AgentId (from AgentsIds)\":[\"camille\"],\"Order\":1,\"TypeId\":\"decouverte\",\"PlanningStatus\":\"Appel de découverte réservé\",\"Questions\":[\"reczBLconKqCBbM7L\",\"recICq5F6bjW3gg4Y\",\"recVI2Xroi3F7gajR\",\"recNk9Zn7CTIQzOyr\",\"receiIq9tYcTjRovz\"],\"AgentsIds\":[\"recCWyXh0NLw7zBfB\"],\"Description\":\"Première prise de contact "}
[2026-06-23 08:13:30] [DEBUG] Champs premier type brut {"fields":{"AgentId (from AgentsIds)":["camille"],"Order":1,"TypeId":"decouverte","PlanningStatus":"Appel de découverte réservé","Questions":["reczBLconKqCBbM7L","recICq5F6bjW3gg4Y","recVI2Xroi3F7gajR","recNk9Zn7CTIQzOyr","receiIq9tYcTjRovz"],"AgentsIds":["recCWyXh0NLw7zBfB"],"Description":"Première prise de contact et analyse de vos besoins","Color":"#7c3aed","Label":"Appel Découverte GuestLucky","Icon":"💬","Duration":30}}
[2026-06-23 08:13:30] [INFO] Types filtrés {"brut":6,"actifs":4}
[2026-06-23 08:13:30] [INFO] Airtable GET {"url":"https://api.airtable.com/v0/appaugs4hsh3iObQG/tbls6HegQyAgFGWIH"}
[2026-06-23 08:13:30] [INFO] Airtable réponse {"http_code":200,"records":20,"error":null,"raw_preview":"{\"records\":[{\"id\":\"rec0H41i2V8jHzPsv\",\"createdTime\":\"2026-05-21T20:46:06.000Z\",\"fields\":{\"Question\":\"Quel outil utilisez-vous actuellement ?\",\"TypeId RecordID\":\"rec0H41i2V8jHzPsv\",\"Required\":true,\"FieldType\":\"single_choice\",\"Order\":2,\"Options\":\"SuperHote, Smoobu, Hostaway, Lodgify, Aucun, Autre\",\"MeetingTypes\":[\"reccrUdSb62CwjgdQ\"],\"TypeId\":[\"demo\"]}},{\"id\":\"rec46qcr9aIeN0kuP\",\"createdTime\":\"2026-"}
[2026-06-23 08:13:30] [INFO] Questions fetch {"count":20}
[2026-06-23 08:13:30] [INFO] Réponse finale {"agents":3,"meetingTypes":4}
[2026-06-23 08:55:52] [INFO] ───── Requête entrante ───── {"method":"GET","origin":"(none)","ip":"94.101.115.151","base_id":"appaugs4hsh3iObQG","tbl_agents":"tblrGsVbuPfuiYOtd","tbl_types":"tblKwoh1rbbOReA4e","token_hint":"patYRHbITQYMjt..."}
[2026-06-23 08:55:52] [INFO] Cache MISS — appel Airtable
[2026-06-23 08:55:52] [INFO] Airtable GET {"url":"https://api.airtable.com/v0/appaugs4hsh3iObQG/tblrGsVbuPfuiYOtd"}
[2026-06-23 08:55:54] [INFO] Airtable réponse {"http_code":200,"records":5,"error":null,"raw_preview":"{\"records\":[{\"id\":\"recCWyXh0NLw7zBfB\",\"createdTime\":\"2026-05-21T08:59:51.000Z\",\"fields\":{\"GoogleCalendarId\":\"a4f7a1684f155203185ea0459877db39f3df2778c6c563d3bdf0241fa90d7dd8@group.calendar.google.com\",\"Color\":\"#4f46e5\",\"MeetingTypes\":[\"rec45V8lwzABhzxnj\",\"reccrUdSb62CwjgdQ\",\"rec6UyAv7rbmTvmHo\"],\"WorkEnd\":18,\"Active\":true,\"WorkDays\":[\"0\",\"1\",\"2\",\"3\",\"4\",\"5\",\"6\"],\"WorkStart\":9,\"Email\":\"camillefauvea"}
[2026-06-23 08:55:54] [DEBUG] Champs premier agent brut {"fields":{"GoogleCalendarId":"a4f7a1684f155203185ea0459877db39f3df2778c6c563d3bdf0241fa90d7dd8@group.calendar.google.com","Color":"#4f46e5","MeetingTypes":["rec45V8lwzABhzxnj","reccrUdSb62CwjgdQ","rec6UyAv7rbmTvmHo"],"WorkEnd":18,"Active":true,"WorkDays":["0","1","2","3","4","5","6"],"WorkStart":9,"Email":"camillefauveau.service@gmail.com","Name":"Camille Fauveau","Role":"Ventes & Partenariats","AgentId":"camille"}}
[2026-06-23 08:55:54] [INFO] Agents filtrés {"brut":5,"actifs":3}
[2026-06-23 08:55:54] [INFO] Airtable GET {"url":"https://api.airtable.com/v0/appaugs4hsh3iObQG/tblKwoh1rbbOReA4e"}
[2026-06-23 08:55:55] [INFO] Airtable réponse {"http_code":200,"records":6,"error":null,"raw_preview":"{\"records\":[{\"id\":\"rec45V8lwzABhzxnj\",\"createdTime\":\"2026-05-21T09:00:31.000Z\",\"fields\":{\"AgentId (from AgentsIds)\":[\"camille\"],\"Order\":1,\"TypeId\":\"decouverte\",\"PlanningStatus\":\"Appel de découverte réservé\",\"Questions\":[\"reczBLconKqCBbM7L\",\"recICq5F6bjW3gg4Y\",\"recVI2Xroi3F7gajR\",\"recNk9Zn7CTIQzOyr\",\"receiIq9tYcTjRovz\"],\"AgentsIds\":[\"recCWyXh0NLw7zBfB\"],\"Description\":\"Première prise de contact "}
[2026-06-23 08:55:55] [DEBUG] Champs premier type brut {"fields":{"AgentId (from AgentsIds)":["camille"],"Order":1,"TypeId":"decouverte","PlanningStatus":"Appel de découverte réservé","Questions":["reczBLconKqCBbM7L","recICq5F6bjW3gg4Y","recVI2Xroi3F7gajR","recNk9Zn7CTIQzOyr","receiIq9tYcTjRovz"],"AgentsIds":["recCWyXh0NLw7zBfB"],"Description":"Première prise de contact et analyse de vos besoins","Color":"#7c3aed","Label":"Appel Découverte GuestLucky","Icon":"💬","Duration":30}}
[2026-06-23 08:55:55] [INFO] Types filtrés {"brut":6,"actifs":4}
[2026-06-23 08:55:55] [INFO] Airtable GET {"url":"https://api.airtable.com/v0/appaugs4hsh3iObQG/tbls6HegQyAgFGWIH"}
[2026-06-23 08:55:55] [INFO] Airtable réponse {"http_code":200,"records":20,"error":null,"raw_preview":"{\"records\":[{\"id\":\"rec0H41i2V8jHzPsv\",\"createdTime\":\"2026-05-21T20:46:06.000Z\",\"fields\":{\"Question\":\"Quel outil utilisez-vous actuellement ?\",\"TypeId RecordID\":\"rec0H41i2V8jHzPsv\",\"Required\":true,\"FieldType\":\"single_choice\",\"Order\":2,\"Options\":\"SuperHote, Smoobu, Hostaway, Lodgify, Aucun, Autre\",\"MeetingTypes\":[\"reccrUdSb62CwjgdQ\"],\"TypeId\":[\"demo\"]}},{\"id\":\"rec46qcr9aIeN0kuP\",\"createdTime\":\"2026-"}
[2026-06-23 08:55:55] [INFO] Questions fetch {"count":20}
[2026-06-23 08:55:55] [INFO] Réponse finale {"agents":3,"meetingTypes":4}
[2026-06-23 08:56:03] [INFO] ───── Requête entrante ───── {"method":"GET","origin":"(none)","ip":"172.253.192.113","base_id":"appaugs4hsh3iObQG","tbl_agents":"tblrGsVbuPfuiYOtd","tbl_types":"tblKwoh1rbbOReA4e","token_hint":"patYRHbITQYMjt..."}
[2026-06-23 08:56:03] [INFO] Cache HIT
[2026-06-23 12:29:23] [INFO] ───── Requête entrante ───── {"method":"GET","origin":"(none)","ip":"124.122.128.2","base_id":"appaugs4hsh3iObQG","tbl_agents":"tblrGsVbuPfuiYOtd","tbl_types":"tblKwoh1rbbOReA4e","token_hint":"patYRHbITQYMjt..."}
[2026-06-23 12:29:23] [INFO] Cache MISS — appel Airtable
[2026-06-23 12:29:23] [INFO] Airtable GET {"url":"https://api.airtable.com/v0/appaugs4hsh3iObQG/tblrGsVbuPfuiYOtd"}
[2026-06-23 12:29:26] [INFO] Airtable réponse {"http_code":200,"records":5,"error":null,"raw_preview":"{\"records\":[{\"id\":\"recCWyXh0NLw7zBfB\",\"createdTime\":\"2026-05-21T08:59:51.000Z\",\"fields\":{\"GoogleCalendarId\":\"a4f7a1684f155203185ea0459877db39f3df2778c6c563d3bdf0241fa90d7dd8@group.calendar.google.com\",\"Color\":\"#4f46e5\",\"MeetingTypes\":[\"rec45V8lwzABhzxnj\",\"reccrUdSb62CwjgdQ\",\"rec6UyAv7rbmTvmHo\"],\"WorkEnd\":18,\"Active\":true,\"WorkDays\":[\"0\",\"1\",\"2\",\"3\",\"4\",\"5\",\"6\"],\"WorkStart\":9,\"Email\":\"camillefauvea"}
[2026-06-23 12:29:26] [DEBUG] Champs premier agent brut {"fields":{"GoogleCalendarId":"a4f7a1684f155203185ea0459877db39f3df2778c6c563d3bdf0241fa90d7dd8@group.calendar.google.com","Color":"#4f46e5","MeetingTypes":["rec45V8lwzABhzxnj","reccrUdSb62CwjgdQ","rec6UyAv7rbmTvmHo"],"WorkEnd":18,"Active":true,"WorkDays":["0","1","2","3","4","5","6"],"WorkStart":9,"Email":"camillefauveau.service@gmail.com","Name":"Camille Fauveau","Role":"Ventes & Partenariats","AgentId":"camille"}}
[2026-06-23 12:29:26] [INFO] Agents filtrés {"brut":5,"actifs":3}
[2026-06-23 12:29:26] [INFO] Airtable GET {"url":"https://api.airtable.com/v0/appaugs4hsh3iObQG/tblKwoh1rbbOReA4e"}
[2026-06-23 12:29:27] [INFO] Airtable réponse {"http_code":200,"records":6,"error":null,"raw_preview":"{\"records\":[{\"id\":\"rec45V8lwzABhzxnj\",\"createdTime\":\"2026-05-21T09:00:31.000Z\",\"fields\":{\"AgentId (from AgentsIds)\":[\"camille\"],\"Order\":1,\"TypeId\":\"decouverte\",\"PlanningStatus\":\"Appel de découverte réservé\",\"Questions\":[\"reczBLconKqCBbM7L\",\"recICq5F6bjW3gg4Y\",\"recVI2Xroi3F7gajR\",\"recNk9Zn7CTIQzOyr\",\"receiIq9tYcTjRovz\"],\"AgentsIds\":[\"recCWyXh0NLw7zBfB\"],\"Description\":\"Première prise de contact "}
[2026-06-23 12:29:27] [DEBUG] Champs premier type brut {"fields":{"AgentId (from AgentsIds)":["camille"],"Order":1,"TypeId":"decouverte","PlanningStatus":"Appel de découverte réservé","Questions":["reczBLconKqCBbM7L","recICq5F6bjW3gg4Y","recVI2Xroi3F7gajR","recNk9Zn7CTIQzOyr","receiIq9tYcTjRovz"],"AgentsIds":["recCWyXh0NLw7zBfB"],"Description":"Première prise de contact et analyse de vos besoins","Color":"#7c3aed","Label":"Appel Découverte GuestLucky","Icon":"💬","Duration":30}}
[2026-06-23 12:29:27] [INFO] Types filtrés {"brut":6,"actifs":4}
[2026-06-23 12:29:27] [INFO] Airtable GET {"url":"https://api.airtable.com/v0/appaugs4hsh3iObQG/tbls6HegQyAgFGWIH"}
[2026-06-23 12:29:27] [INFO] Airtable réponse {"http_code":200,"records":20,"error":null,"raw_preview":"{\"records\":[{\"id\":\"rec0H41i2V8jHzPsv\",\"createdTime\":\"2026-05-21T20:46:06.000Z\",\"fields\":{\"Question\":\"Quel outil utilisez-vous actuellement ?\",\"TypeId RecordID\":\"rec0H41i2V8jHzPsv\",\"Required\":true,\"FieldType\":\"single_choice\",\"Order\":2,\"Options\":\"SuperHote, Smoobu, Hostaway, Lodgify, Aucun, Autre\",\"MeetingTypes\":[\"reccrUdSb62CwjgdQ\"],\"TypeId\":[\"demo\"]}},{\"id\":\"rec46qcr9aIeN0kuP\",\"createdTime\":\"2026-"}
[2026-06-23 12:29:27] [INFO] Questions fetch {"count":20}
[2026-06-23 12:29:27] [INFO] Réponse finale {"agents":3,"meetingTypes":4}
[2026-06-23 14:08:46] [INFO] ───── Requête entrante ───── {"method":"GET","origin":"(none)","ip":"176.154.142.67","base_id":"appaugs4hsh3iObQG","tbl_agents":"tblrGsVbuPfuiYOtd","tbl_types":"tblKwoh1rbbOReA4e","token_hint":"patYRHbITQYMjt..."}
[2026-06-23 14:08:46] [INFO] Cache MISS — appel Airtable
[2026-06-23 14:08:46] [INFO] Airtable GET {"url":"https://api.airtable.com/v0/appaugs4hsh3iObQG/tblrGsVbuPfuiYOtd"}
[2026-06-23 14:08:48] [INFO] Airtable réponse {"http_code":200,"records":5,"error":null,"raw_preview":"{\"records\":[{\"id\":\"recCWyXh0NLw7zBfB\",\"createdTime\":\"2026-05-21T08:59:51.000Z\",\"fields\":{\"GoogleCalendarId\":\"a4f7a1684f155203185ea0459877db39f3df2778c6c563d3bdf0241fa90d7dd8@group.calendar.google.com\",\"Color\":\"#4f46e5\",\"MeetingTypes\":[\"rec45V8lwzABhzxnj\",\"reccrUdSb62CwjgdQ\",\"rec6UyAv7rbmTvmHo\"],\"WorkEnd\":18,\"Active\":true,\"WorkDays\":[\"0\",\"1\",\"2\",\"3\",\"4\",\"5\",\"6\"],\"WorkStart\":9,\"Email\":\"camillefauvea"}
[2026-06-23 14:08:48] [DEBUG] Champs premier agent brut {"fields":{"GoogleCalendarId":"a4f7a1684f155203185ea0459877db39f3df2778c6c563d3bdf0241fa90d7dd8@group.calendar.google.com","Color":"#4f46e5","MeetingTypes":["rec45V8lwzABhzxnj","reccrUdSb62CwjgdQ","rec6UyAv7rbmTvmHo"],"WorkEnd":18,"Active":true,"WorkDays":["0","1","2","3","4","5","6"],"WorkStart":9,"Email":"camillefauveau.service@gmail.com","Name":"Camille Fauveau","Role":"Ventes & Partenariats","AgentId":"camille"}}
[2026-06-23 14:08:48] [INFO] Agents filtrés {"brut":5,"actifs":3}
[2026-06-23 14:08:48] [INFO] Airtable GET {"url":"https://api.airtable.com/v0/appaugs4hsh3iObQG/tblKwoh1rbbOReA4e"}
[2026-06-23 14:08:49] [INFO] Airtable réponse {"http_code":200,"records":6,"error":null,"raw_preview":"{\"records\":[{\"id\":\"rec45V8lwzABhzxnj\",\"createdTime\":\"2026-05-21T09:00:31.000Z\",\"fields\":{\"AgentId (from AgentsIds)\":[\"camille\"],\"Order\":1,\"TypeId\":\"decouverte\",\"PlanningStatus\":\"Appel de découverte réservé\",\"Questions\":[\"reczBLconKqCBbM7L\",\"recICq5F6bjW3gg4Y\",\"recVI2Xroi3F7gajR\",\"recNk9Zn7CTIQzOyr\",\"receiIq9tYcTjRovz\"],\"AgentsIds\":[\"recCWyXh0NLw7zBfB\"],\"Description\":\"Première prise de contact "}
[2026-06-23 14:08:49] [DEBUG] Champs premier type brut {"fields":{"AgentId (from AgentsIds)":["camille"],"Order":1,"TypeId":"decouverte","PlanningStatus":"Appel de découverte réservé","Questions":["reczBLconKqCBbM7L","recICq5F6bjW3gg4Y","recVI2Xroi3F7gajR","recNk9Zn7CTIQzOyr","receiIq9tYcTjRovz"],"AgentsIds":["recCWyXh0NLw7zBfB"],"Description":"Première prise de contact et analyse de vos besoins","Color":"#7c3aed","Label":"Appel Découverte GuestLucky","Icon":"💬","Duration":30}}
[2026-06-23 14:08:49] [INFO] Types filtrés {"brut":6,"actifs":4}
[2026-06-23 14:08:49] [INFO] Airtable GET {"url":"https://api.airtable.com/v0/appaugs4hsh3iObQG/tbls6HegQyAgFGWIH"}
[2026-06-23 14:08:49] [INFO] Airtable réponse {"http_code":200,"records":20,"error":null,"raw_preview":"{\"records\":[{\"id\":\"rec0H41i2V8jHzPsv\",\"createdTime\":\"2026-05-21T20:46:06.000Z\",\"fields\":{\"Question\":\"Quel outil utilisez-vous actuellement ?\",\"TypeId RecordID\":\"rec0H41i2V8jHzPsv\",\"Required\":true,\"FieldType\":\"single_choice\",\"Order\":2,\"Options\":\"SuperHote, Smoobu, Hostaway, Lodgify, Aucun, Autre\",\"MeetingTypes\":[\"reccrUdSb62CwjgdQ\"],\"TypeId\":[\"demo\"]}},{\"id\":\"rec46qcr9aIeN0kuP\",\"createdTime\":\"2026-"}
[2026-06-23 14:08:49] [INFO] Questions fetch {"count":20}
[2026-06-23 14:08:49] [INFO] Réponse finale {"agents":3,"meetingTypes":4}
[2026-06-23 17:02:04] [INFO] ───── Requête entrante ───── {"method":"GET","origin":"(none)","ip":"109.223.4.154","base_id":"appaugs4hsh3iObQG","tbl_agents":"tblrGsVbuPfuiYOtd","tbl_types":"tblKwoh1rbbOReA4e","token_hint":"patYRHbITQYMjt..."}
[2026-06-23 17:02:04] [INFO] Cache MISS — appel Airtable
[2026-06-23 17:02:04] [INFO] Airtable GET {"url":"https://api.airtable.com/v0/appaugs4hsh3iObQG/tblrGsVbuPfuiYOtd"}
[2026-06-23 17:02:07] [INFO] Airtable réponse {"http_code":200,"records":5,"error":null,"raw_preview":"{\"records\":[{\"id\":\"recCWyXh0NLw7zBfB\",\"createdTime\":\"2026-05-21T08:59:51.000Z\",\"fields\":{\"GoogleCalendarId\":\"a4f7a1684f155203185ea0459877db39f3df2778c6c563d3bdf0241fa90d7dd8@group.calendar.google.com\",\"Color\":\"#4f46e5\",\"MeetingTypes\":[\"rec45V8lwzABhzxnj\",\"reccrUdSb62CwjgdQ\",\"rec6UyAv7rbmTvmHo\"],\"WorkEnd\":18,\"Active\":true,\"WorkDays\":[\"0\",\"1\",\"2\",\"3\",\"4\",\"5\",\"6\"],\"WorkStart\":9,\"Email\":\"camillefauvea"}
[2026-06-23 17:02:07] [DEBUG] Champs premier agent brut {"fields":{"GoogleCalendarId":"a4f7a1684f155203185ea0459877db39f3df2778c6c563d3bdf0241fa90d7dd8@group.calendar.google.com","Color":"#4f46e5","MeetingTypes":["rec45V8lwzABhzxnj","reccrUdSb62CwjgdQ","rec6UyAv7rbmTvmHo"],"WorkEnd":18,"Active":true,"WorkDays":["0","1","2","3","4","5","6"],"WorkStart":9,"Email":"camillefauveau.service@gmail.com","Name":"Camille Fauveau","Role":"Ventes & Partenariats","AgentId":"camille"}}
[2026-06-23 17:02:07] [INFO] Agents filtrés {"brut":5,"actifs":3}
[2026-06-23 17:02:07] [INFO] Airtable GET {"url":"https://api.airtable.com/v0/appaugs4hsh3iObQG/tblKwoh1rbbOReA4e"}
[2026-06-23 17:02:07] [INFO] Airtable réponse {"http_code":200,"records":6,"error":null,"raw_preview":"{\"records\":[{\"id\":\"rec45V8lwzABhzxnj\",\"createdTime\":\"2026-05-21T09:00:31.000Z\",\"fields\":{\"AgentId (from AgentsIds)\":[\"camille\"],\"Order\":1,\"TypeId\":\"decouverte\",\"MinNoticeHours\":6,\"PlanningStatus\":\"Appel de découverte réservé\",\"Questions\":[\"reczBLconKqCBbM7L\",\"recICq5F6bjW3gg4Y\",\"recVI2Xroi3F7gajR\",\"recNk9Zn7CTIQzOyr\",\"receiIq9tYcTjRovz\"],\"AgentsIds\":[\"recCWyXh0NLw7zBfB\"],\"Description\":\"Premièr"}
[2026-06-23 17:02:07] [DEBUG] Champs premier type brut {"fields":{"AgentId (from AgentsIds)":["camille"],"Order":1,"TypeId":"decouverte","MinNoticeHours":6,"PlanningStatus":"Appel de découverte réservé","Questions":["reczBLconKqCBbM7L","recICq5F6bjW3gg4Y","recVI2Xroi3F7gajR","recNk9Zn7CTIQzOyr","receiIq9tYcTjRovz"],"AgentsIds":["recCWyXh0NLw7zBfB"],"Description":"Première prise de contact et analyse de vos besoins","Color":"#7c3aed","Label":"Appel Découverte GuestLucky","Icon":"💬","Duration":30}}
[2026-06-23 17:02:07] [INFO] Types filtrés {"brut":6,"actifs":4}
[2026-06-23 17:02:07] [INFO] Airtable GET {"url":"https://api.airtable.com/v0/appaugs4hsh3iObQG/tbls6HegQyAgFGWIH"}
[2026-06-23 17:02:08] [INFO] Airtable réponse {"http_code":200,"records":20,"error":null,"raw_preview":"{\"records\":[{\"id\":\"rec0H41i2V8jHzPsv\",\"createdTime\":\"2026-05-21T20:46:06.000Z\",\"fields\":{\"Question\":\"Quel outil utilisez-vous actuellement ?\",\"TypeId RecordID\":\"rec0H41i2V8jHzPsv\",\"Required\":true,\"FieldType\":\"single_choice\",\"Order\":2,\"Options\":\"SuperHote, Smoobu, Hostaway, Lodgify, Aucun, Autre\",\"MeetingTypes\":[\"reccrUdSb62CwjgdQ\"],\"TypeId\":[\"demo\"]}},{\"id\":\"rec46qcr9aIeN0kuP\",\"createdTime\":\"2026-"}
[2026-06-23 17:02:08] [INFO] Questions fetch {"count":20}
[2026-06-23 17:02:08] [INFO] Réponse finale {"agents":3,"meetingTypes":4}
[2026-06-23 17:06:55] [INFO] ───── Requête entrante ───── {"method":"GET","origin":"(none)","ip":"109.223.4.154","base_id":"appaugs4hsh3iObQG","tbl_agents":"tblrGsVbuPfuiYOtd","tbl_types":"tblKwoh1rbbOReA4e","token_hint":"patYRHbITQYMjt..."}
[2026-06-23 17:06:55] [INFO] Cache HIT
[2026-06-23 17:12:12] [INFO] ───── Requête entrante ───── {"method":"GET","origin":"(none)","ip":"109.223.4.154","base_id":"appaugs4hsh3iObQG","tbl_agents":"tblrGsVbuPfuiYOtd","tbl_types":"tblKwoh1rbbOReA4e","token_hint":"patYRHbITQYMjt..."}
[2026-06-23 17:12:12] [INFO] Cache MISS — appel Airtable
[2026-06-23 17:12:12] [INFO] Airtable GET {"url":"https://api.airtable.com/v0/appaugs4hsh3iObQG/tblrGsVbuPfuiYOtd"}
[2026-06-23 17:12:14] [INFO] Airtable réponse {"http_code":200,"records":5,"error":null,"raw_preview":"{\"records\":[{\"id\":\"recCWyXh0NLw7zBfB\",\"createdTime\":\"2026-05-21T08:59:51.000Z\",\"fields\":{\"GoogleCalendarId\":\"a4f7a1684f155203185ea0459877db39f3df2778c6c563d3bdf0241fa90d7dd8@group.calendar.google.com\",\"Color\":\"#4f46e5\",\"MeetingTypes\":[\"rec45V8lwzABhzxnj\",\"reccrUdSb62CwjgdQ\",\"rec6UyAv7rbmTvmHo\"],\"WorkEnd\":18,\"Active\":true,\"WorkDays\":[\"0\",\"1\",\"2\",\"3\",\"4\",\"5\",\"6\"],\"WorkStart\":9,\"Email\":\"camillefauvea"}
[2026-06-23 17:12:14] [DEBUG] Champs premier agent brut {"fields":{"GoogleCalendarId":"a4f7a1684f155203185ea0459877db39f3df2778c6c563d3bdf0241fa90d7dd8@group.calendar.google.com","Color":"#4f46e5","MeetingTypes":["rec45V8lwzABhzxnj","reccrUdSb62CwjgdQ","rec6UyAv7rbmTvmHo"],"WorkEnd":18,"Active":true,"WorkDays":["0","1","2","3","4","5","6"],"WorkStart":9,"Email":"camillefauveau.service@gmail.com","Name":"Camille Fauveau","Role":"Ventes & Partenariats","AgentId":"camille"}}
[2026-06-23 17:12:14] [INFO] Agents filtrés {"brut":5,"actifs":3}
[2026-06-23 17:12:14] [INFO] Airtable GET {"url":"https://api.airtable.com/v0/appaugs4hsh3iObQG/tblKwoh1rbbOReA4e"}
[2026-06-23 17:12:15] [INFO] Airtable réponse {"http_code":200,"records":6,"error":null,"raw_preview":"{\"records\":[{\"id\":\"rec45V8lwzABhzxnj\",\"createdTime\":\"2026-05-21T09:00:31.000Z\",\"fields\":{\"AgentId (from AgentsIds)\":[\"camille\"],\"Order\":1,\"TypeId\":\"decouverte\",\"MinNoticeHours\":6,\"PlanningStatus\":\"Appel de découverte réservé\",\"Questions\":[\"reczBLconKqCBbM7L\",\"recICq5F6bjW3gg4Y\",\"recVI2Xroi3F7gajR\",\"recNk9Zn7CTIQzOyr\",\"receiIq9tYcTjRovz\"],\"AgentsIds\":[\"recCWyXh0NLw7zBfB\"],\"Description\":\"Premièr"}
[2026-06-23 17:12:15] [DEBUG] Champs premier type brut {"fields":{"AgentId (from AgentsIds)":["camille"],"Order":1,"TypeId":"decouverte","MinNoticeHours":6,"PlanningStatus":"Appel de découverte réservé","Questions":["reczBLconKqCBbM7L","recICq5F6bjW3gg4Y","recVI2Xroi3F7gajR","recNk9Zn7CTIQzOyr","receiIq9tYcTjRovz"],"AgentsIds":["recCWyXh0NLw7zBfB"],"Description":"Première prise de contact et analyse de vos besoins","Color":"#7c3aed","Label":"Appel Découverte GuestLucky","Icon":"💬","Duration":30}}
[2026-06-23 17:12:15] [INFO] Types filtrés {"brut":6,"actifs":4}
[2026-06-23 17:12:15] [INFO] Airtable GET {"url":"https://api.airtable.com/v0/appaugs4hsh3iObQG/tbls6HegQyAgFGWIH"}
[2026-06-23 17:12:15] [INFO] Airtable réponse {"http_code":200,"records":20,"error":null,"raw_preview":"{\"records\":[{\"id\":\"rec0H41i2V8jHzPsv\",\"createdTime\":\"2026-05-21T20:46:06.000Z\",\"fields\":{\"Question\":\"Quel outil utilisez-vous actuellement ?\",\"TypeId RecordID\":\"rec0H41i2V8jHzPsv\",\"Required\":true,\"FieldType\":\"single_choice\",\"Order\":2,\"Options\":\"SuperHote, Smoobu, Hostaway, Lodgify, Aucun, Autre\",\"MeetingTypes\":[\"reccrUdSb62CwjgdQ\"],\"TypeId\":[\"demo\"]}},{\"id\":\"rec46qcr9aIeN0kuP\",\"createdTime\":\"2026-"}
[2026-06-23 17:12:15] [INFO] Questions fetch {"count":20}
[2026-06-23 17:12:15] [INFO] Réponse finale {"agents":3,"meetingTypes":4}
[2026-06-23 17:17:08] [INFO] ───── Requête entrante ───── {"method":"GET","origin":"(none)","ip":"109.223.4.154","base_id":"appaugs4hsh3iObQG","tbl_agents":"tblrGsVbuPfuiYOtd","tbl_types":"tblKwoh1rbbOReA4e","token_hint":"patYRHbITQYMjt..."}
[2026-06-23 17:17:08] [INFO] Cache HIT
[2026-06-23 17:20:44] [INFO] ───── Requête entrante ───── {"method":"GET","origin":"(none)","ip":"109.223.4.154","base_id":"appaugs4hsh3iObQG","tbl_agents":"tblrGsVbuPfuiYOtd","tbl_types":"tblKwoh1rbbOReA4e","token_hint":"patYRHbITQYMjt..."}
[2026-06-23 17:20:44] [INFO] Cache MISS — appel Airtable
[2026-06-23 17:20:44] [INFO] Airtable GET {"url":"https://api.airtable.com/v0/appaugs4hsh3iObQG/tblrGsVbuPfuiYOtd"}
[2026-06-23 17:20:45] [INFO] Airtable réponse {"http_code":200,"records":5,"error":null,"raw_preview":"{\"records\":[{\"id\":\"recCWyXh0NLw7zBfB\",\"createdTime\":\"2026-05-21T08:59:51.000Z\",\"fields\":{\"GoogleCalendarId\":\"a4f7a1684f155203185ea0459877db39f3df2778c6c563d3bdf0241fa90d7dd8@group.calendar.google.com\",\"Color\":\"#4f46e5\",\"MeetingTypes\":[\"rec45V8lwzABhzxnj\",\"reccrUdSb62CwjgdQ\",\"rec6UyAv7rbmTvmHo\"],\"WorkEnd\":18,\"Active\":true,\"WorkDays\":[\"0\",\"1\",\"2\",\"3\",\"4\",\"5\",\"6\"],\"WorkStart\":9,\"Email\":\"camillefauvea"}
[2026-06-23 17:20:45] [DEBUG] Champs premier agent brut {"fields":{"GoogleCalendarId":"a4f7a1684f155203185ea0459877db39f3df2778c6c563d3bdf0241fa90d7dd8@group.calendar.google.com","Color":"#4f46e5","MeetingTypes":["rec45V8lwzABhzxnj","reccrUdSb62CwjgdQ","rec6UyAv7rbmTvmHo"],"WorkEnd":18,"Active":true,"WorkDays":["0","1","2","3","4","5","6"],"WorkStart":9,"Email":"camillefauveau.service@gmail.com","Name":"Camille Fauveau","Role":"Ventes & Partenariats","AgentId":"camille"}}
[2026-06-23 17:20:45] [INFO] Agents filtrés {"brut":5,"actifs":3}
[2026-06-23 17:20:45] [INFO] Airtable GET {"url":"https://api.airtable.com/v0/appaugs4hsh3iObQG/tblKwoh1rbbOReA4e"}
[2026-06-23 17:20:45] [INFO] Airtable réponse {"http_code":200,"records":6,"error":null,"raw_preview":"{\"records\":[{\"id\":\"rec45V8lwzABhzxnj\",\"createdTime\":\"2026-05-21T09:00:31.000Z\",\"fields\":{\"AgentId (from AgentsIds)\":[\"camille\"],\"Order\":1,\"TypeId\":\"decouverte\",\"MinNoticeHours\":6,\"PlanningStatus\":\"Appel de découverte réservé\",\"Questions\":[\"reczBLconKqCBbM7L\",\"recICq5F6bjW3gg4Y\",\"recVI2Xroi3F7gajR\",\"recNk9Zn7CTIQzOyr\",\"receiIq9tYcTjRovz\"],\"AgentsIds\":[\"recCWyXh0NLw7zBfB\"],\"Description\":\"Premièr"}
[2026-06-23 17:20:45] [DEBUG] Champs premier type brut {"fields":{"AgentId (from AgentsIds)":["camille"],"Order":1,"TypeId":"decouverte","MinNoticeHours":6,"PlanningStatus":"Appel de découverte réservé","Questions":["reczBLconKqCBbM7L","recICq5F6bjW3gg4Y","recVI2Xroi3F7gajR","recNk9Zn7CTIQzOyr","receiIq9tYcTjRovz"],"AgentsIds":["recCWyXh0NLw7zBfB"],"Description":"Première prise de contact et analyse de vos besoins","Color":"#7c3aed","Label":"Appel Découverte GuestLucky","Icon":"💬","Duration":30}}
[2026-06-23 17:20:45] [INFO] Types filtrés {"brut":6,"actifs":4}
[2026-06-23 17:20:45] [INFO] Airtable GET {"url":"https://api.airtable.com/v0/appaugs4hsh3iObQG/tbls6HegQyAgFGWIH"}
[2026-06-23 17:20:46] [INFO] Airtable réponse {"http_code":200,"records":20,"error":null,"raw_preview":"{\"records\":[{\"id\":\"rec0H41i2V8jHzPsv\",\"createdTime\":\"2026-05-21T20:46:06.000Z\",\"fields\":{\"Question\":\"Quel outil utilisez-vous actuellement ?\",\"TypeId RecordID\":\"rec0H41i2V8jHzPsv\",\"Required\":true,\"FieldType\":\"single_choice\",\"Order\":2,\"Options\":\"SuperHote, Smoobu, Hostaway, Lodgify, Aucun, Autre\",\"MeetingTypes\":[\"reccrUdSb62CwjgdQ\"],\"TypeId\":[\"demo\"]}},{\"id\":\"rec46qcr9aIeN0kuP\",\"createdTime\":\"2026-"}
[2026-06-23 17:20:46] [INFO] Questions fetch {"count":20}
[2026-06-23 17:20:46] [INFO] Réponse finale {"agents":3,"meetingTypes":4}
[2026-06-23 17:22:28] [INFO] ───── Requête entrante ───── {"method":"GET","origin":"(none)","ip":"109.223.4.154","base_id":"appaugs4hsh3iObQG","tbl_agents":"tblrGsVbuPfuiYOtd","tbl_types":"tblKwoh1rbbOReA4e","token_hint":"patYRHbITQYMjt..."}
[2026-06-23 17:22:28] [INFO] Cache HIT
[2026-06-23 17:23:40] [INFO] ───── Requête entrante ───── {"method":"GET","origin":"(none)","ip":"109.223.4.154","base_id":"appaugs4hsh3iObQG","tbl_agents":"tblrGsVbuPfuiYOtd","tbl_types":"tblKwoh1rbbOReA4e","token_hint":"patYRHbITQYMjt..."}
[2026-06-23 17:23:40] [INFO] Cache HIT
[2026-06-23 17:26:54] [INFO] ───── Requête entrante ───── {"method":"GET","origin":"(none)","ip":"109.223.4.154","base_id":"appaugs4hsh3iObQG","tbl_agents":"tblrGsVbuPfuiYOtd","tbl_types":"tblKwoh1rbbOReA4e","token_hint":"patYRHbITQYMjt..."}
[2026-06-23 17:26:54] [INFO] Cache MISS — appel Airtable
[2026-06-23 17:26:54] [INFO] Airtable GET {"url":"https://api.airtable.com/v0/appaugs4hsh3iObQG/tblrGsVbuPfuiYOtd"}
[2026-06-23 17:26:55] [INFO] Airtable réponse {"http_code":200,"records":5,"error":null,"raw_preview":"{\"records\":[{\"id\":\"recCWyXh0NLw7zBfB\",\"createdTime\":\"2026-05-21T08:59:51.000Z\",\"fields\":{\"GoogleCalendarId\":\"a4f7a1684f155203185ea0459877db39f3df2778c6c563d3bdf0241fa90d7dd8@group.calendar.google.com\",\"Color\":\"#4f46e5\",\"MeetingTypes\":[\"rec45V8lwzABhzxnj\",\"reccrUdSb62CwjgdQ\",\"rec6UyAv7rbmTvmHo\"],\"WorkEnd\":18,\"Active\":true,\"WorkDays\":[\"0\",\"1\",\"2\",\"3\",\"4\",\"5\",\"6\"],\"WorkStart\":9,\"Email\":\"camillefauvea"}
[2026-06-23 17:26:55] [DEBUG] Champs premier agent brut {"fields":{"GoogleCalendarId":"a4f7a1684f155203185ea0459877db39f3df2778c6c563d3bdf0241fa90d7dd8@group.calendar.google.com","Color":"#4f46e5","MeetingTypes":["rec45V8lwzABhzxnj","reccrUdSb62CwjgdQ","rec6UyAv7rbmTvmHo"],"WorkEnd":18,"Active":true,"WorkDays":["0","1","2","3","4","5","6"],"WorkStart":9,"Email":"camillefauveau.service@gmail.com","Name":"Camille Fauveau","Role":"Ventes & Partenariats","AgentId":"camille"}}
[2026-06-23 17:26:55] [INFO] Agents filtrés {"brut":5,"actifs":3}
[2026-06-23 17:26:55] [INFO] Airtable GET {"url":"https://api.airtable.com/v0/appaugs4hsh3iObQG/tblKwoh1rbbOReA4e"}
[2026-06-23 17:26:55] [INFO] Airtable réponse {"http_code":200,"records":6,"error":null,"raw_preview":"{\"records\":[{\"id\":\"rec45V8lwzABhzxnj\",\"createdTime\":\"2026-05-21T09:00:31.000Z\",\"fields\":{\"AgentId (from AgentsIds)\":[\"camille\"],\"Order\":1,\"TypeId\":\"decouverte\",\"MinNoticeHours\":6,\"PlanningStatus\":\"Appel de découverte réservé\",\"Questions\":[\"reczBLconKqCBbM7L\",\"recICq5F6bjW3gg4Y\",\"recVI2Xroi3F7gajR\",\"recNk9Zn7CTIQzOyr\",\"receiIq9tYcTjRovz\"],\"AgentsIds\":[\"recCWyXh0NLw7zBfB\"],\"Description\":\"Premièr"}
[2026-06-23 17:26:55] [DEBUG] Champs premier type brut {"fields":{"AgentId (from AgentsIds)":["camille"],"Order":1,"TypeId":"decouverte","MinNoticeHours":6,"PlanningStatus":"Appel de découverte réservé","Questions":["reczBLconKqCBbM7L","recICq5F6bjW3gg4Y","recVI2Xroi3F7gajR","recNk9Zn7CTIQzOyr","receiIq9tYcTjRovz"],"AgentsIds":["recCWyXh0NLw7zBfB"],"Description":"Première prise de contact et analyse de vos besoins","Color":"#7c3aed","Label":"Appel Découverte GuestLucky","Icon":"💬","Duration":30}}
[2026-06-23 17:26:55] [INFO] Types filtrés {"brut":6,"actifs":4}
[2026-06-23 17:26:55] [INFO] Airtable GET {"url":"https://api.airtable.com/v0/appaugs4hsh3iObQG/tbls6HegQyAgFGWIH"}
[2026-06-23 17:26:56] [INFO] Airtable réponse {"http_code":200,"records":20,"error":null,"raw_preview":"{\"records\":[{\"id\":\"rec0H41i2V8jHzPsv\",\"createdTime\":\"2026-05-21T20:46:06.000Z\",\"fields\":{\"Question\":\"Quel outil utilisez-vous actuellement ?\",\"TypeId RecordID\":\"rec0H41i2V8jHzPsv\",\"Required\":true,\"FieldType\":\"single_choice\",\"Order\":2,\"Options\":\"SuperHote, Smoobu, Hostaway, Lodgify, Aucun, Autre\",\"MeetingTypes\":[\"reccrUdSb62CwjgdQ\"],\"TypeId\":[\"demo\"]}},{\"id\":\"rec46qcr9aIeN0kuP\",\"createdTime\":\"2026-"}
[2026-06-23 17:26:56] [INFO] Questions fetch {"count":20}
[2026-06-23 17:26:56] [INFO] Réponse finale {"agents":3,"meetingTypes":4}
[2026-06-23 17:28:24] [INFO] ───── Requête entrante ───── {"method":"GET","origin":"(none)","ip":"109.223.4.154","base_id":"appaugs4hsh3iObQG","tbl_agents":"tblrGsVbuPfuiYOtd","tbl_types":"tblKwoh1rbbOReA4e","token_hint":"patYRHbITQYMjt..."}
[2026-06-23 17:28:24] [INFO] Cache HIT
[2026-06-23 17:28:48] [INFO] ───── Requête entrante ───── {"method":"GET","origin":"(none)","ip":"109.223.4.154","base_id":"appaugs4hsh3iObQG","tbl_agents":"tblrGsVbuPfuiYOtd","tbl_types":"tblKwoh1rbbOReA4e","token_hint":"patYRHbITQYMjt..."}
[2026-06-23 17:28:48] [INFO] Cache HIT
[2026-06-23 17:52:32] [INFO] ───── Requête entrante ───── {"method":"GET","origin":"(none)","ip":"89.93.118.200","base_id":"appaugs4hsh3iObQG","tbl_agents":"tblrGsVbuPfuiYOtd","tbl_types":"tblKwoh1rbbOReA4e","token_hint":"patYRHbITQYMjt..."}
[2026-06-23 17:52:32] [INFO] Cache MISS — appel Airtable
[2026-06-23 17:52:32] [INFO] Airtable GET {"url":"https://api.airtable.com/v0/appaugs4hsh3iObQG/tblrGsVbuPfuiYOtd"}
[2026-06-23 17:52:34] [INFO] Airtable réponse {"http_code":200,"records":5,"error":null,"raw_preview":"{\"records\":[{\"id\":\"recCWyXh0NLw7zBfB\",\"createdTime\":\"2026-05-21T08:59:51.000Z\",\"fields\":{\"GoogleCalendarId\":\"a4f7a1684f155203185ea0459877db39f3df2778c6c563d3bdf0241fa90d7dd8@group.calendar.google.com\",\"Color\":\"#4f46e5\",\"MeetingTypes\":[\"rec45V8lwzABhzxnj\",\"reccrUdSb62CwjgdQ\",\"rec6UyAv7rbmTvmHo\"],\"WorkEnd\":18,\"Active\":true,\"WorkDays\":[\"0\",\"1\",\"2\",\"3\",\"4\",\"5\",\"6\"],\"WorkStart\":9,\"Email\":\"camillefauvea"}
[2026-06-23 17:52:34] [DEBUG] Champs premier agent brut {"fields":{"GoogleCalendarId":"a4f7a1684f155203185ea0459877db39f3df2778c6c563d3bdf0241fa90d7dd8@group.calendar.google.com","Color":"#4f46e5","MeetingTypes":["rec45V8lwzABhzxnj","reccrUdSb62CwjgdQ","rec6UyAv7rbmTvmHo"],"WorkEnd":18,"Active":true,"WorkDays":["0","1","2","3","4","5","6"],"WorkStart":9,"Email":"camillefauveau.service@gmail.com","Name":"Camille Fauveau","Role":"Ventes & Partenariats","AgentId":"camille"}}
[2026-06-23 17:52:34] [INFO] Agents filtrés {"brut":5,"actifs":3}
[2026-06-23 17:52:34] [INFO] Airtable GET {"url":"https://api.airtable.com/v0/appaugs4hsh3iObQG/tblKwoh1rbbOReA4e"}
[2026-06-23 17:52:35] [INFO] Airtable réponse {"http_code":200,"records":6,"error":null,"raw_preview":"{\"records\":[{\"id\":\"rec45V8lwzABhzxnj\",\"createdTime\":\"2026-05-21T09:00:31.000Z\",\"fields\":{\"AgentId (from AgentsIds)\":[\"camille\"],\"Order\":1,\"TypeId\":\"decouverte\",\"MinNoticeHours\":6,\"PlanningStatus\":\"Appel de découverte réservé\",\"Questions\":[\"reczBLconKqCBbM7L\",\"recICq5F6bjW3gg4Y\",\"recVI2Xroi3F7gajR\",\"recNk9Zn7CTIQzOyr\",\"receiIq9tYcTjRovz\"],\"AgentsIds\":[\"recCWyXh0NLw7zBfB\"],\"Description\":\"Premièr"}
[2026-06-23 17:52:35] [DEBUG] Champs premier type brut {"fields":{"AgentId (from AgentsIds)":["camille"],"Order":1,"TypeId":"decouverte","MinNoticeHours":6,"PlanningStatus":"Appel de découverte réservé","Questions":["reczBLconKqCBbM7L","recICq5F6bjW3gg4Y","recVI2Xroi3F7gajR","recNk9Zn7CTIQzOyr","receiIq9tYcTjRovz"],"AgentsIds":["recCWyXh0NLw7zBfB"],"Description":"Première prise de contact et analyse de vos besoins","Color":"#7c3aed","Label":"Appel Découverte GuestLucky","Icon":"💬","Duration":30}}
[2026-06-23 17:52:35] [INFO] Types filtrés {"brut":6,"actifs":4}
[2026-06-23 17:52:35] [INFO] Airtable GET {"url":"https://api.airtable.com/v0/appaugs4hsh3iObQG/tbls6HegQyAgFGWIH"}
[2026-06-23 17:52:35] [INFO] Airtable réponse {"http_code":200,"records":20,"error":null,"raw_preview":"{\"records\":[{\"id\":\"rec0H41i2V8jHzPsv\",\"createdTime\":\"2026-05-21T20:46:06.000Z\",\"fields\":{\"Question\":\"Quel outil utilisez-vous actuellement ?\",\"TypeId RecordID\":\"rec0H41i2V8jHzPsv\",\"Required\":true,\"FieldType\":\"single_choice\",\"Order\":2,\"Options\":\"SuperHote, Smoobu, Hostaway, Lodgify, Aucun, Autre\",\"MeetingTypes\":[\"reccrUdSb62CwjgdQ\"],\"TypeId\":[\"demo\"]}},{\"id\":\"rec46qcr9aIeN0kuP\",\"createdTime\":\"2026-"}
[2026-06-23 17:52:35] [INFO] Questions fetch {"count":20}
[2026-06-23 17:52:35] [INFO] Réponse finale {"agents":3,"meetingTypes":4}
[2026-06-23 19:04:51] [INFO] ───── Requête entrante ───── {"method":"GET","origin":"(none)","ip":"94.101.115.151","base_id":"appaugs4hsh3iObQG","tbl_agents":"tblrGsVbuPfuiYOtd","tbl_types":"tblKwoh1rbbOReA4e","token_hint":"patYRHbITQYMjt..."}
[2026-06-23 19:04:51] [INFO] Cache MISS — appel Airtable
[2026-06-23 19:04:51] [INFO] Airtable GET {"url":"https://api.airtable.com/v0/appaugs4hsh3iObQG/tblrGsVbuPfuiYOtd"}
[2026-06-23 19:04:54] [INFO] Airtable réponse {"http_code":200,"records":5,"error":null,"raw_preview":"{\"records\":[{\"id\":\"recCWyXh0NLw7zBfB\",\"createdTime\":\"2026-05-21T08:59:51.000Z\",\"fields\":{\"GoogleCalendarId\":\"a4f7a1684f155203185ea0459877db39f3df2778c6c563d3bdf0241fa90d7dd8@group.calendar.google.com\",\"Color\":\"#4f46e5\",\"MeetingTypes\":[\"rec45V8lwzABhzxnj\",\"reccrUdSb62CwjgdQ\",\"rec6UyAv7rbmTvmHo\"],\"WorkEnd\":18,\"Active\":true,\"WorkDays\":[\"0\",\"1\",\"2\",\"3\",\"4\",\"5\",\"6\"],\"WorkStart\":9,\"Email\":\"camillefauvea"}
[2026-06-23 19:04:54] [DEBUG] Champs premier agent brut {"fields":{"GoogleCalendarId":"a4f7a1684f155203185ea0459877db39f3df2778c6c563d3bdf0241fa90d7dd8@group.calendar.google.com","Color":"#4f46e5","MeetingTypes":["rec45V8lwzABhzxnj","reccrUdSb62CwjgdQ","rec6UyAv7rbmTvmHo"],"WorkEnd":18,"Active":true,"WorkDays":["0","1","2","3","4","5","6"],"WorkStart":9,"Email":"camillefauveau.service@gmail.com","Name":"Camille Fauveau","Role":"Ventes & Partenariats","AgentId":"camille"}}
[2026-06-23 19:04:54] [INFO] Agents filtrés {"brut":5,"actifs":3}
[2026-06-23 19:04:54] [INFO] Airtable GET {"url":"https://api.airtable.com/v0/appaugs4hsh3iObQG/tblKwoh1rbbOReA4e"}
[2026-06-23 19:04:54] [INFO] Airtable réponse {"http_code":200,"records":6,"error":null,"raw_preview":"{\"records\":[{\"id\":\"rec45V8lwzABhzxnj\",\"createdTime\":\"2026-05-21T09:00:31.000Z\",\"fields\":{\"AgentId (from AgentsIds)\":[\"camille\"],\"Order\":1,\"TypeId\":\"decouverte\",\"MinNoticeHours\":6,\"PlanningStatus\":\"Appel de découverte réservé\",\"Questions\":[\"reczBLconKqCBbM7L\",\"recICq5F6bjW3gg4Y\",\"recVI2Xroi3F7gajR\",\"recNk9Zn7CTIQzOyr\",\"receiIq9tYcTjRovz\"],\"AgentsIds\":[\"recCWyXh0NLw7zBfB\"],\"Description\":\"Premièr"}
[2026-06-23 19:04:54] [DEBUG] Champs premier type brut {"fields":{"AgentId (from AgentsIds)":["camille"],"Order":1,"TypeId":"decouverte","MinNoticeHours":6,"PlanningStatus":"Appel de découverte réservé","Questions":["reczBLconKqCBbM7L","recICq5F6bjW3gg4Y","recVI2Xroi3F7gajR","recNk9Zn7CTIQzOyr","receiIq9tYcTjRovz"],"AgentsIds":["recCWyXh0NLw7zBfB"],"Description":"Première prise de contact et analyse de vos besoins","Color":"#7c3aed","Label":"Appel Découverte GuestLucky","Icon":"💬","Duration":30}}
[2026-06-23 19:04:54] [INFO] Types filtrés {"brut":6,"actifs":4}
[2026-06-23 19:04:54] [INFO] Airtable GET {"url":"https://api.airtable.com/v0/appaugs4hsh3iObQG/tbls6HegQyAgFGWIH"}
[2026-06-23 19:04:55] [INFO] Airtable réponse {"http_code":200,"records":20,"error":null,"raw_preview":"{\"records\":[{\"id\":\"rec0H41i2V8jHzPsv\",\"createdTime\":\"2026-05-21T20:46:06.000Z\",\"fields\":{\"Question\":\"Quel outil utilisez-vous actuellement ?\",\"TypeId RecordID\":\"rec0H41i2V8jHzPsv\",\"Required\":true,\"FieldType\":\"single_choice\",\"Order\":2,\"Options\":\"SuperHote, Smoobu, Hostaway, Lodgify, Aucun, Autre\",\"MeetingTypes\":[\"reccrUdSb62CwjgdQ\"],\"TypeId\":[\"demo\"]}},{\"id\":\"rec46qcr9aIeN0kuP\",\"createdTime\":\"2026-"}
[2026-06-23 19:04:55] [INFO] Questions fetch {"count":20}
[2026-06-23 19:04:55] [INFO] Réponse finale {"agents":3,"meetingTypes":4}
[2026-06-24 08:53:22] [INFO] ───── Requête entrante ───── {"method":"GET","origin":"(none)","ip":"94.101.115.151","base_id":"appaugs4hsh3iObQG","tbl_agents":"tblrGsVbuPfuiYOtd","tbl_types":"tblKwoh1rbbOReA4e","token_hint":"patYRHbITQYMjt..."}
[2026-06-24 08:53:22] [INFO] Cache MISS — appel Airtable
[2026-06-24 08:53:22] [INFO] Airtable GET {"url":"https://api.airtable.com/v0/appaugs4hsh3iObQG/tblrGsVbuPfuiYOtd"}
[2026-06-24 08:53:24] [INFO] Airtable réponse {"http_code":200,"records":5,"error":null,"raw_preview":"{\"records\":[{\"id\":\"recCWyXh0NLw7zBfB\",\"createdTime\":\"2026-05-21T08:59:51.000Z\",\"fields\":{\"GoogleCalendarId\":\"a4f7a1684f155203185ea0459877db39f3df2778c6c563d3bdf0241fa90d7dd8@group.calendar.google.com\",\"Color\":\"#4f46e5\",\"MeetingTypes\":[\"rec45V8lwzABhzxnj\",\"reccrUdSb62CwjgdQ\",\"rec6UyAv7rbmTvmHo\"],\"WorkEnd\":18,\"Active\":true,\"WorkDays\":[\"0\",\"1\",\"2\",\"3\",\"4\",\"5\",\"6\"],\"WorkStart\":9,\"Email\":\"camillefauvea"}
[2026-06-24 08:53:24] [DEBUG] Champs premier agent brut {"fields":{"GoogleCalendarId":"a4f7a1684f155203185ea0459877db39f3df2778c6c563d3bdf0241fa90d7dd8@group.calendar.google.com","Color":"#4f46e5","MeetingTypes":["rec45V8lwzABhzxnj","reccrUdSb62CwjgdQ","rec6UyAv7rbmTvmHo"],"WorkEnd":18,"Active":true,"WorkDays":["0","1","2","3","4","5","6"],"WorkStart":9,"Email":"camillefauveau.service@gmail.com","Name":"Camille Fauveau","Role":"Ventes & Partenariats","AgentId":"camille"}}
[2026-06-24 08:53:24] [INFO] Agents filtrés {"brut":5,"actifs":3}
[2026-06-24 08:53:24] [INFO] Airtable GET {"url":"https://api.airtable.com/v0/appaugs4hsh3iObQG/tblKwoh1rbbOReA4e"}
[2026-06-24 08:53:25] [INFO] Airtable réponse {"http_code":200,"records":6,"error":null,"raw_preview":"{\"records\":[{\"id\":\"rec45V8lwzABhzxnj\",\"createdTime\":\"2026-05-21T09:00:31.000Z\",\"fields\":{\"AgentId (from AgentsIds)\":[\"camille\"],\"Order\":1,\"TypeId\":\"decouverte\",\"MinNoticeHours\":6,\"PlanningStatus\":\"Appel de découverte réservé\",\"Questions\":[\"reczBLconKqCBbM7L\",\"recICq5F6bjW3gg4Y\",\"recVI2Xroi3F7gajR\",\"recNk9Zn7CTIQzOyr\",\"receiIq9tYcTjRovz\"],\"AgentsIds\":[\"recCWyXh0NLw7zBfB\"],\"Description\":\"Premièr"}
[2026-06-24 08:53:25] [DEBUG] Champs premier type brut {"fields":{"AgentId (from AgentsIds)":["camille"],"Order":1,"TypeId":"decouverte","MinNoticeHours":6,"PlanningStatus":"Appel de découverte réservé","Questions":["reczBLconKqCBbM7L","recICq5F6bjW3gg4Y","recVI2Xroi3F7gajR","recNk9Zn7CTIQzOyr","receiIq9tYcTjRovz"],"AgentsIds":["recCWyXh0NLw7zBfB"],"Description":"Première prise de contact et analyse de vos besoins","Color":"#7c3aed","Label":"Appel Découverte GuestLucky","Icon":"💬","Duration":30}}
[2026-06-24 08:53:25] [INFO] Types filtrés {"brut":6,"actifs":4}
[2026-06-24 08:53:25] [INFO] Airtable GET {"url":"https://api.airtable.com/v0/appaugs4hsh3iObQG/tbls6HegQyAgFGWIH"}
[2026-06-24 08:53:25] [INFO] Airtable réponse {"http_code":200,"records":20,"error":null,"raw_preview":"{\"records\":[{\"id\":\"rec0H41i2V8jHzPsv\",\"createdTime\":\"2026-05-21T20:46:06.000Z\",\"fields\":{\"Question\":\"Quel outil utilisez-vous actuellement ?\",\"TypeId RecordID\":\"rec0H41i2V8jHzPsv\",\"Required\":true,\"FieldType\":\"single_choice\",\"Order\":2,\"Options\":\"SuperHote, Smoobu, Hostaway, Lodgify, Aucun, Autre\",\"MeetingTypes\":[\"reccrUdSb62CwjgdQ\"],\"TypeId\":[\"demo\"]}},{\"id\":\"rec46qcr9aIeN0kuP\",\"createdTime\":\"2026-"}
[2026-06-24 08:53:25] [INFO] Questions fetch {"count":20}
[2026-06-24 08:53:25] [INFO] Réponse finale {"agents":3,"meetingTypes":4}
[2026-06-24 09:50:14] [INFO] ───── Requête entrante ───── {"method":"GET","origin":"(none)","ip":"94.109.155.230","base_id":"appaugs4hsh3iObQG","tbl_agents":"tblrGsVbuPfuiYOtd","tbl_types":"tblKwoh1rbbOReA4e","token_hint":"patYRHbITQYMjt..."}
[2026-06-24 09:50:14] [INFO] Cache MISS — appel Airtable
[2026-06-24 09:50:14] [INFO] Airtable GET {"url":"https://api.airtable.com/v0/appaugs4hsh3iObQG/tblrGsVbuPfuiYOtd"}
[2026-06-24 09:50:17] [INFO] Airtable réponse {"http_code":200,"records":5,"error":null,"raw_preview":"{\"records\":[{\"id\":\"recCWyXh0NLw7zBfB\",\"createdTime\":\"2026-05-21T08:59:51.000Z\",\"fields\":{\"GoogleCalendarId\":\"a4f7a1684f155203185ea0459877db39f3df2778c6c563d3bdf0241fa90d7dd8@group.calendar.google.com\",\"Color\":\"#4f46e5\",\"MeetingTypes\":[\"rec45V8lwzABhzxnj\",\"reccrUdSb62CwjgdQ\",\"rec6UyAv7rbmTvmHo\"],\"WorkEnd\":18,\"Active\":true,\"WorkDays\":[\"0\",\"1\",\"2\",\"3\",\"4\",\"5\",\"6\"],\"WorkStart\":9,\"Email\":\"camillefauvea"}
[2026-06-24 09:50:17] [DEBUG] Champs premier agent brut {"fields":{"GoogleCalendarId":"a4f7a1684f155203185ea0459877db39f3df2778c6c563d3bdf0241fa90d7dd8@group.calendar.google.com","Color":"#4f46e5","MeetingTypes":["rec45V8lwzABhzxnj","reccrUdSb62CwjgdQ","rec6UyAv7rbmTvmHo"],"WorkEnd":18,"Active":true,"WorkDays":["0","1","2","3","4","5","6"],"WorkStart":9,"Email":"camillefauveau.service@gmail.com","Name":"Camille Fauveau","Role":"Ventes & Partenariats","AgentId":"camille"}}
[2026-06-24 09:50:17] [INFO] Agents filtrés {"brut":5,"actifs":3}
[2026-06-24 09:50:17] [INFO] Airtable GET {"url":"https://api.airtable.com/v0/appaugs4hsh3iObQG/tblKwoh1rbbOReA4e"}
[2026-06-24 09:50:17] [INFO] Airtable réponse {"http_code":200,"records":6,"error":null,"raw_preview":"{\"records\":[{\"id\":\"rec45V8lwzABhzxnj\",\"createdTime\":\"2026-05-21T09:00:31.000Z\",\"fields\":{\"AgentId (from AgentsIds)\":[\"camille\"],\"Order\":1,\"TypeId\":\"decouverte\",\"MinNoticeHours\":6,\"PlanningStatus\":\"Appel de découverte réservé\",\"Questions\":[\"reczBLconKqCBbM7L\",\"recICq5F6bjW3gg4Y\",\"recVI2Xroi3F7gajR\",\"recNk9Zn7CTIQzOyr\",\"receiIq9tYcTjRovz\"],\"AgentsIds\":[\"recCWyXh0NLw7zBfB\"],\"Description\":\"Premièr"}
[2026-06-24 09:50:17] [DEBUG] Champs premier type brut {"fields":{"AgentId (from AgentsIds)":["camille"],"Order":1,"TypeId":"decouverte","MinNoticeHours":6,"PlanningStatus":"Appel de découverte réservé","Questions":["reczBLconKqCBbM7L","recICq5F6bjW3gg4Y","recVI2Xroi3F7gajR","recNk9Zn7CTIQzOyr","receiIq9tYcTjRovz"],"AgentsIds":["recCWyXh0NLw7zBfB"],"Description":"Première prise de contact et analyse de vos besoins","Color":"#7c3aed","Label":"Appel Découverte GuestLucky","Icon":"💬","Duration":30}}
[2026-06-24 09:50:17] [INFO] Types filtrés {"brut":6,"actifs":4}
[2026-06-24 09:50:17] [INFO] Airtable GET {"url":"https://api.airtable.com/v0/appaugs4hsh3iObQG/tbls6HegQyAgFGWIH"}
[2026-06-24 09:50:18] [INFO] Airtable réponse {"http_code":200,"records":20,"error":null,"raw_preview":"{\"records\":[{\"id\":\"rec0H41i2V8jHzPsv\",\"createdTime\":\"2026-05-21T20:46:06.000Z\",\"fields\":{\"Question\":\"Quel outil utilisez-vous actuellement ?\",\"TypeId RecordID\":\"rec0H41i2V8jHzPsv\",\"Required\":true,\"FieldType\":\"single_choice\",\"Order\":2,\"Options\":\"SuperHote, Smoobu, Hostaway, Lodgify, Aucun, Autre\",\"MeetingTypes\":[\"reccrUdSb62CwjgdQ\"],\"TypeId\":[\"demo\"]}},{\"id\":\"rec46qcr9aIeN0kuP\",\"createdTime\":\"2026-"}
[2026-06-24 09:50:18] [INFO] Questions fetch {"count":20}
[2026-06-24 09:50:18] [INFO] Réponse finale {"agents":3,"meetingTypes":4}
